"Status","Start Time","Stop Time","Duration in ms","Parent Suite","Suite","Sub Suite","Test Class","Test Method","Name","Description"
"passed","Sat May 09 00:15:41 CDT 2026","Sat May 09 00:15:50 CDT 2026","9402","ts-travel-plan-service","Flow_Scenario_276 | POST /api/v1/travelplanservice/travelPlan/cheapest","[Fault: POST__api_v1_travelplanservice_travelPlan_cheapest] SPECIAL_CHARACTERS (v140)","trainticket_twostage_test.TrainTicketTwoStageTest_1778271990929.Flow_Scenario_276","test_negative_flow_S276_v140_fault_Root1_SPECIAL_CHARACTERS","test_negative_flow_S276_v140_fault_Root1_SPECIAL_CHARACTERS","Microservice test scenario with 1 steps."
"failed","Fri May 08 23:56:38 CDT 2026","Fri May 08 23:56:49 CDT 2026","11783","ts-travel-plan-service","Flow_Scenario_276 | POST /api/v1/travelplanservice/travelPlan/cheapest","[Valid] v7","trainticket_twostage_test.TrainTicketTwoStageTest_1778271990929.Flow_Scenario_276","test_positive_flow_S276_v7","test_positive_flow_S276_v7","Microservice test scenario with 1 steps."
"passed","Fri May 08 23:58:41 CDT 2026","Fri May 08 23:58:51 CDT 2026","9334","ts-travel-plan-service","Flow_Scenario_276 | POST /api/v1/travelplanservice/travelPlan/cheapest","[Fault: POST__api_v1_travelplanservice_travelPlan_cheapest] SPECIAL_CHARACTERS (v117)","trainticket_twostage_test.TrainTicketTwoStageTest_1778271990929.Flow_Scenario_276","test_negative_flow_S276_v117_fault_Root1_SPECIAL_CHARACTERS","test_negative_flow_S276_v117_fault_Root1_SPECIAL_CHARACTERS","Microservice test scenario with 1 steps."
"passed","Sat May 09 00:56:19 CDT 2026","Sat May 09 00:56:31 CDT 2026","12342","ts-execute-service","Flow_Scenario_420 | GET /api/v1/executeservice/execute/execute/{orderId}","[Fault: GET__api_v1_executeservice_execute_execute__orderId_] SPECIAL_CHARACTERS (v71)","trainticket_twostage_test.TrainTicketTwoStageTest_1778271990929.Flow_Scenario_420","test_negative_flow_S420_v71_fault_Root1_SPECIAL_CHARACTERS","test_negative_flow_S420_v71_fault_Root1_SPECIAL_CHARACTERS","Microservice test scenario with 1 steps."
"passed","Sat May 09 01:39:48 CDT 2026","Sat May 09 01:40:01 CDT 2026","13074","ts-admin-basic-info-service","Flow_Scenario_3 | POST /api/v1/adminbasicservice/adminbasic/trains","[Fault: POST__api_v1_adminbasicservice_adminbasic_trains] OVERFLOW (v111)","trainticket_twostage_test.TrainTicketTwoStageTest_1778271990929.Flow_Scenario_3","test_negative_flow_S3_v111_fault_Root1_OVERFLOW","test_negative_flow_S3_v111_fault_Root1_OVERFLOW","Microservice test scenario with 1 steps."
"failed","Sat May 09 00:24:09 CDT 2026","Sat May 09 00:24:22 CDT 2026","12407","ts-admin-basic-info-service","Flow_Scenario_1040 | POST /api/v1/adminbasicservice/adminbasic/stations","[Valid] v61","trainticket_twostage_test.TrainTicketTwoStageTest_1778271990929.Flow_Scenario_1040","test_positive_flow_S1040_v61","test_positive_flow_S1040_v61","Microservice test scenario with 1 steps."
"failed","Fri May 08 23:52:04 CDT 2026","Fri May 08 23:52:09 CDT 2026","5051","ts-order-other-service","Flow_Scenario_475 | POST /api/v1/orderOtherService/orderOther/refresh","[Fault: POST__api_v1_orderOtherService_orderOther_refresh] SPECIAL_CHARACTERS (v194)","trainticket_twostage_test.TrainTicketTwoStageTest_1778271990929.Flow_Scenario_475","test_negative_flow_S475_v194_fault_Root1_SPECIAL_CHARACTERS","test_negative_flow_S475_v194_fault_Root1_SPECIAL_CHARACTERS","Microservice test scenario with 1 steps."
"failed","Sat May 09 01:12:28 CDT 2026","Sat May 09 01:12:40 CDT 2026","12667","ts-consign-service","Flow_Scenario_894 | GET /api/v1/consignservice/consigns/order/{id}","[Valid] v20","trainticket_twostage_test.TrainTicketTwoStageTest_1778271990929.Flow_Scenario_894","test_positive_flow_S894_v20","test_positive_flow_S894_v20","Microservice test scenario with 1 steps."
"failed","Fri May 08 23:40:02 CDT 2026","Fri May 08 23:40:08 CDT 2026","5045","ts-order-other-service","Flow_Scenario_475 | POST /api/v1/orderOtherService/orderOther/refresh","[Fault: POST__api_v1_orderOtherService_orderOther_refresh] SPECIAL_CHARACTERS (v26)","trainticket_twostage_test.TrainTicketTwoStageTest_1778271990929.Flow_Scenario_475","test_negative_flow_S475_v26_fault_Root1_SPECIAL_CHARACTERS","test_negative_flow_S475_v26_fault_Root1_SPECIAL_CHARACTERS","Microservice test scenario with 1 steps."
"passed","Sat May 09 02:05:36 CDT 2026","Sat May 09 02:05:49 CDT 2026","13007","ts-admin-basic-info-service","Flow_Scenario_3 | POST /api/v1/adminbasicservice/adminbasic/trains","[Fault: POST__api_v1_adminbasicservice_adminbasic_trains] SPECIAL_CHARACTERS (v163)","trainticket_twostage_test.TrainTicketTwoStageTest_1778271990929.Flow_Scenario_3","test_negative_flow_S3_v163_fault_Root1_SPECIAL_CHARACTERS","test_negative_flow_S3_v163_fault_Root1_SPECIAL_CHARACTERS","Microservice test scenario with 1 steps."
"passed","Sat May 09 02:07:08 CDT 2026","Sat May 09 02:07:22 CDT 2026","13992","ts-admin-basic-info-service","Flow_Scenario_3 | POST /api/v1/adminbasicservice/adminbasic/trains","[Fault: POST__api_v1_adminbasicservice_adminbasic_trains] SPECIAL_CHARACTERS (v103)","trainticket_twostage_test.TrainTicketTwoStageTest_1778271990929.Flow_Scenario_3","test_negative_flow_S3_v103_fault_Root1_SPECIAL_CHARACTERS","test_negative_flow_S3_v103_fault_Root1_SPECIAL_CHARACTERS","Microservice test scenario with 1 steps."
"passed","Sat May 09 01:20:50 CDT 2026","Sat May 09 01:21:03 CDT 2026","12707","ts-consign-service","Flow_Scenario_894 | GET /api/v1/consignservice/consigns/order/{id}","[Fault: GET__api_v1_consignservice_consigns_order__id_] SPECIAL_CHARACTERS (v24)","trainticket_twostage_test.TrainTicketTwoStageTest_1778271990929.Flow_Scenario_894","test_negative_flow_S894_v24_fault_Root1_SPECIAL_CHARACTERS","test_negative_flow_S894_v24_fault_Root1_SPECIAL_CHARACTERS","Microservice test scenario with 1 steps."
"failed","Sat May 09 00:02:27 CDT 2026","Sat May 09 00:02:36 CDT 2026","8829","ts-travel-plan-service","Flow_Scenario_276 | POST /api/v1/travelplanservice/travelPlan/cheapest","[Valid] v17","trainticket_twostage_test.TrainTicketTwoStageTest_1778271990929.Flow_Scenario_276","test_positive_flow_S276_v17","test_positive_flow_S276_v17","Microservice test scenario with 1 steps."
"passed","Fri May 08 23:54:27 CDT 2026","Fri May 08 23:54:40 CDT 2026","13778","ts-travel-plan-service","Flow_Scenario_276 | POST /api/v1/travelplanservice/travelPlan/cheapest","[Fault: POST__api_v1_travelplanservice_travelPlan_cheapest] SPECIAL_CHARACTERS (v135)","trainticket_twostage_test.TrainTicketTwoStageTest_1778271990929.Flow_Scenario_276","test_negative_flow_S276_v135_fault_Root1_SPECIAL_CHARACTERS","test_negative_flow_S276_v135_fault_Root1_SPECIAL_CHARACTERS","Microservice test scenario with 1 steps."
"failed","Fri May 08 23:49:30 CDT 2026","Fri May 08 23:49:35 CDT 2026","5049","ts-order-other-service","Flow_Scenario_475 | POST /api/v1/orderOtherService/orderOther/refresh","[Fault: POST__api_v1_orderOtherService_orderOther_refresh] TYPE_MISMATCH (v168)","trainticket_twostage_test.TrainTicketTwoStageTest_1778271990929.Flow_Scenario_475","test_negative_flow_S475_v168_fault_Root1_TYPE_MISMATCH","test_negative_flow_S475_v168_fault_Root1_TYPE_MISMATCH","Microservice test scenario with 1 steps."
"passed","Sat May 09 01:45:44 CDT 2026","Sat May 09 01:45:57 CDT 2026","13467","ts-admin-basic-info-service","Flow_Scenario_3 | POST /api/v1/adminbasicservice/adminbasic/trains","[Fault: POST__api_v1_adminbasicservice_adminbasic_trains] TYPE_MISMATCH (v25)","trainticket_twostage_test.TrainTicketTwoStageTest_1778271990929.Flow_Scenario_3","test_negative_flow_S3_v25_fault_Root1_TYPE_MISMATCH","test_negative_flow_S3_v25_fault_Root1_TYPE_MISMATCH","Microservice test scenario with 1 steps."
"passed","Sat May 09 00:10:46 CDT 2026","Sat May 09 00:11:03 CDT 2026","17056","ts-travel-plan-service","Flow_Scenario_276 | POST /api/v1/travelplanservice/travelPlan/cheapest","[Fault: POST__api_v1_travelplanservice_travelPlan_cheapest] SPECIAL_CHARACTERS (v92)","trainticket_twostage_test.TrainTicketTwoStageTest_1778271990929.Flow_Scenario_276","test_negative_flow_S276_v92_fault_Root1_SPECIAL_CHARACTERS","test_negative_flow_S276_v92_fault_Root1_SPECIAL_CHARACTERS","Microservice test scenario with 1 steps."
"failed","Sat May 09 00:43:08 CDT 2026","Sat May 09 00:43:20 CDT 2026","11971","ts-travel2-service","Flow_Scenario_749 | POST /api/v1/travel2service/trips/left","[Fault: POST__api_v1_travel2service_trips_left] SEMANTIC_MISMATCH (v131)","trainticket_twostage_test.TrainTicketTwoStageTest_1778271990929.Flow_Scenario_749","test_negative_flow_S749_v131_fault_Root1_SEMANTIC_MISMATCH","test_negative_flow_S749_v131_fault_Root1_SEMANTIC_MISMATCH","Microservice test scenario with 1 steps."
"passed","Sat May 09 01:51:49 CDT 2026","Sat May 09 01:52:02 CDT 2026","13301","ts-admin-basic-info-service","Flow_Scenario_3 | POST /api/v1/adminbasicservice/adminbasic/trains","[Fault: POST__api_v1_adminbasicservice_adminbasic_trains] TYPE_MISMATCH (v93)","trainticket_twostage_test.TrainTicketTwoStageTest_1778271990929.Flow_Scenario_3","test_negative_flow_S3_v93_fault_Root1_TYPE_MISMATCH","test_negative_flow_S3_v93_fault_Root1_TYPE_MISMATCH","Microservice test scenario with 1 steps."
"failed","Sat May 09 00:29:55 CDT 2026","Sat May 09 00:30:04 CDT 2026","9233","ts-travel2-service","Flow_Scenario_749 | POST /api/v1/travel2service/trips/left","[Valid] v1","trainticket_twostage_test.TrainTicketTwoStageTest_1778271990929.Flow_Scenario_749","test_positive_flow_S749_v1","test_positive_flow_S749_v1","Microservice test scenario with 1 steps."
"passed","Sat May 09 01:20:22 CDT 2026","Sat May 09 01:20:35 CDT 2026","13754","ts-consign-service","Flow_Scenario_894 | GET /api/v1/consignservice/consigns/order/{id}","[Fault: GET__api_v1_consignservice_consigns_order__id_] EMPTY_INPUT (v56)","trainticket_twostage_test.TrainTicketTwoStageTest_1778271990929.Flow_Scenario_894","test_negative_flow_S894_v56_fault_Root1_EMPTY_INPUT","test_negative_flow_S894_v56_fault_Root1_EMPTY_INPUT","Microservice test scenario with 1 steps."
"failed","Sat May 09 00:37:37 CDT 2026","Sat May 09 00:37:51 CDT 2026","13616","ts-travel2-service","Flow_Scenario_749 | POST /api/v1/travel2service/trips/left","[Fault: POST__api_v1_travel2service_trips_left] SPECIAL_CHARACTERS (v59)","trainticket_twostage_test.TrainTicketTwoStageTest_1778271990929.Flow_Scenario_749","test_negative_flow_S749_v59_fault_Root1_SPECIAL_CHARACTERS","test_negative_flow_S749_v59_fault_Root1_SPECIAL_CHARACTERS","Microservice test scenario with 1 steps."
"failed","Sat May 09 02:00:34 CDT 2026","Sat May 09 02:00:47 CDT 2026","13041","ts-admin-basic-info-service","Flow_Scenario_3 | POST /api/v1/adminbasicservice/adminbasic/trains","[Valid] v8","trainticket_twostage_test.TrainTicketTwoStageTest_1778271990929.Flow_Scenario_3","test_positive_flow_S3_v8","test_positive_flow_S3_v8","Microservice test scenario with 1 steps."
"passed","Fri May 08 23:44:13 CDT 2026","Fri May 08 23:44:22 CDT 2026","9213","ts-order-other-service","Flow_Scenario_475 | POST /api/v1/orderOtherService/orderOther/refresh","[Valid] v19","trainticket_twostage_test.TrainTicketTwoStageTest_1778271990929.Flow_Scenario_475","test_positive_flow_S475_v19","test_positive_flow_S475_v19","Microservice test scenario with 1 steps."
"failed","Sat May 09 01:32:38 CDT 2026","Sat May 09 01:32:50 CDT 2026","12871","ts-admin-basic-info-service","Flow_Scenario_994 | PUT /api/v1/adminbasicservice/adminbasic/stations","[Valid] v89","trainticket_twostage_test.TrainTicketTwoStageTest_1778271990929.Flow_Scenario_994","test_positive_flow_S994_v89","test_positive_flow_S994_v89","Microservice test scenario with 1 steps."
"failed","Fri May 08 23:22:46 CDT 2026","Fri May 08 23:22:56 CDT 2026","9237","ts-order-other-service","Flow_Scenario_475 | POST /api/v1/orderOtherService/orderOther/refresh","[Fault: POST__api_v1_orderOtherService_orderOther_refresh] SPECIAL_CHARACTERS (v136)","trainticket_twostage_test.TrainTicketTwoStageTest_1778271990929.Flow_Scenario_475","test_negative_flow_S475_v136_fault_Root1_SPECIAL_CHARACTERS","test_negative_flow_S475_v136_fault_Root1_SPECIAL_CHARACTERS","Microservice test scenario with 1 steps."
"passed","Fri May 08 23:29:29 CDT 2026","Fri May 08 23:29:34 CDT 2026","5047","ts-order-other-service","Flow_Scenario_475 | POST /api/v1/orderOtherService/orderOther/refresh","[Fault: POST__api_v1_orderOtherService_orderOther_refresh] TYPE_MISMATCH (v155)","trainticket_twostage_test.TrainTicketTwoStageTest_1778271990929.Flow_Scenario_475","test_negative_flow_S475_v155_fault_Root1_TYPE_MISMATCH","test_negative_flow_S475_v155_fault_Root1_TYPE_MISMATCH","Microservice test scenario with 1 steps."
"passed","Sat May 09 00:31:23 CDT 2026","Sat May 09 00:31:29 CDT 2026","5108","ts-travel2-service","Flow_Scenario_749 | POST /api/v1/travel2service/trips/left","[Fault: POST__api_v1_travel2service_trips_left] SPECIAL_CHARACTERS (v106)","trainticket_twostage_test.TrainTicketTwoStageTest_1778271990929.Flow_Scenario_749","test_negative_flow_S749_v106_fault_Root1_SPECIAL_CHARACTERS","test_negative_flow_S749_v106_fault_Root1_SPECIAL_CHARACTERS","Microservice test scenario with 1 steps."
"passed","Sat May 09 00:33:14 CDT 2026","Sat May 09 00:33:23 CDT 2026","9209","ts-travel2-service","Flow_Scenario_749 | POST /api/v1/travel2service/trips/left","[Fault: POST__api_v1_travel2service_trips_left] OVERFLOW (v67)","trainticket_twostage_test.TrainTicketTwoStageTest_1778271990929.Flow_Scenario_749","test_negative_flow_S749_v67_fault_Root1_OVERFLOW","test_negative_flow_S749_v67_fault_Root1_OVERFLOW","Microservice test scenario with 1 steps."
"failed","Fri May 08 23:42:08 CDT 2026","Fri May 08 23:42:18 CDT 2026","9238","ts-order-other-service","Flow_Scenario_475 | POST /api/v1/orderOtherService/orderOther/refresh","[Fault: POST__api_v1_orderOtherService_orderOther_refresh] SEMANTIC_MISMATCH (v197)","trainticket_twostage_test.TrainTicketTwoStageTest_1778271990929.Flow_Scenario_475","test_negative_flow_S475_v197_fault_Root1_SEMANTIC_MISMATCH","test_negative_flow_S475_v197_fault_Root1_SEMANTIC_MISMATCH","Microservice test scenario with 1 steps."
"failed","Sat May 09 00:26:33 CDT 2026","Sat May 09 00:26:41 CDT 2026","8792","ts-admin-basic-info-service","Flow_Scenario_1040 | POST /api/v1/adminbasicservice/adminbasic/stations","[Valid] v4","trainticket_twostage_test.TrainTicketTwoStageTest_1778271990929.Flow_Scenario_1040","test_positive_flow_S1040_v4","test_positive_flow_S1040_v4","Microservice test scenario with 1 steps."
"failed","Fri May 08 23:36:09 CDT 2026","Fri May 08 23:36:20 CDT 2026","10839","ts-order-other-service","Flow_Scenario_475 | POST /api/v1/orderOtherService/orderOther/refresh","[Fault: POST__api_v1_orderOtherService_orderOther_refresh] OVERFLOW (v169)","trainticket_twostage_test.TrainTicketTwoStageTest_1778271990929.Flow_Scenario_475","test_negative_flow_S475_v169_fault_Root1_OVERFLOW","test_negative_flow_S475_v169_fault_Root1_OVERFLOW","Microservice test scenario with 1 steps."
"failed","Sat May 09 01:29:49 CDT 2026","Sat May 09 01:30:01 CDT 2026","12601","ts-admin-basic-info-service","Flow_Scenario_994 | PUT /api/v1/adminbasicservice/adminbasic/stations","[Valid] v50","trainticket_twostage_test.TrainTicketTwoStageTest_1778271990929.Flow_Scenario_994","test_positive_flow_S994_v50","test_positive_flow_S994_v50","Microservice test scenario with 1 steps."
"passed","Sat May 09 01:39:35 CDT 2026","Sat May 09 01:39:48 CDT 2026","13244","ts-admin-basic-info-service","Flow_Scenario_3 | POST /api/v1/adminbasicservice/adminbasic/trains","[Fault: POST__api_v1_adminbasicservice_adminbasic_trains] SEMANTIC_MISMATCH (v85)","trainticket_twostage_test.TrainTicketTwoStageTest_1778271990929.Flow_Scenario_3","test_negative_flow_S3_v85_fault_Root1_SEMANTIC_MISMATCH","test_negative_flow_S3_v85_fault_Root1_SEMANTIC_MISMATCH","Microservice test scenario with 1 steps."
"failed","Fri May 08 23:29:48 CDT 2026","Fri May 08 23:29:53 CDT 2026","5047","ts-order-other-service","Flow_Scenario_475 | POST /api/v1/orderOtherService/orderOther/refresh","[Fault: POST__api_v1_orderOtherService_orderOther_refresh] SEMANTIC_MISMATCH (v97)","trainticket_twostage_test.TrainTicketTwoStageTest_1778271990929.Flow_Scenario_475","test_negative_flow_S475_v97_fault_Root1_SEMANTIC_MISMATCH","test_negative_flow_S475_v97_fault_Root1_SEMANTIC_MISMATCH","Microservice test scenario with 1 steps."
"passed","Sat May 09 00:17:03 CDT 2026","Sat May 09 00:17:17 CDT 2026","13561","ts-travel-plan-service","Flow_Scenario_276 | POST /api/v1/travelplanservice/travelPlan/cheapest","[Fault: POST__api_v1_travelplanservice_travelPlan_cheapest] SPECIAL_CHARACTERS (v100)","trainticket_twostage_test.TrainTicketTwoStageTest_1778271990929.Flow_Scenario_276","test_negative_flow_S276_v100_fault_Root1_SPECIAL_CHARACTERS","test_negative_flow_S276_v100_fault_Root1_SPECIAL_CHARACTERS","Microservice test scenario with 1 steps."
"failed","Sat May 09 01:30:14 CDT 2026","Sat May 09 01:30:27 CDT 2026","13260","ts-admin-basic-info-service","Flow_Scenario_994 | PUT /api/v1/adminbasicservice/adminbasic/stations","[Valid] v52","trainticket_twostage_test.TrainTicketTwoStageTest_1778271990929.Flow_Scenario_994","test_positive_flow_S994_v52","test_positive_flow_S994_v52","Microservice test scenario with 1 steps."
"passed","Fri May 08 23:43:15 CDT 2026","Fri May 08 23:43:24 CDT 2026","9233","ts-order-other-service","Flow_Scenario_475 | POST /api/v1/orderOtherService/orderOther/refresh","[Valid] v12","trainticket_twostage_test.TrainTicketTwoStageTest_1778271990929.Flow_Scenario_475","test_positive_flow_S475_v12","test_positive_flow_S475_v12","Microservice test scenario with 1 steps."
"failed","Sat May 09 00:26:41 CDT 2026","Sat May 09 00:26:54 CDT 2026","12884","ts-admin-basic-info-service","Flow_Scenario_1040 | POST /api/v1/adminbasicservice/adminbasic/stations","[Valid] v5","trainticket_twostage_test.TrainTicketTwoStageTest_1778271990929.Flow_Scenario_1040","test_positive_flow_S1040_v5","test_positive_flow_S1040_v5","Microservice test scenario with 1 steps."
"failed","Fri May 08 23:28:31 CDT 2026","Fri May 08 23:28:41 CDT 2026","9202","ts-order-other-service","Flow_Scenario_475 | POST /api/v1/orderOtherService/orderOther/refresh","[Fault: POST__api_v1_orderOtherService_orderOther_refresh] SPECIAL_CHARACTERS (v243)","trainticket_twostage_test.TrainTicketTwoStageTest_1778271990929.Flow_Scenario_475","test_negative_flow_S475_v243_fault_Root1_SPECIAL_CHARACTERS","test_negative_flow_S475_v243_fault_Root1_SPECIAL_CHARACTERS","Microservice test scenario with 1 steps."
"passed","Sat May 09 01:34:33 CDT 2026","Sat May 09 01:34:47 CDT 2026","13820","ts-admin-basic-info-service","Flow_Scenario_3 | POST /api/v1/adminbasicservice/adminbasic/trains","[Fault: POST__api_v1_adminbasicservice_adminbasic_trains] SPECIAL_CHARACTERS (v97)","trainticket_twostage_test.TrainTicketTwoStageTest_1778271990929.Flow_Scenario_3","test_negative_flow_S3_v97_fault_Root1_SPECIAL_CHARACTERS","test_negative_flow_S3_v97_fault_Root1_SPECIAL_CHARACTERS","Microservice test scenario with 1 steps."
"passed","Sat May 09 00:14:24 CDT 2026","Sat May 09 00:14:39 CDT 2026","15211","ts-travel-plan-service","Flow_Scenario_276 | POST /api/v1/travelplanservice/travelPlan/cheapest","[Fault: POST__api_v1_travelplanservice_travelPlan_cheapest] SPECIAL_CHARACTERS (v56)","trainticket_twostage_test.TrainTicketTwoStageTest_1778271990929.Flow_Scenario_276","test_negative_flow_S276_v56_fault_Root1_SPECIAL_CHARACTERS","test_negative_flow_S276_v56_fault_Root1_SPECIAL_CHARACTERS","Microservice test scenario with 1 steps."
"failed","Fri May 08 23:29:10 CDT 2026","Fri May 08 23:29:19 CDT 2026","9234","ts-order-other-service","Flow_Scenario_475 | POST /api/v1/orderOtherService/orderOther/refresh","[Fault: POST__api_v1_orderOtherService_orderOther_refresh] TYPE_MISMATCH (v244)","trainticket_twostage_test.TrainTicketTwoStageTest_1778271990929.Flow_Scenario_475","test_negative_flow_S475_v244_fault_Root1_TYPE_MISMATCH","test_negative_flow_S475_v244_fault_Root1_TYPE_MISMATCH","Microservice test scenario with 1 steps."
"passed","Fri May 08 23:31:41 CDT 2026","Fri May 08 23:31:46 CDT 2026","5051","ts-order-other-service","Flow_Scenario_475 | POST /api/v1/orderOtherService/orderOther/refresh","[Fault: POST__api_v1_orderOtherService_orderOther_refresh] TYPE_MISMATCH (v94)","trainticket_twostage_test.TrainTicketTwoStageTest_1778271990929.Flow_Scenario_475","test_negative_flow_S475_v94_fault_Root1_TYPE_MISMATCH","test_negative_flow_S475_v94_fault_Root1_TYPE_MISMATCH","Microservice test scenario with 1 steps."
"passed","Sat May 09 00:04:35 CDT 2026","Sat May 09 00:04:40 CDT 2026","5110","ts-travel-plan-service","Flow_Scenario_276 | POST /api/v1/travelplanservice/travelPlan/cheapest","[Fault: POST__api_v1_travelplanservice_travelPlan_cheapest] TYPE_MISMATCH (v114)","trainticket_twostage_test.TrainTicketTwoStageTest_1778271990929.Flow_Scenario_276","test_negative_flow_S276_v114_fault_Root1_TYPE_MISMATCH","test_negative_flow_S276_v114_fault_Root1_TYPE_MISMATCH","Microservice test scenario with 1 steps."
"passed","Sat May 09 00:59:29 CDT 2026","Sat May 09 00:59:42 CDT 2026","12642","ts-execute-service","Flow_Scenario_420 | GET /api/v1/executeservice/execute/execute/{orderId}","[Fault: GET__api_v1_executeservice_execute_execute__orderId_] SPECIAL_CHARACTERS (v57)","trainticket_twostage_test.TrainTicketTwoStageTest_1778271990929.Flow_Scenario_420","test_negative_flow_S420_v57_fault_Root1_SPECIAL_CHARACTERS","test_negative_flow_S420_v57_fault_Root1_SPECIAL_CHARACTERS","Microservice test scenario with 1 steps."
"failed","Fri May 08 23:34:58 CDT 2026","Fri May 08 23:35:07 CDT 2026","9261","ts-order-other-service","Flow_Scenario_475 | POST /api/v1/orderOtherService/orderOther/refresh","[Fault: POST__api_v1_orderOtherService_orderOther_refresh] TYPE_MISMATCH (v125)","trainticket_twostage_test.TrainTicketTwoStageTest_1778271990929.Flow_Scenario_475","test_negative_flow_S475_v125_fault_Root1_TYPE_MISMATCH","test_negative_flow_S475_v125_fault_Root1_TYPE_MISMATCH","Microservice test scenario with 1 steps."
"passed","Fri May 08 23:52:57 CDT 2026","Fri May 08 23:53:06 CDT 2026","9233","ts-order-other-service","Flow_Scenario_475 | POST /api/v1/orderOtherService/orderOther/refresh","[Fault: POST__api_v1_orderOtherService_orderOther_refresh] TYPE_MISMATCH (v189)","trainticket_twostage_test.TrainTicketTwoStageTest_1778271990929.Flow_Scenario_475","test_negative_flow_S475_v189_fault_Root1_TYPE_MISMATCH","test_negative_flow_S475_v189_fault_Root1_TYPE_MISMATCH","Microservice test scenario with 1 steps."
"passed","Sat May 09 01:47:29 CDT 2026","Sat May 09 01:47:43 CDT 2026","13781","ts-admin-basic-info-service","Flow_Scenario_3 | POST /api/v1/adminbasicservice/adminbasic/trains","[Fault: POST__api_v1_adminbasicservice_adminbasic_trains] SEMANTIC_MISMATCH (v147)","trainticket_twostage_test.TrainTicketTwoStageTest_1778271990929.Flow_Scenario_3","test_negative_flow_S3_v147_fault_Root1_SEMANTIC_MISMATCH","test_negative_flow_S3_v147_fault_Root1_SEMANTIC_MISMATCH","Microservice test scenario with 1 steps."
"passed","Sat May 09 01:43:34 CDT 2026","Sat May 09 01:43:48 CDT 2026","14349","ts-admin-basic-info-service","Flow_Scenario_3 | POST /api/v1/adminbasicservice/adminbasic/trains","[Fault: POST__api_v1_adminbasicservice_adminbasic_trains] TYPE_MISMATCH (v118)","trainticket_twostage_test.TrainTicketTwoStageTest_1778271990929.Flow_Scenario_3","test_negative_flow_S3_v118_fault_Root1_TYPE_MISMATCH","test_negative_flow_S3_v118_fault_Root1_TYPE_MISMATCH","Microservice test scenario with 1 steps."
"failed","Fri May 08 23:53:21 CDT 2026","Fri May 08 23:53:30 CDT 2026","9222","ts-order-other-service","Flow_Scenario_475 | POST /api/v1/orderOtherService/orderOther/refresh","[Fault: POST__api_v1_orderOtherService_orderOther_refresh] SPECIAL_CHARACTERS (v54)","trainticket_twostage_test.TrainTicketTwoStageTest_1778271990929.Flow_Scenario_475","test_negative_flow_S475_v54_fault_Root1_SPECIAL_CHARACTERS","test_negative_flow_S475_v54_fault_Root1_SPECIAL_CHARACTERS","Microservice test scenario with 1 steps."
"failed","Sat May 09 02:15:23 CDT 2026","Sat May 09 02:15:36 CDT 2026","13706","ts-admin-basic-info-service","Flow_Scenario_178 | PUT /api/v1/adminbasicservice/adminbasic/trains","[Valid] v22","trainticket_twostage_test.TrainTicketTwoStageTest_1778271990929.Flow_Scenario_178","test_positive_flow_S178_v22","test_positive_flow_S178_v22","Microservice test scenario with 1 steps."
"failed","Sat May 09 00:23:18 CDT 2026","Sat May 09 00:23:30 CDT 2026","12288","ts-admin-basic-info-service","Flow_Scenario_1040 | POST /api/v1/adminbasicservice/adminbasic/stations","[Valid] v35","trainticket_twostage_test.TrainTicketTwoStageTest_1778271990929.Flow_Scenario_1040","test_positive_flow_S1040_v35","test_positive_flow_S1040_v35","Microservice test scenario with 1 steps."
"failed","Sat May 09 01:16:45 CDT 2026","Sat May 09 01:16:58 CDT 2026","12785","ts-consign-service","Flow_Scenario_894 | GET /api/v1/consignservice/consigns/order/{id}","[Valid] v93","trainticket_twostage_test.TrainTicketTwoStageTest_1778271990929.Flow_Scenario_894","test_positive_flow_S894_v93","test_positive_flow_S894_v93","Microservice test scenario with 1 steps."
"passed","Sat May 09 00:07:06 CDT 2026","Sat May 09 00:07:16 CDT 2026","9360","ts-travel-plan-service","Flow_Scenario_276 | POST /api/v1/travelplanservice/travelPlan/cheapest","[Fault: POST__api_v1_travelplanservice_travelPlan_cheapest] SPECIAL_CHARACTERS (v143)","trainticket_twostage_test.TrainTicketTwoStageTest_1778271990929.Flow_Scenario_276","test_negative_flow_S276_v143_fault_Root1_SPECIAL_CHARACTERS","test_negative_flow_S276_v143_fault_Root1_SPECIAL_CHARACTERS","Microservice test scenario with 1 steps."
"passed","Sat May 09 00:54:33 CDT 2026","Sat May 09 00:54:47 CDT 2026","13904","ts-execute-service","Flow_Scenario_420 | GET /api/v1/executeservice/execute/execute/{orderId}","[Fault: GET__api_v1_executeservice_execute_execute__orderId_] SPECIAL_CHARACTERS (v69)","trainticket_twostage_test.TrainTicketTwoStageTest_1778271990929.Flow_Scenario_420","test_negative_flow_S420_v69_fault_Root1_SPECIAL_CHARACTERS","test_negative_flow_S420_v69_fault_Root1_SPECIAL_CHARACTERS","Microservice test scenario with 1 steps."
"failed","Sat May 09 00:18:07 CDT 2026","Sat May 09 00:18:20 CDT 2026","12768","ts-travel-plan-service","Flow_Scenario_276 | POST /api/v1/travelplanservice/travelPlan/cheapest","[Fault: POST__api_v1_travelplanservice_travelPlan_cheapest] SPECIAL_CHARACTERS (v102)","trainticket_twostage_test.TrainTicketTwoStageTest_1778271990929.Flow_Scenario_276","test_negative_flow_S276_v102_fault_Root1_SPECIAL_CHARACTERS","test_negative_flow_S276_v102_fault_Root1_SPECIAL_CHARACTERS","Microservice test scenario with 1 steps."
"passed","Sat May 09 01:49:39 CDT 2026","Sat May 09 01:49:53 CDT 2026","14044","ts-admin-basic-info-service","Flow_Scenario_3 | POST /api/v1/adminbasicservice/adminbasic/trains","[Fault: POST__api_v1_adminbasicservice_adminbasic_trains] TYPE_MISMATCH (v62)","trainticket_twostage_test.TrainTicketTwoStageTest_1778271990929.Flow_Scenario_3","test_negative_flow_S3_v62_fault_Root1_TYPE_MISMATCH","test_negative_flow_S3_v62_fault_Root1_TYPE_MISMATCH","Microservice test scenario with 1 steps."
"failed","Fri May 08 23:50:33 CDT 2026","Fri May 08 23:50:43 CDT 2026","9228","ts-order-other-service","Flow_Scenario_475 | POST /api/v1/orderOtherService/orderOther/refresh","[Fault: POST__api_v1_orderOtherService_orderOther_refresh] TYPE_MISMATCH (v35)","trainticket_twostage_test.TrainTicketTwoStageTest_1778271990929.Flow_Scenario_475","test_negative_flow_S475_v35_fault_Root1_TYPE_MISMATCH","test_negative_flow_S475_v35_fault_Root1_TYPE_MISMATCH","Microservice test scenario with 1 steps."
"failed","Fri May 08 23:36:45 CDT 2026","Fri May 08 23:36:50 CDT 2026","5046","ts-order-other-service","Flow_Scenario_475 | POST /api/v1/orderOtherService/orderOther/refresh","[Fault: POST__api_v1_orderOtherService_orderOther_refresh] SPECIAL_CHARACTERS (v133)","trainticket_twostage_test.TrainTicketTwoStageTest_1778271990929.Flow_Scenario_475","test_negative_flow_S475_v133_fault_Root1_SPECIAL_CHARACTERS","test_negative_flow_S475_v133_fault_Root1_SPECIAL_CHARACTERS","Microservice test scenario with 1 steps."
"failed","Fri May 08 23:45:15 CDT 2026","Fri May 08 23:45:20 CDT 2026","5053","ts-order-other-service","Flow_Scenario_475 | POST /api/v1/orderOtherService/orderOther/refresh","[Fault: POST__api_v1_orderOtherService_orderOther_refresh] SPECIAL_CHARACTERS (v253)","trainticket_twostage_test.TrainTicketTwoStageTest_1778271990929.Flow_Scenario_475","test_negative_flow_S475_v253_fault_Root1_SPECIAL_CHARACTERS","test_negative_flow_S475_v253_fault_Root1_SPECIAL_CHARACTERS","Microservice test scenario with 1 steps."
"passed","Sat May 09 02:12:32 CDT 2026","Sat May 09 02:12:45 CDT 2026","13173","ts-admin-basic-info-service","Flow_Scenario_3 | POST /api/v1/adminbasicservice/adminbasic/trains","[Fault: POST__api_v1_adminbasicservice_adminbasic_trains] TYPE_MISMATCH (v153)","trainticket_twostage_test.TrainTicketTwoStageTest_1778271990929.Flow_Scenario_3","test_negative_flow_S3_v153_fault_Root1_TYPE_MISMATCH","test_negative_flow_S3_v153_fault_Root1_TYPE_MISMATCH","Microservice test scenario with 1 steps."
"passed","Fri May 08 23:59:13 CDT 2026","Fri May 08 23:59:18 CDT 2026","5102","ts-travel-plan-service","Flow_Scenario_276 | POST /api/v1/travelplanservice/travelPlan/cheapest","[Fault: POST__api_v1_travelplanservice_travelPlan_cheapest] SPECIAL_CHARACTERS (v139)","trainticket_twostage_test.TrainTicketTwoStageTest_1778271990929.Flow_Scenario_276","test_negative_flow_S276_v139_fault_Root1_SPECIAL_CHARACTERS","test_negative_flow_S276_v139_fault_Root1_SPECIAL_CHARACTERS","Microservice test scenario with 1 steps."
"failed","Fri May 08 23:25:20 CDT 2026","Fri May 08 23:25:29 CDT 2026","9212","ts-order-other-service","Flow_Scenario_475 | POST /api/v1/orderOtherService/orderOther/refresh","[Fault: POST__api_v1_orderOtherService_orderOther_refresh] SEMANTIC_MISMATCH (v95)","trainticket_twostage_test.TrainTicketTwoStageTest_1778271990929.Flow_Scenario_475","test_negative_flow_S475_v95_fault_Root1_SEMANTIC_MISMATCH","test_negative_flow_S475_v95_fault_Root1_SEMANTIC_MISMATCH","Microservice test scenario with 1 steps."
"passed","Sat May 09 01:41:59 CDT 2026","Sat May 09 01:42:12 CDT 2026","13096","ts-admin-basic-info-service","Flow_Scenario_3 | POST /api/v1/adminbasicservice/adminbasic/trains","[Fault: POST__api_v1_adminbasicservice_adminbasic_trains] SEMANTIC_MISMATCH (v67)","trainticket_twostage_test.TrainTicketTwoStageTest_1778271990929.Flow_Scenario_3","test_negative_flow_S3_v67_fault_Root1_SEMANTIC_MISMATCH","test_negative_flow_S3_v67_fault_Root1_SEMANTIC_MISMATCH","Microservice test scenario with 1 steps."
"failed","Sat May 09 02:26:16 CDT 2026","Sat May 09 02:26:31 CDT 2026","15114","ts-admin-basic-info-service","Flow_Scenario_178 | PUT /api/v1/adminbasicservice/adminbasic/trains","[Valid] v72","trainticket_twostage_test.TrainTicketTwoStageTest_1778271990929.Flow_Scenario_178","test_positive_flow_S178_v72","test_positive_flow_S178_v72","Microservice test scenario with 1 steps."
"failed","Fri May 08 23:44:43 CDT 2026","Fri May 08 23:44:52 CDT 2026","9219","ts-order-other-service","Flow_Scenario_475 | POST /api/v1/orderOtherService/orderOther/refresh","[Fault: POST__api_v1_orderOtherService_orderOther_refresh] SPECIAL_CHARACTERS (v108)","trainticket_twostage_test.TrainTicketTwoStageTest_1778271990929.Flow_Scenario_475","test_negative_flow_S475_v108_fault_Root1_SPECIAL_CHARACTERS","test_negative_flow_S475_v108_fault_Root1_SPECIAL_CHARACTERS","Microservice test scenario with 1 steps."
"failed","Sat May 09 02:35:57 CDT 2026","Sat May 09 02:36:10 CDT 2026","12807","ts-admin-basic-info-service","Flow_Scenario_178 | PUT /api/v1/adminbasicservice/adminbasic/trains","[Valid] v100","trainticket_twostage_test.TrainTicketTwoStageTest_1778271990929.Flow_Scenario_178","test_positive_flow_S178_v100","test_positive_flow_S178_v100","Microservice test scenario with 1 steps."
"failed","Fri May 08 23:48:53 CDT 2026","Fri May 08 23:48:58 CDT 2026","5056","ts-order-other-service","Flow_Scenario_475 | POST /api/v1/orderOtherService/orderOther/refresh","[Fault: POST__api_v1_orderOtherService_orderOther_refresh] OVERFLOW (v25)","trainticket_twostage_test.TrainTicketTwoStageTest_1778271990929.Flow_Scenario_475","test_negative_flow_S475_v25_fault_Root1_OVERFLOW","test_negative_flow_S475_v25_fault_Root1_OVERFLOW","Microservice test scenario with 1 steps."
"failed","Sat May 09 00:21:06 CDT 2026","Sat May 09 00:21:15 CDT 2026","8668","ts-admin-basic-info-service","Flow_Scenario_1040 | POST /api/v1/adminbasicservice/adminbasic/stations","[Valid] v21","trainticket_twostage_test.TrainTicketTwoStageTest_1778271990929.Flow_Scenario_1040","test_positive_flow_S1040_v21","test_positive_flow_S1040_v21","Microservice test scenario with 1 steps."
"failed","Fri May 08 23:25:58 CDT 2026","Fri May 08 23:26:07 CDT 2026","9224","ts-order-other-service","Flow_Scenario_475 | POST /api/v1/orderOtherService/orderOther/refresh","[Fault: POST__api_v1_orderOtherService_orderOther_refresh] SPECIAL_CHARACTERS (v107)","trainticket_twostage_test.TrainTicketTwoStageTest_1778271990929.Flow_Scenario_475","test_negative_flow_S475_v107_fault_Root1_SPECIAL_CHARACTERS","test_negative_flow_S475_v107_fault_Root1_SPECIAL_CHARACTERS","Microservice test scenario with 1 steps."
"failed","Fri May 08 23:41:21 CDT 2026","Fri May 08 23:41:30 CDT 2026","9233","ts-order-other-service","Flow_Scenario_475 | POST /api/v1/orderOtherService/orderOther/refresh","[Fault: POST__api_v1_orderOtherService_orderOther_refresh] SEMANTIC_MISMATCH (v47)","trainticket_twostage_test.TrainTicketTwoStageTest_1778271990929.Flow_Scenario_475","test_negative_flow_S475_v47_fault_Root1_SEMANTIC_MISMATCH","test_negative_flow_S475_v47_fault_Root1_SEMANTIC_MISMATCH","Microservice test scenario with 1 steps."
"passed","Sat May 09 01:56:38 CDT 2026","Sat May 09 01:56:52 CDT 2026","14071","ts-admin-basic-info-service","Flow_Scenario_3 | POST /api/v1/adminbasicservice/adminbasic/trains","[Fault: POST__api_v1_adminbasicservice_adminbasic_trains] SEMANTIC_MISMATCH (v154)","trainticket_twostage_test.TrainTicketTwoStageTest_1778271990929.Flow_Scenario_3","test_negative_flow_S3_v154_fault_Root1_SEMANTIC_MISMATCH","test_negative_flow_S3_v154_fault_Root1_SEMANTIC_MISMATCH","Microservice test scenario with 1 steps."
"passed","Fri May 08 23:41:44 CDT 2026","Fri May 08 23:41:49 CDT 2026","5047","ts-order-other-service","Flow_Scenario_475 | POST /api/v1/orderOtherService/orderOther/refresh","[Fault: POST__api_v1_orderOtherService_orderOther_refresh] TYPE_MISMATCH (v44)","trainticket_twostage_test.TrainTicketTwoStageTest_1778271990929.Flow_Scenario_475","test_negative_flow_S475_v44_fault_Root1_TYPE_MISMATCH","test_negative_flow_S475_v44_fault_Root1_TYPE_MISMATCH","Microservice test scenario with 1 steps."
"passed","Sat May 09 00:42:44 CDT 2026","Sat May 09 00:42:50 CDT 2026","5086","ts-travel2-service","Flow_Scenario_749 | POST /api/v1/travel2service/trips/left","[Fault: POST__api_v1_travel2service_trips_left] SEMANTIC_MISMATCH (v108)","trainticket_twostage_test.TrainTicketTwoStageTest_1778271990929.Flow_Scenario_749","test_negative_flow_S749_v108_fault_Root1_SEMANTIC_MISMATCH","test_negative_flow_S749_v108_fault_Root1_SEMANTIC_MISMATCH","Microservice test scenario with 1 steps."
"failed","Sat May 09 00:30:51 CDT 2026","Sat May 09 00:30:56 CDT 2026","5092","ts-travel2-service","Flow_Scenario_749 | POST /api/v1/travel2service/trips/left","[Valid] v8","trainticket_twostage_test.TrainTicketTwoStageTest_1778271990929.Flow_Scenario_749","test_positive_flow_S749_v8","test_positive_flow_S749_v8","Microservice test scenario with 1 steps."
"failed","Sat May 09 01:30:40 CDT 2026","Sat May 09 01:30:53 CDT 2026","13212","ts-admin-basic-info-service","Flow_Scenario_994 | PUT /api/v1/adminbasicservice/adminbasic/stations","[Valid] v58","trainticket_twostage_test.TrainTicketTwoStageTest_1778271990929.Flow_Scenario_994","test_positive_flow_S994_v58","test_positive_flow_S994_v58","Microservice test scenario with 1 steps."
"failed","Sat May 09 01:18:03 CDT 2026","Sat May 09 01:18:16 CDT 2026","13084","ts-consign-service","Flow_Scenario_894 | GET /api/v1/consignservice/consigns/order/{id}","[Valid] v99","trainticket_twostage_test.TrainTicketTwoStageTest_1778271990929.Flow_Scenario_894","test_positive_flow_S894_v99","test_positive_flow_S894_v99","Microservice test scenario with 1 steps."
"passed","Fri May 08 23:37:08 CDT 2026","Fri May 08 23:37:13 CDT 2026","5042","ts-order-other-service","Flow_Scenario_475 | POST /api/v1/orderOtherService/orderOther/refresh","[Fault: POST__api_v1_orderOtherService_orderOther_refresh] SEMANTIC_MISMATCH (v228)","trainticket_twostage_test.TrainTicketTwoStageTest_1778271990929.Flow_Scenario_475","test_negative_flow_S475_v228_fault_Root1_SEMANTIC_MISMATCH","test_negative_flow_S475_v228_fault_Root1_SEMANTIC_MISMATCH","Microservice test scenario with 1 steps."
"passed","Sat May 09 00:46:06 CDT 2026","Sat May 09 00:46:11 CDT 2026","5088","ts-travel2-service","Flow_Scenario_749 | POST /api/v1/travel2service/trips/left","[Fault: POST__api_v1_travel2service_trips_left] SPECIAL_CHARACTERS (v98)","trainticket_twostage_test.TrainTicketTwoStageTest_1778271990929.Flow_Scenario_749","test_negative_flow_S749_v98_fault_Root1_SPECIAL_CHARACTERS","test_negative_flow_S749_v98_fault_Root1_SPECIAL_CHARACTERS","Microservice test scenario with 1 steps."
"failed","Sat May 09 01:03:45 CDT 2026","Sat May 09 01:03:57 CDT 2026","12047","ts-consign-service","Flow_Scenario_894 | GET /api/v1/consignservice/consigns/order/{id}","[Valid] v8","trainticket_twostage_test.TrainTicketTwoStageTest_1778271990929.Flow_Scenario_894","test_positive_flow_S894_v8","test_positive_flow_S894_v8","Microservice test scenario with 1 steps."
"passed","Sat May 09 01:52:41 CDT 2026","Sat May 09 01:52:54 CDT 2026","12400","ts-admin-basic-info-service","Flow_Scenario_3 | POST /api/v1/adminbasicservice/adminbasic/trains","[Fault: POST__api_v1_adminbasicservice_adminbasic_trains] TYPE_MISMATCH (v36)","trainticket_twostage_test.TrainTicketTwoStageTest_1778271990929.Flow_Scenario_3","test_negative_flow_S3_v36_fault_Root1_TYPE_MISMATCH","test_negative_flow_S3_v36_fault_Root1_TYPE_MISMATCH","Microservice test scenario with 1 steps."
"failed","Fri May 08 23:36:25 CDT 2026","Fri May 08 23:36:30 CDT 2026","5048","ts-order-other-service","Flow_Scenario_475 | POST /api/v1/orderOtherService/orderOther/refresh","[Fault: POST__api_v1_orderOtherService_orderOther_refresh] SPECIAL_CHARACTERS (v84)","trainticket_twostage_test.TrainTicketTwoStageTest_1778271990929.Flow_Scenario_475","test_negative_flow_S475_v84_fault_Root1_SPECIAL_CHARACTERS","test_negative_flow_S475_v84_fault_Root1_SPECIAL_CHARACTERS","Microservice test scenario with 1 steps."
"passed","Sat May 09 01:42:26 CDT 2026","Sat May 09 01:42:40 CDT 2026","13519","ts-admin-basic-info-service","Flow_Scenario_3 | POST /api/v1/adminbasicservice/adminbasic/trains","[Fault: POST__api_v1_adminbasicservice_adminbasic_trains] TYPE_MISMATCH (v150)","trainticket_twostage_test.TrainTicketTwoStageTest_1778271990929.Flow_Scenario_3","test_negative_flow_S3_v150_fault_Root1_TYPE_MISMATCH","test_negative_flow_S3_v150_fault_Root1_TYPE_MISMATCH","Microservice test scenario with 1 steps."
"passed","Sat May 09 01:00:08 CDT 2026","Sat May 09 01:00:21 CDT 2026","12872","ts-execute-service","Flow_Scenario_420 | GET /api/v1/executeservice/execute/execute/{orderId}","[Fault: GET__api_v1_executeservice_execute_execute__orderId_] SPECIAL_CHARACTERS (v68)","trainticket_twostage_test.TrainTicketTwoStageTest_1778271990929.Flow_Scenario_420","test_negative_flow_S420_v68_fault_Root1_SPECIAL_CHARACTERS","test_negative_flow_S420_v68_fault_Root1_SPECIAL_CHARACTERS","Microservice test scenario with 1 steps."
"failed","Sat May 09 01:16:07 CDT 2026","Sat May 09 01:16:20 CDT 2026","13373","ts-consign-service","Flow_Scenario_894 | GET /api/v1/consignservice/consigns/order/{id}","[Valid] v90","trainticket_twostage_test.TrainTicketTwoStageTest_1778271990929.Flow_Scenario_894","test_positive_flow_S894_v90","test_positive_flow_S894_v90","Microservice test scenario with 1 steps."
"failed","Fri May 08 23:22:56 CDT 2026","Fri May 08 23:23:05 CDT 2026","9216","ts-order-other-service","Flow_Scenario_475 | POST /api/v1/orderOtherService/orderOther/refresh","[Fault: POST__api_v1_orderOtherService_orderOther_refresh] SEMANTIC_MISMATCH (v258)","trainticket_twostage_test.TrainTicketTwoStageTest_1778271990929.Flow_Scenario_475","test_negative_flow_S475_v258_fault_Root1_SEMANTIC_MISMATCH","test_negative_flow_S475_v258_fault_Root1_SEMANTIC_MISMATCH","Microservice test scenario with 1 steps."
"passed","Sat May 09 00:11:29 CDT 2026","Sat May 09 00:11:34 CDT 2026","5064","ts-travel-plan-service","Flow_Scenario_276 | POST /api/v1/travelplanservice/travelPlan/cheapest","[Fault: POST__api_v1_travelplanservice_travelPlan_cheapest] TYPE_MISMATCH (v23)","trainticket_twostage_test.TrainTicketTwoStageTest_1778271990929.Flow_Scenario_276","test_negative_flow_S276_v23_fault_Root1_TYPE_MISMATCH","test_negative_flow_S276_v23_fault_Root1_TYPE_MISMATCH","Microservice test scenario with 1 steps."
"failed","Sat May 09 02:34:57 CDT 2026","Sat May 09 02:35:07 CDT 2026","10109","ts-admin-basic-info-service","Flow_Scenario_178 | PUT /api/v1/adminbasicservice/adminbasic/trains","[Explore 401]","trainticket_twostage_test.TrainTicketTwoStageTest_1778271990929.Flow_Scenario_178","test_positive_flow_S178_v2_explore_401","test_positive_flow_S178_v2_explore_401","Microservice test scenario with 1 steps."
"passed","Sat May 09 02:11:51 CDT 2026","Sat May 09 02:12:05 CDT 2026","13860","ts-admin-basic-info-service","Flow_Scenario_3 | POST /api/v1/adminbasicservice/adminbasic/trains","[Fault: POST__api_v1_adminbasicservice_adminbasic_trains] OVERFLOW (v24)","trainticket_twostage_test.TrainTicketTwoStageTest_1778271990929.Flow_Scenario_3","test_negative_flow_S3_v24_fault_Root1_OVERFLOW","test_negative_flow_S3_v24_fault_Root1_OVERFLOW","Microservice test scenario with 1 steps."
"passed","Sat May 09 02:10:46 CDT 2026","Sat May 09 02:10:58 CDT 2026","12647","ts-admin-basic-info-service","Flow_Scenario_3 | POST /api/v1/adminbasicservice/adminbasic/trains","[Fault: POST__api_v1_adminbasicservice_adminbasic_trains] SEMANTIC_MISMATCH (v122)","trainticket_twostage_test.TrainTicketTwoStageTest_1778271990929.Flow_Scenario_3","test_negative_flow_S3_v122_fault_Root1_SEMANTIC_MISMATCH","test_negative_flow_S3_v122_fault_Root1_SEMANTIC_MISMATCH","Microservice test scenario with 1 steps."
"failed","Fri May 08 23:41:15 CDT 2026","Fri May 08 23:41:21 CDT 2026","5059","ts-order-other-service","Flow_Scenario_475 | POST /api/v1/orderOtherService/orderOther/refresh","[Fault: POST__api_v1_orderOtherService_orderOther_refresh] TYPE_MISMATCH (v85)","trainticket_twostage_test.TrainTicketTwoStageTest_1778271990929.Flow_Scenario_475","test_negative_flow_S475_v85_fault_Root1_TYPE_MISMATCH","test_negative_flow_S475_v85_fault_Root1_TYPE_MISMATCH","Microservice test scenario with 1 steps."
"passed","Sat May 09 00:58:36 CDT 2026","Sat May 09 00:58:51 CDT 2026","14365","ts-execute-service","Flow_Scenario_420 | GET /api/v1/executeservice/execute/execute/{orderId}","[Fault: GET__api_v1_executeservice_execute_execute__orderId_] NULL_INPUT (v45)","trainticket_twostage_test.TrainTicketTwoStageTest_1778271990929.Flow_Scenario_420","test_negative_flow_S420_v45_fault_Root1_NULL_INPUT","test_negative_flow_S420_v45_fault_Root1_NULL_INPUT","Microservice test scenario with 1 steps."
"failed","Fri May 08 23:40:13 CDT 2026","Fri May 08 23:40:18 CDT 2026","5046","ts-order-other-service","Flow_Scenario_475 | POST /api/v1/orderOtherService/orderOther/refresh","[Fault: POST__api_v1_orderOtherService_orderOther_refresh] SPECIAL_CHARACTERS (v188)","trainticket_twostage_test.TrainTicketTwoStageTest_1778271990929.Flow_Scenario_475","test_negative_flow_S475_v188_fault_Root1_SPECIAL_CHARACTERS","test_negative_flow_S475_v188_fault_Root1_SPECIAL_CHARACTERS","Microservice test scenario with 1 steps."
"passed","Fri May 08 23:46:03 CDT 2026","Fri May 08 23:46:08 CDT 2026","5050","ts-order-other-service","Flow_Scenario_475 | POST /api/v1/orderOtherService/orderOther/refresh","[Fault: POST__api_v1_orderOtherService_orderOther_refresh] TYPE_MISMATCH (v65)","trainticket_twostage_test.TrainTicketTwoStageTest_1778271990929.Flow_Scenario_475","test_negative_flow_S475_v65_fault_Root1_TYPE_MISMATCH","test_negative_flow_S475_v65_fault_Root1_TYPE_MISMATCH","Microservice test scenario with 1 steps."
"passed","Sat May 09 01:51:09 CDT 2026","Sat May 09 01:51:22 CDT 2026","12992","ts-admin-basic-info-service","Flow_Scenario_3 | POST /api/v1/adminbasicservice/adminbasic/trains","[Fault: POST__api_v1_adminbasicservice_adminbasic_trains] SPECIAL_CHARACTERS (v137)","trainticket_twostage_test.TrainTicketTwoStageTest_1778271990929.Flow_Scenario_3","test_negative_flow_S3_v137_fault_Root1_SPECIAL_CHARACTERS","test_negative_flow_S3_v137_fault_Root1_SPECIAL_CHARACTERS","Microservice test scenario with 1 steps."
"failed","Sat May 09 00:28:49 CDT 2026","Sat May 09 00:29:02 CDT 2026","13808","ts-travel2-service","Flow_Scenario_749 | POST /api/v1/travel2service/trips/left","[Fault: POST__api_v1_travel2service_trips_left] SEMANTIC_MISMATCH (v120)","trainticket_twostage_test.TrainTicketTwoStageTest_1778271990929.Flow_Scenario_749","test_negative_flow_S749_v120_fault_Root1_SEMANTIC_MISMATCH","test_negative_flow_S749_v120_fault_Root1_SEMANTIC_MISMATCH","Microservice test scenario with 1 steps."
"passed","Sat May 09 01:46:38 CDT 2026","Sat May 09 01:46:51 CDT 2026","12876","ts-admin-basic-info-service","Flow_Scenario_3 | POST /api/v1/adminbasicservice/adminbasic/trains","[Fault: POST__api_v1_adminbasicservice_adminbasic_trains] OVERFLOW (v57)","trainticket_twostage_test.TrainTicketTwoStageTest_1778271990929.Flow_Scenario_3","test_negative_flow_S3_v57_fault_Root1_OVERFLOW","test_negative_flow_S3_v57_fault_Root1_OVERFLOW","Microservice test scenario with 1 steps."
"failed","Sat May 09 01:27:40 CDT 2026","Sat May 09 01:27:53 CDT 2026","12985","ts-admin-basic-info-service","Flow_Scenario_994 | PUT /api/v1/adminbasicservice/adminbasic/stations","[Valid] v21","trainticket_twostage_test.TrainTicketTwoStageTest_1778271990929.Flow_Scenario_994","test_positive_flow_S994_v21","test_positive_flow_S994_v21","Microservice test scenario with 1 steps."
"passed","Sat May 09 01:51:35 CDT 2026","Sat May 09 01:51:49 CDT 2026","13771","ts-admin-basic-info-service","Flow_Scenario_3 | POST /api/v1/adminbasicservice/adminbasic/trains","[Fault: POST__api_v1_adminbasicservice_adminbasic_trains] OVERFLOW (v123)","trainticket_twostage_test.TrainTicketTwoStageTest_1778271990929.Flow_Scenario_3","test_negative_flow_S3_v123_fault_Root1_OVERFLOW","test_negative_flow_S3_v123_fault_Root1_OVERFLOW","Microservice test scenario with 1 steps."
"passed","Sat May 09 00:37:32 CDT 2026","Sat May 09 00:37:37 CDT 2026","5043","ts-travel2-service","Flow_Scenario_749 | POST /api/v1/travel2service/trips/left","[Fault: POST__api_v1_travel2service_trips_left] TYPE_MISMATCH (v83)","trainticket_twostage_test.TrainTicketTwoStageTest_1778271990929.Flow_Scenario_749","test_negative_flow_S749_v83_fault_Root1_TYPE_MISMATCH","test_negative_flow_S749_v83_fault_Root1_TYPE_MISMATCH","Microservice test scenario with 1 steps."
"passed","Sat May 09 01:57:58 CDT 2026","Sat May 09 01:58:12 CDT 2026","13737","ts-admin-basic-info-service","Flow_Scenario_3 | POST /api/v1/adminbasicservice/adminbasic/trains","[Fault: POST__api_v1_adminbasicservice_adminbasic_trains] OVERFLOW (v148)","trainticket_twostage_test.TrainTicketTwoStageTest_1778271990929.Flow_Scenario_3","test_negative_flow_S3_v148_fault_Root1_OVERFLOW","test_negative_flow_S3_v148_fault_Root1_OVERFLOW","Microservice test scenario with 1 steps."
"failed","Sat May 09 02:36:23 CDT 2026","Sat May 09 02:36:36 CDT 2026","12465","ts-admin-travel-service","Flow_Scenario_1088 | DELETE /api/v1/admintravelservice/admintravel/{tripId}","[Valid] v12","trainticket_twostage_test.TrainTicketTwoStageTest_1778271990929.Flow_Scenario_1088","test_positive_flow_S1088_v12","test_positive_flow_S1088_v12","Microservice test scenario with 1 steps."
"passed","Sat May 09 01:19:52 CDT 2026","Sat May 09 01:20:07 CDT 2026","14917","ts-consign-service","Flow_Scenario_894 | GET /api/v1/consignservice/consigns/order/{id}","[Fault: GET__api_v1_consignservice_consigns_order__id_] EMPTY_INPUT (v46)","trainticket_twostage_test.TrainTicketTwoStageTest_1778271990929.Flow_Scenario_894","test_negative_flow_S894_v46_fault_Root1_EMPTY_INPUT","test_negative_flow_S894_v46_fault_Root1_EMPTY_INPUT","Microservice test scenario with 1 steps."
"failed","Fri May 08 23:21:58 CDT 2026","Fri May 08 23:22:07 CDT 2026","9246","ts-order-other-service","Flow_Scenario_475 | POST /api/v1/orderOtherService/orderOther/refresh","[Fault: POST__api_v1_orderOtherService_orderOther_refresh] OVERFLOW (v238)","trainticket_twostage_test.TrainTicketTwoStageTest_1778271990929.Flow_Scenario_475","test_negative_flow_S475_v238_fault_Root1_OVERFLOW","test_negative_flow_S475_v238_fault_Root1_OVERFLOW","Microservice test scenario with 1 steps."
"failed","Sat May 09 01:02:54 CDT 2026","Sat May 09 01:03:07 CDT 2026","13080","ts-consign-service","Flow_Scenario_894 | GET /api/v1/consignservice/consigns/order/{id}","[Valid] v4","trainticket_twostage_test.TrainTicketTwoStageTest_1778271990929.Flow_Scenario_894","test_positive_flow_S894_v4","test_positive_flow_S894_v4","Microservice test scenario with 1 steps."
"passed","Sat May 09 01:37:37 CDT 2026","Sat May 09 01:37:51 CDT 2026","13733","ts-admin-basic-info-service","Flow_Scenario_3 | POST /api/v1/adminbasicservice/adminbasic/trains","[Fault: POST__api_v1_adminbasicservice_adminbasic_trains] SPECIAL_CHARACTERS (v79)","trainticket_twostage_test.TrainTicketTwoStageTest_1778271990929.Flow_Scenario_3","test_negative_flow_S3_v79_fault_Root1_SPECIAL_CHARACTERS","test_negative_flow_S3_v79_fault_Root1_SPECIAL_CHARACTERS","Microservice test scenario with 1 steps."
"passed","Sat May 09 01:07:29 CDT 2026","Sat May 09 01:07:44 CDT 2026","14545","ts-consign-service","Flow_Scenario_894 | GET /api/v1/consignservice/consigns/order/{id}","[Fault: GET__api_v1_consignservice_consigns_order__id_] SPECIAL_CHARACTERS (v67)","trainticket_twostage_test.TrainTicketTwoStageTest_1778271990929.Flow_Scenario_894","test_negative_flow_S894_v67_fault_Root1_SPECIAL_CHARACTERS","test_negative_flow_S894_v67_fault_Root1_SPECIAL_CHARACTERS","Microservice test scenario with 1 steps."
"failed","Sat May 09 02:33:42 CDT 2026","Sat May 09 02:33:52 CDT 2026","9714","ts-admin-basic-info-service","Flow_Scenario_178 | PUT /api/v1/adminbasicservice/adminbasic/trains","[Valid] v9","trainticket_twostage_test.TrainTicketTwoStageTest_1778271990929.Flow_Scenario_178","test_positive_flow_S178_v9","test_positive_flow_S178_v9","Microservice test scenario with 1 steps."
"failed","Sat May 09 02:38:45 CDT 2026","Sat May 09 02:38:57 CDT 2026","12301","ts-admin-travel-service","Flow_Scenario_1088 | DELETE /api/v1/admintravelservice/admintravel/{tripId}","[Valid] v59","trainticket_twostage_test.TrainTicketTwoStageTest_1778271990929.Flow_Scenario_1088","test_positive_flow_S1088_v59","test_positive_flow_S1088_v59","Microservice test scenario with 1 steps."
"failed","Fri May 08 23:41:30 CDT 2026","Fri May 08 23:41:39 CDT 2026","9252","ts-order-other-service","Flow_Scenario_475 | POST /api/v1/orderOtherService/orderOther/refresh","[Fault: POST__api_v1_orderOtherService_orderOther_refresh] SPECIAL_CHARACTERS (v271)","trainticket_twostage_test.TrainTicketTwoStageTest_1778271990929.Flow_Scenario_475","test_negative_flow_S475_v271_fault_Root1_SPECIAL_CHARACTERS","test_negative_flow_S475_v271_fault_Root1_SPECIAL_CHARACTERS","Microservice test scenario with 1 steps."
"passed","Sat May 09 00:47:05 CDT 2026","Sat May 09 00:47:15 CDT 2026","10048","ts-travel2-service","Flow_Scenario_749 | POST /api/v1/travel2service/trips/left","[Fault: POST__api_v1_travel2service_trips_left] SEMANTIC_MISMATCH (v99)","trainticket_twostage_test.TrainTicketTwoStageTest_1778271990929.Flow_Scenario_749","test_negative_flow_S749_v99_fault_Root1_SEMANTIC_MISMATCH","test_negative_flow_S749_v99_fault_Root1_SEMANTIC_MISMATCH","Microservice test scenario with 1 steps."
"failed","Fri May 08 23:52:33 CDT 2026","Fri May 08 23:52:42 CDT 2026","9223","ts-order-other-service","Flow_Scenario_475 | POST /api/v1/orderOtherService/orderOther/refresh","[Fault: POST__api_v1_orderOtherService_orderOther_refresh] SEMANTIC_MISMATCH (v147)","trainticket_twostage_test.TrainTicketTwoStageTest_1778271990929.Flow_Scenario_475","test_negative_flow_S475_v147_fault_Root1_SEMANTIC_MISMATCH","test_negative_flow_S475_v147_fault_Root1_SEMANTIC_MISMATCH","Microservice test scenario with 1 steps."
"passed","Sat May 09 00:05:26 CDT 2026","Sat May 09 00:05:34 CDT 2026","8451","ts-travel-plan-service","Flow_Scenario_276 | POST /api/v1/travelplanservice/travelPlan/cheapest","[Fault: POST__api_v1_travelplanservice_travelPlan_cheapest] OVERFLOW (v116)","trainticket_twostage_test.TrainTicketTwoStageTest_1778271990929.Flow_Scenario_276","test_negative_flow_S276_v116_fault_Root1_OVERFLOW","test_negative_flow_S276_v116_fault_Root1_OVERFLOW","Microservice test scenario with 1 steps."
"failed","Sat May 09 02:19:58 CDT 2026","Sat May 09 02:20:12 CDT 2026","13961","ts-admin-basic-info-service","Flow_Scenario_178 | PUT /api/v1/adminbasicservice/adminbasic/trains","[Valid] v43","trainticket_twostage_test.TrainTicketTwoStageTest_1778271990929.Flow_Scenario_178","test_positive_flow_S178_v43","test_positive_flow_S178_v43","Microservice test scenario with 1 steps."
"passed","Fri May 08 23:57:16 CDT 2026","Fri May 08 23:57:26 CDT 2026","9365","ts-travel-plan-service","Flow_Scenario_276 | POST /api/v1/travelplanservice/travelPlan/cheapest","[Fault: POST__api_v1_travelplanservice_travelPlan_cheapest] OVERFLOW (v29)","trainticket_twostage_test.TrainTicketTwoStageTest_1778271990929.Flow_Scenario_276","test_negative_flow_S276_v29_fault_Root1_OVERFLOW","test_negative_flow_S276_v29_fault_Root1_OVERFLOW","Microservice test scenario with 1 steps."
"passed","Sat May 09 00:34:23 CDT 2026","Sat May 09 00:34:33 CDT 2026","9696","ts-travel2-service","Flow_Scenario_749 | POST /api/v1/travel2service/trips/left","[Valid] v16","trainticket_twostage_test.TrainTicketTwoStageTest_1778271990929.Flow_Scenario_749","test_positive_flow_S749_v16","test_positive_flow_S749_v16","Microservice test scenario with 1 steps."
"failed","Sat May 09 01:01:01 CDT 2026","Sat May 09 01:01:14 CDT 2026","12516","ts-admin-order-service","Flow_Scenario_1 | GET /api/v1/adminorderservice/adminorder","[Explore 404]","trainticket_twostage_test.TrainTicketTwoStageTest_1778271990929.Flow_Scenario_1","test_positive_flow_S1_v1_explore_404","test_positive_flow_S1_v1_explore_404","Microservice test scenario with 1 steps."
"passed","Sat May 09 00:17:48 CDT 2026","Sat May 09 00:17:58 CDT 2026","9434","ts-travel-plan-service","Flow_Scenario_276 | POST /api/v1/travelplanservice/travelPlan/cheapest","[Fault: POST__api_v1_travelplanservice_travelPlan_cheapest] TYPE_MISMATCH (v86)","trainticket_twostage_test.TrainTicketTwoStageTest_1778271990929.Flow_Scenario_276","test_negative_flow_S276_v86_fault_Root1_TYPE_MISMATCH","test_negative_flow_S276_v86_fault_Root1_TYPE_MISMATCH","Microservice test scenario with 1 steps."
"failed","Sat May 09 01:28:06 CDT 2026","Sat May 09 01:28:19 CDT 2026","12889","ts-admin-basic-info-service","Flow_Scenario_994 | PUT /api/v1/adminbasicservice/adminbasic/stations","[Valid] v23","trainticket_twostage_test.TrainTicketTwoStageTest_1778271990929.Flow_Scenario_994","test_positive_flow_S994_v23","test_positive_flow_S994_v23","Microservice test scenario with 1 steps."
"failed","Sat May 09 00:39:50 CDT 2026","Sat May 09 00:39:58 CDT 2026","8692","ts-travel2-service","Flow_Scenario_749 | POST /api/v1/travel2service/trips/left","[Fault: POST__api_v1_travel2service_trips_left] SEMANTIC_MISMATCH (v36)","trainticket_twostage_test.TrainTicketTwoStageTest_1778271990929.Flow_Scenario_749","test_negative_flow_S749_v36_fault_Root1_SEMANTIC_MISMATCH","test_negative_flow_S749_v36_fault_Root1_SEMANTIC_MISMATCH","Microservice test scenario with 1 steps."
"passed","Sat May 09 00:18:20 CDT 2026","Sat May 09 00:18:39 CDT 2026","19472","ts-travel-plan-service","Flow_Scenario_276 | POST /api/v1/travelplanservice/travelPlan/cheapest","[Fault: POST__api_v1_travelplanservice_travelPlan_cheapest] SPECIAL_CHARACTERS (v133)","trainticket_twostage_test.TrainTicketTwoStageTest_1778271990929.Flow_Scenario_276","test_negative_flow_S276_v133_fault_Root1_SPECIAL_CHARACTERS","test_negative_flow_S276_v133_fault_Root1_SPECIAL_CHARACTERS","Microservice test scenario with 1 steps."
"failed","Fri May 08 23:35:55 CDT 2026","Fri May 08 23:36:00 CDT 2026","5053","ts-order-other-service","Flow_Scenario_475 | POST /api/v1/orderOtherService/orderOther/refresh","[Fault: POST__api_v1_orderOtherService_orderOther_refresh] SEMANTIC_MISMATCH (v118)","trainticket_twostage_test.TrainTicketTwoStageTest_1778271990929.Flow_Scenario_475","test_negative_flow_S475_v118_fault_Root1_SEMANTIC_MISMATCH","test_negative_flow_S475_v118_fault_Root1_SEMANTIC_MISMATCH","Microservice test scenario with 1 steps."
"passed","Fri May 08 23:26:31 CDT 2026","Fri May 08 23:26:36 CDT 2026","5041","ts-order-other-service","Flow_Scenario_475 | POST /api/v1/orderOtherService/orderOther/refresh","[Fault: POST__api_v1_orderOtherService_orderOther_refresh] TYPE_MISMATCH (v223)","trainticket_twostage_test.TrainTicketTwoStageTest_1778271990929.Flow_Scenario_475","test_negative_flow_S475_v223_fault_Root1_TYPE_MISMATCH","test_negative_flow_S475_v223_fault_Root1_TYPE_MISMATCH","Microservice test scenario with 1 steps."
"failed","Sat May 09 00:01:13 CDT 2026","Sat May 09 00:01:22 CDT 2026","9468","ts-travel-plan-service","Flow_Scenario_276 | POST /api/v1/travelplanservice/travelPlan/cheapest","[Valid] v10","trainticket_twostage_test.TrainTicketTwoStageTest_1778271990929.Flow_Scenario_276","test_positive_flow_S276_v10","test_positive_flow_S276_v10","Microservice test scenario with 1 steps."
"passed","Sat May 09 01:56:52 CDT 2026","Sat May 09 01:57:05 CDT 2026","12852","ts-admin-basic-info-service","Flow_Scenario_3 | POST /api/v1/adminbasicservice/adminbasic/trains","[Fault: POST__api_v1_adminbasicservice_adminbasic_trains] SEMANTIC_MISMATCH (v100)","trainticket_twostage_test.TrainTicketTwoStageTest_1778271990929.Flow_Scenario_3","test_negative_flow_S3_v100_fault_Root1_SEMANTIC_MISMATCH","test_negative_flow_S3_v100_fault_Root1_SEMANTIC_MISMATCH","Microservice test scenario with 1 steps."
"passed","Sat May 09 01:50:21 CDT 2026","Sat May 09 01:50:30 CDT 2026","9624","ts-admin-basic-info-service","Flow_Scenario_3 | POST /api/v1/adminbasicservice/adminbasic/trains","[Fault: POST__api_v1_adminbasicservice_adminbasic_trains] TYPE_MISMATCH (v46)","trainticket_twostage_test.TrainTicketTwoStageTest_1778271990929.Flow_Scenario_3","test_negative_flow_S3_v46_fault_Root1_TYPE_MISMATCH","test_negative_flow_S3_v46_fault_Root1_TYPE_MISMATCH","Microservice test scenario with 1 steps."
"passed","Sat May 09 01:38:45 CDT 2026","Sat May 09 01:38:59 CDT 2026","13899","ts-admin-basic-info-service","Flow_Scenario_3 | POST /api/v1/adminbasicservice/adminbasic/trains","[Fault: POST__api_v1_adminbasicservice_adminbasic_trains] OVERFLOW (v30)","trainticket_twostage_test.TrainTicketTwoStageTest_1778271990929.Flow_Scenario_3","test_negative_flow_S3_v30_fault_Root1_OVERFLOW","test_negative_flow_S3_v30_fault_Root1_OVERFLOW","Microservice test scenario with 1 steps."
"failed","Fri May 08 23:52:19 CDT 2026","Fri May 08 23:52:24 CDT 2026","5048","ts-order-other-service","Flow_Scenario_475 | POST /api/v1/orderOtherService/orderOther/refresh","[Fault: POST__api_v1_orderOtherService_orderOther_refresh] SPECIAL_CHARACTERS (v112)","trainticket_twostage_test.TrainTicketTwoStageTest_1778271990929.Flow_Scenario_475","test_negative_flow_S475_v112_fault_Root1_SPECIAL_CHARACTERS","test_negative_flow_S475_v112_fault_Root1_SPECIAL_CHARACTERS","Microservice test scenario with 1 steps."
"passed","Fri May 08 23:43:24 CDT 2026","Fri May 08 23:43:35 CDT 2026","11048","ts-order-other-service","Flow_Scenario_475 | POST /api/v1/orderOtherService/orderOther/refresh","[Valid] v13","trainticket_twostage_test.TrainTicketTwoStageTest_1778271990929.Flow_Scenario_475","test_positive_flow_S475_v13","test_positive_flow_S475_v13","Microservice test scenario with 1 steps."
"failed","Fri May 08 23:38:56 CDT 2026","Fri May 08 23:39:06 CDT 2026","9220","ts-order-other-service","Flow_Scenario_475 | POST /api/v1/orderOtherService/orderOther/refresh","[Fault: POST__api_v1_orderOtherService_orderOther_refresh] SPECIAL_CHARACTERS (v104)","trainticket_twostage_test.TrainTicketTwoStageTest_1778271990929.Flow_Scenario_475","test_negative_flow_S475_v104_fault_Root1_SPECIAL_CHARACTERS","test_negative_flow_S475_v104_fault_Root1_SPECIAL_CHARACTERS","Microservice test scenario with 1 steps."
"failed","Sat May 09 01:26:47 CDT 2026","Sat May 09 01:27:01 CDT 2026","13726","ts-admin-basic-info-service","Flow_Scenario_994 | PUT /api/v1/adminbasicservice/adminbasic/stations","[Valid] v17","trainticket_twostage_test.TrainTicketTwoStageTest_1778271990929.Flow_Scenario_994","test_positive_flow_S994_v17","test_positive_flow_S994_v17","Microservice test scenario with 1 steps."
"passed","Sat May 09 01:04:24 CDT 2026","Sat May 09 01:04:37 CDT 2026","12783","ts-consign-service","Flow_Scenario_894 | GET /api/v1/consignservice/consigns/order/{id}","[Fault: GET__api_v1_consignservice_consigns_order__id_] EMPTY_INPUT (v41)","trainticket_twostage_test.TrainTicketTwoStageTest_1778271990929.Flow_Scenario_894","test_negative_flow_S894_v41_fault_Root1_EMPTY_INPUT","test_negative_flow_S894_v41_fault_Root1_EMPTY_INPUT","Microservice test scenario with 1 steps."
"passed","Sat May 09 01:52:28 CDT 2026","Sat May 09 01:52:41 CDT 2026","13137","ts-admin-basic-info-service","Flow_Scenario_3 | POST /api/v1/adminbasicservice/adminbasic/trains","[Fault: POST__api_v1_adminbasicservice_adminbasic_trains] TYPE_MISMATCH (v52)","trainticket_twostage_test.TrainTicketTwoStageTest_1778271990929.Flow_Scenario_3","test_negative_flow_S3_v52_fault_Root1_TYPE_MISMATCH","test_negative_flow_S3_v52_fault_Root1_TYPE_MISMATCH","Microservice test scenario with 1 steps."
"failed","Sat May 09 00:32:02 CDT 2026","Sat May 09 00:32:12 CDT 2026","9277","ts-travel2-service","Flow_Scenario_749 | POST /api/v1/travel2service/trips/left","[Fault: POST__api_v1_travel2service_trips_left] SPECIAL_CHARACTERS (v62)","trainticket_twostage_test.TrainTicketTwoStageTest_1778271990929.Flow_Scenario_749","test_negative_flow_S749_v62_fault_Root1_SPECIAL_CHARACTERS","test_negative_flow_S749_v62_fault_Root1_SPECIAL_CHARACTERS","Microservice test scenario with 1 steps."
"failed","Sat May 09 01:31:05 CDT 2026","Sat May 09 01:31:19 CDT 2026","13754","ts-admin-basic-info-service","Flow_Scenario_994 | PUT /api/v1/adminbasicservice/adminbasic/stations","[Valid] v63","trainticket_twostage_test.TrainTicketTwoStageTest_1778271990929.Flow_Scenario_994","test_positive_flow_S994_v63","test_positive_flow_S994_v63","Microservice test scenario with 1 steps."
"passed","Sat May 09 00:36:57 CDT 2026","Sat May 09 00:37:02 CDT 2026","5088","ts-travel2-service","Flow_Scenario_749 | POST /api/v1/travel2service/trips/left","[Fault: POST__api_v1_travel2service_trips_left] SPECIAL_CHARACTERS (v68)","trainticket_twostage_test.TrainTicketTwoStageTest_1778271990929.Flow_Scenario_749","test_negative_flow_S749_v68_fault_Root1_SPECIAL_CHARACTERS","test_negative_flow_S749_v68_fault_Root1_SPECIAL_CHARACTERS","Microservice test scenario with 1 steps."
"passed","Sat May 09 00:52:45 CDT 2026","Sat May 09 00:52:59 CDT 2026","14131","ts-execute-service","Flow_Scenario_420 | GET /api/v1/executeservice/execute/execute/{orderId}","[Fault: GET__api_v1_executeservice_execute_execute__orderId_] TYPE_MISMATCH (v58)","trainticket_twostage_test.TrainTicketTwoStageTest_1778271990929.Flow_Scenario_420","test_negative_flow_S420_v58_fault_Root1_TYPE_MISMATCH","test_negative_flow_S420_v58_fault_Root1_TYPE_MISMATCH","Microservice test scenario with 1 steps."
"failed","Sat May 09 01:27:27 CDT 2026","Sat May 09 01:27:40 CDT 2026","12985","ts-admin-basic-info-service","Flow_Scenario_994 | PUT /api/v1/adminbasicservice/adminbasic/stations","[Valid] v20","trainticket_twostage_test.TrainTicketTwoStageTest_1778271990929.Flow_Scenario_994","test_positive_flow_S994_v20","test_positive_flow_S994_v20","Microservice test scenario with 1 steps."
"passed","Sat May 09 01:05:43 CDT 2026","Sat May 09 01:05:57 CDT 2026","13974","ts-consign-service","Flow_Scenario_894 | GET /api/v1/consignservice/consigns/order/{id}","[Fault: GET__api_v1_consignservice_consigns_order__id_] SEMANTIC_MISMATCH (v44)","trainticket_twostage_test.TrainTicketTwoStageTest_1778271990929.Flow_Scenario_894","test_negative_flow_S894_v44_fault_Root1_SEMANTIC_MISMATCH","test_negative_flow_S894_v44_fault_Root1_SEMANTIC_MISMATCH","Microservice test scenario with 1 steps."
"passed","Sat May 09 01:57:32 CDT 2026","Sat May 09 01:57:45 CDT 2026","13137","ts-admin-basic-info-service","Flow_Scenario_3 | POST /api/v1/adminbasicservice/adminbasic/trains","[Fault: POST__api_v1_adminbasicservice_adminbasic_trains] TYPE_MISMATCH (v22)","trainticket_twostage_test.TrainTicketTwoStageTest_1778271990929.Flow_Scenario_3","test_negative_flow_S3_v22_fault_Root1_TYPE_MISMATCH","test_negative_flow_S3_v22_fault_Root1_TYPE_MISMATCH","Microservice test scenario with 1 steps."
"passed","Sat May 09 00:12:28 CDT 2026","Sat May 09 00:12:38 CDT 2026","9145","ts-travel-plan-service","Flow_Scenario_276 | POST /api/v1/travelplanservice/travelPlan/cheapest","[Fault: POST__api_v1_travelplanservice_travelPlan_cheapest] SPECIAL_CHARACTERS (v129)","trainticket_twostage_test.TrainTicketTwoStageTest_1778271990929.Flow_Scenario_276","test_negative_flow_S276_v129_fault_Root1_SPECIAL_CHARACTERS","test_negative_flow_S276_v129_fault_Root1_SPECIAL_CHARACTERS","Microservice test scenario with 1 steps."
"passed","Fri May 08 23:24:55 CDT 2026","Fri May 08 23:25:00 CDT 2026","5045","ts-order-other-service","Flow_Scenario_475 | POST /api/v1/orderOtherService/orderOther/refresh","[Fault: POST__api_v1_orderOtherService_orderOther_refresh] TYPE_MISMATCH (v217)","trainticket_twostage_test.TrainTicketTwoStageTest_1778271990929.Flow_Scenario_475","test_negative_flow_S475_v217_fault_Root1_TYPE_MISMATCH","test_negative_flow_S475_v217_fault_Root1_TYPE_MISMATCH","Microservice test scenario with 1 steps."
"passed","Fri May 08 23:54:58 CDT 2026","Fri May 08 23:55:07 CDT 2026","9084","ts-travel-plan-service","Flow_Scenario_276 | POST /api/v1/travelplanservice/travelPlan/cheapest","[Fault: POST__api_v1_travelplanservice_travelPlan_cheapest] TYPE_MISMATCH (v41)","trainticket_twostage_test.TrainTicketTwoStageTest_1778271990929.Flow_Scenario_276","test_negative_flow_S276_v41_fault_Root1_TYPE_MISMATCH","test_negative_flow_S276_v41_fault_Root1_TYPE_MISMATCH","Microservice test scenario with 1 steps."
"failed","Fri May 08 23:48:24 CDT 2026","Fri May 08 23:48:33 CDT 2026","9227","ts-order-other-service","Flow_Scenario_475 | POST /api/v1/orderOtherService/orderOther/refresh","[Fault: POST__api_v1_orderOtherService_orderOther_refresh] SEMANTIC_MISMATCH (v201)","trainticket_twostage_test.TrainTicketTwoStageTest_1778271990929.Flow_Scenario_475","test_negative_flow_S475_v201_fault_Root1_SEMANTIC_MISMATCH","test_negative_flow_S475_v201_fault_Root1_SEMANTIC_MISMATCH","Microservice test scenario with 1 steps."
"failed","Fri May 08 23:31:11 CDT 2026","Fri May 08 23:31:20 CDT 2026","9224","ts-order-other-service","Flow_Scenario_475 | POST /api/v1/orderOtherService/orderOther/refresh","[Fault: POST__api_v1_orderOtherService_orderOther_refresh] SEMANTIC_MISMATCH (v24)","trainticket_twostage_test.TrainTicketTwoStageTest_1778271990929.Flow_Scenario_475","test_negative_flow_S475_v24_fault_Root1_SEMANTIC_MISMATCH","test_negative_flow_S475_v24_fault_Root1_SEMANTIC_MISMATCH","Microservice test scenario with 1 steps."
"failed","Sat May 09 00:38:00 CDT 2026","Sat May 09 00:38:11 CDT 2026","10498","ts-travel2-service","Flow_Scenario_749 | POST /api/v1/travel2service/trips/left","[Fault: POST__api_v1_travel2service_trips_left] OVERFLOW (v71)","trainticket_twostage_test.TrainTicketTwoStageTest_1778271990929.Flow_Scenario_749","test_negative_flow_S749_v71_fault_Root1_OVERFLOW","test_negative_flow_S749_v71_fault_Root1_OVERFLOW","Microservice test scenario with 1 steps."
"passed","Sat May 09 00:59:42 CDT 2026","Sat May 09 00:59:54 CDT 2026","12677","ts-execute-service","Flow_Scenario_420 | GET /api/v1/executeservice/execute/execute/{orderId}","[Fault: GET__api_v1_executeservice_execute_execute__orderId_] OVERFLOW (v33)","trainticket_twostage_test.TrainTicketTwoStageTest_1778271990929.Flow_Scenario_420","test_negative_flow_S420_v33_fault_Root1_OVERFLOW","test_negative_flow_S420_v33_fault_Root1_OVERFLOW","Microservice test scenario with 1 steps."
"passed","Sat May 09 00:33:52 CDT 2026","Sat May 09 00:34:04 CDT 2026","12922","ts-travel2-service","Flow_Scenario_749 | POST /api/v1/travel2service/trips/left","[Valid] v13","trainticket_twostage_test.TrainTicketTwoStageTest_1778271990929.Flow_Scenario_749","test_positive_flow_S749_v13","test_positive_flow_S749_v13","Microservice test scenario with 1 steps."
"passed","Fri May 08 23:36:50 CDT 2026","Fri May 08 23:36:59 CDT 2026","9233","ts-order-other-service","Flow_Scenario_475 | POST /api/v1/orderOtherService/orderOther/refresh","[Fault: POST__api_v1_orderOtherService_orderOther_refresh] TYPE_MISMATCH (v131)","trainticket_twostage_test.TrainTicketTwoStageTest_1778271990929.Flow_Scenario_475","test_negative_flow_S475_v131_fault_Root1_TYPE_MISMATCH","test_negative_flow_S475_v131_fault_Root1_TYPE_MISMATCH","Microservice test scenario with 1 steps."
"failed","Sat May 09 02:08:24 CDT 2026","Sat May 09 02:08:36 CDT 2026","12176","ts-admin-basic-info-service","Flow_Scenario_3 | POST /api/v1/adminbasicservice/adminbasic/trains","[Valid] v11","trainticket_twostage_test.TrainTicketTwoStageTest_1778271990929.Flow_Scenario_3","test_positive_flow_S3_v11","test_positive_flow_S3_v11","Microservice test scenario with 1 steps."
"passed","Sat May 09 00:15:08 CDT 2026","Sat May 09 00:15:18 CDT 2026","9882","ts-travel-plan-service","Flow_Scenario_276 | POST /api/v1/travelplanservice/travelPlan/cheapest","[Fault: POST__api_v1_travelplanservice_travelPlan_cheapest] TYPE_MISMATCH (v65)","trainticket_twostage_test.TrainTicketTwoStageTest_1778271990929.Flow_Scenario_276","test_negative_flow_S276_v65_fault_Root1_TYPE_MISMATCH","test_negative_flow_S276_v65_fault_Root1_TYPE_MISMATCH","Microservice test scenario with 1 steps."
"failed","Sat May 09 02:18:52 CDT 2026","Sat May 09 02:19:05 CDT 2026","13048","ts-admin-basic-info-service","Flow_Scenario_178 | PUT /api/v1/adminbasicservice/adminbasic/trains","[Valid] v38","trainticket_twostage_test.TrainTicketTwoStageTest_1778271990929.Flow_Scenario_178","test_positive_flow_S178_v38","test_positive_flow_S178_v38","Microservice test scenario with 1 steps."
"failed","Fri May 08 23:49:35 CDT 2026","Fri May 08 23:49:40 CDT 2026","5054","ts-order-other-service","Flow_Scenario_475 | POST /api/v1/orderOtherService/orderOther/refresh","[Fault: POST__api_v1_orderOtherService_orderOther_refresh] SPECIAL_CHARACTERS (v130)","trainticket_twostage_test.TrainTicketTwoStageTest_1778271990929.Flow_Scenario_475","test_negative_flow_S475_v130_fault_Root1_SPECIAL_CHARACTERS","test_negative_flow_S475_v130_fault_Root1_SPECIAL_CHARACTERS","Microservice test scenario with 1 steps."
"failed","Fri May 08 23:48:19 CDT 2026","Fri May 08 23:48:24 CDT 2026","5046","ts-order-other-service","Flow_Scenario_475 | POST /api/v1/orderOtherService/orderOther/refresh","[Fault: POST__api_v1_orderOtherService_orderOther_refresh] OVERFLOW (v181)","trainticket_twostage_test.TrainTicketTwoStageTest_1778271990929.Flow_Scenario_475","test_negative_flow_S475_v181_fault_Root1_OVERFLOW","test_negative_flow_S475_v181_fault_Root1_OVERFLOW","Microservice test scenario with 1 steps."
"failed","Sat May 09 00:20:43 CDT 2026","Sat May 09 00:20:56 CDT 2026","12674","ts-admin-basic-info-service","Flow_Scenario_1040 | POST /api/v1/adminbasicservice/adminbasic/stations","[Valid] v18","trainticket_twostage_test.TrainTicketTwoStageTest_1778271990929.Flow_Scenario_1040","test_positive_flow_S1040_v18","test_positive_flow_S1040_v18","Microservice test scenario with 1 steps."
"passed","Sat May 09 01:06:22 CDT 2026","Sat May 09 01:06:34 CDT 2026","12370","ts-consign-service","Flow_Scenario_894 | GET /api/v1/consignservice/consigns/order/{id}","[Fault: GET__api_v1_consignservice_consigns_order__id_] SEMANTIC_MISMATCH (v26)","trainticket_twostage_test.TrainTicketTwoStageTest_1778271990929.Flow_Scenario_894","test_negative_flow_S894_v26_fault_Root1_SEMANTIC_MISMATCH","test_negative_flow_S894_v26_fault_Root1_SEMANTIC_MISMATCH","Microservice test scenario with 1 steps."
"failed","Fri May 08 23:48:58 CDT 2026","Fri May 08 23:49:07 CDT 2026","9225","ts-order-other-service","Flow_Scenario_475 | POST /api/v1/orderOtherService/orderOther/refresh","[Fault: POST__api_v1_orderOtherService_orderOther_refresh] SPECIAL_CHARACTERS (v150)","trainticket_twostage_test.TrainTicketTwoStageTest_1778271990929.Flow_Scenario_475","test_negative_flow_S475_v150_fault_Root1_SPECIAL_CHARACTERS","test_negative_flow_S475_v150_fault_Root1_SPECIAL_CHARACTERS","Microservice test scenario with 1 steps."
"passed","Sat May 09 00:55:40 CDT 2026","Sat May 09 00:55:53 CDT 2026","12556","ts-execute-service","Flow_Scenario_420 | GET /api/v1/executeservice/execute/execute/{orderId}","[Fault: GET__api_v1_executeservice_execute_execute__orderId_] SPECIAL_CHARACTERS (v60)","trainticket_twostage_test.TrainTicketTwoStageTest_1778271990929.Flow_Scenario_420","test_negative_flow_S420_v60_fault_Root1_SPECIAL_CHARACTERS","test_negative_flow_S420_v60_fault_Root1_SPECIAL_CHARACTERS","Microservice test scenario with 1 steps."
"passed","Sat May 09 01:45:18 CDT 2026","Sat May 09 01:45:31 CDT 2026","13218","ts-admin-basic-info-service","Flow_Scenario_3 | POST /api/v1/adminbasicservice/adminbasic/trains","[Fault: POST__api_v1_adminbasicservice_adminbasic_trains] OVERFLOW (v21)","trainticket_twostage_test.TrainTicketTwoStageTest_1778271990929.Flow_Scenario_3","test_negative_flow_S3_v21_fault_Root1_OVERFLOW","test_negative_flow_S3_v21_fault_Root1_OVERFLOW","Microservice test scenario with 1 steps."
"passed","Sat May 09 01:05:30 CDT 2026","Sat May 09 01:05:43 CDT 2026","13035","ts-consign-service","Flow_Scenario_894 | GET /api/v1/consignservice/consigns/order/{id}","[Fault: GET__api_v1_consignservice_consigns_order__id_] SEMANTIC_MISMATCH (v63)","trainticket_twostage_test.TrainTicketTwoStageTest_1778271990929.Flow_Scenario_894","test_negative_flow_S894_v63_fault_Root1_SEMANTIC_MISMATCH","test_negative_flow_S894_v63_fault_Root1_SEMANTIC_MISMATCH","Microservice test scenario with 1 steps."
"failed","Sat May 09 00:47:15 CDT 2026","Sat May 09 00:47:20 CDT 2026","5102","ts-travel2-service","Flow_Scenario_749 | POST /api/v1/travel2service/trips/left","[Fault: POST__api_v1_travel2service_trips_left] SEMANTIC_MISMATCH (v45)","trainticket_twostage_test.TrainTicketTwoStageTest_1778271990929.Flow_Scenario_749","test_negative_flow_S749_v45_fault_Root1_SEMANTIC_MISMATCH","test_negative_flow_S749_v45_fault_Root1_SEMANTIC_MISMATCH","Microservice test scenario with 1 steps."
"passed","Sat May 09 00:50:29 CDT 2026","Sat May 09 00:50:42 CDT 2026","13148","ts-execute-service","Flow_Scenario_420 | GET /api/v1/executeservice/execute/execute/{orderId}","[Fault: GET__api_v1_executeservice_execute_execute__orderId_] EMPTY_INPUT (v35)","trainticket_twostage_test.TrainTicketTwoStageTest_1778271990929.Flow_Scenario_420","test_negative_flow_S420_v35_fault_Root1_EMPTY_INPUT","test_negative_flow_S420_v35_fault_Root1_EMPTY_INPUT","Microservice test scenario with 1 steps."
"passed","Sat May 09 02:12:05 CDT 2026","Sat May 09 02:12:18 CDT 2026","12825","ts-admin-basic-info-service","Flow_Scenario_3 | POST /api/v1/adminbasicservice/adminbasic/trains","[Fault: POST__api_v1_adminbasicservice_adminbasic_trains] SPECIAL_CHARACTERS (v75)","trainticket_twostage_test.TrainTicketTwoStageTest_1778271990929.Flow_Scenario_3","test_negative_flow_S3_v75_fault_Root1_SPECIAL_CHARACTERS","test_negative_flow_S3_v75_fault_Root1_SPECIAL_CHARACTERS","Microservice test scenario with 1 steps."
"passed","Fri May 08 23:32:09 CDT 2026","Fri May 08 23:32:14 CDT 2026","5046","ts-order-other-service","Flow_Scenario_475 | POST /api/v1/orderOtherService/orderOther/refresh","[Fault: POST__api_v1_orderOtherService_orderOther_refresh] TYPE_MISMATCH (v192)","trainticket_twostage_test.TrainTicketTwoStageTest_1778271990929.Flow_Scenario_475","test_negative_flow_S475_v192_fault_Root1_TYPE_MISMATCH","test_negative_flow_S475_v192_fault_Root1_TYPE_MISMATCH","Microservice test scenario with 1 steps."
"failed","Sat May 09 02:29:31 CDT 2026","Sat May 09 02:29:44 CDT 2026","12974","ts-admin-basic-info-service","Flow_Scenario_178 | PUT /api/v1/adminbasicservice/adminbasic/trains","[Valid] v88","trainticket_twostage_test.TrainTicketTwoStageTest_1778271990929.Flow_Scenario_178","test_positive_flow_S178_v88","test_positive_flow_S178_v88","Microservice test scenario with 1 steps."
"failed","Sat May 09 02:23:41 CDT 2026","Sat May 09 02:23:53 CDT 2026","12481","ts-admin-basic-info-service","Flow_Scenario_178 | PUT /api/v1/adminbasicservice/adminbasic/trains","[Valid] v60","trainticket_twostage_test.TrainTicketTwoStageTest_1778271990929.Flow_Scenario_178","test_positive_flow_S178_v60","test_positive_flow_S178_v60","Microservice test scenario with 1 steps."
"passed","Sat May 09 00:14:59 CDT 2026","Sat May 09 00:15:08 CDT 2026","9061","ts-travel-plan-service","Flow_Scenario_276 | POST /api/v1/travelplanservice/travelPlan/cheapest","[Fault: POST__api_v1_travelplanservice_travelPlan_cheapest] TYPE_MISMATCH (v106)","trainticket_twostage_test.TrainTicketTwoStageTest_1778271990929.Flow_Scenario_276","test_negative_flow_S276_v106_fault_Root1_TYPE_MISMATCH","test_negative_flow_S276_v106_fault_Root1_TYPE_MISMATCH","Microservice test scenario with 1 steps."
"failed","Fri May 08 23:26:17 CDT 2026","Fri May 08 23:26:22 CDT 2026","5054","ts-order-other-service","Flow_Scenario_475 | POST /api/v1/orderOtherService/orderOther/refresh","[Fault: POST__api_v1_orderOtherService_orderOther_refresh] SPECIAL_CHARACTERS (v138)","trainticket_twostage_test.TrainTicketTwoStageTest_1778271990929.Flow_Scenario_475","test_negative_flow_S475_v138_fault_Root1_SPECIAL_CHARACTERS","test_negative_flow_S475_v138_fault_Root1_SPECIAL_CHARACTERS","Microservice test scenario with 1 steps."
"failed","Sat May 09 02:09:02 CDT 2026","Sat May 09 02:09:15 CDT 2026","13271","ts-admin-basic-info-service","Flow_Scenario_3 | POST /api/v1/adminbasicservice/adminbasic/trains","[Valid] v14","trainticket_twostage_test.TrainTicketTwoStageTest_1778271990929.Flow_Scenario_3","test_positive_flow_S3_v14","test_positive_flow_S3_v14","Microservice test scenario with 1 steps."
"passed","Sat May 09 00:32:31 CDT 2026","Sat May 09 00:32:36 CDT 2026","5172","ts-travel2-service","Flow_Scenario_749 | POST /api/v1/travel2service/trips/left","[Fault: POST__api_v1_travel2service_trips_left] OVERFLOW (v105)","trainticket_twostage_test.TrainTicketTwoStageTest_1778271990929.Flow_Scenario_749","test_negative_flow_S749_v105_fault_Root1_OVERFLOW","test_negative_flow_S749_v105_fault_Root1_OVERFLOW","Microservice test scenario with 1 steps."
"passed","Sat May 09 01:47:57 CDT 2026","Sat May 09 01:48:11 CDT 2026","14298","ts-admin-basic-info-service","Flow_Scenario_3 | POST /api/v1/adminbasicservice/adminbasic/trains","[Fault: POST__api_v1_adminbasicservice_adminbasic_trains] SEMANTIC_MISMATCH (v88)","trainticket_twostage_test.TrainTicketTwoStageTest_1778271990929.Flow_Scenario_3","test_negative_flow_S3_v88_fault_Root1_SEMANTIC_MISMATCH","test_negative_flow_S3_v88_fault_Root1_SEMANTIC_MISMATCH","Microservice test scenario with 1 steps."
"passed","Fri May 08 23:58:51 CDT 2026","Fri May 08 23:59:04 CDT 2026","13763","ts-travel-plan-service","Flow_Scenario_276 | POST /api/v1/travelplanservice/travelPlan/cheapest","[Fault: POST__api_v1_travelplanservice_travelPlan_cheapest] SPECIAL_CHARACTERS (v22)","trainticket_twostage_test.TrainTicketTwoStageTest_1778271990929.Flow_Scenario_276","test_negative_flow_S276_v22_fault_Root1_SPECIAL_CHARACTERS","test_negative_flow_S276_v22_fault_Root1_SPECIAL_CHARACTERS","Microservice test scenario with 1 steps."
"failed","Sat May 09 01:10:29 CDT 2026","Sat May 09 01:10:42 CDT 2026","13370","ts-consign-service","Flow_Scenario_894 | GET /api/v1/consignservice/consigns/order/{id}","[Valid] v11","trainticket_twostage_test.TrainTicketTwoStageTest_1778271990929.Flow_Scenario_894","test_positive_flow_S894_v11","test_positive_flow_S894_v11","Microservice test scenario with 1 steps."
"failed","Fri May 08 23:23:19 CDT 2026","Fri May 08 23:23:24 CDT 2026","5050","ts-order-other-service","Flow_Scenario_475 | POST /api/v1/orderOtherService/orderOther/refresh","[Fault: POST__api_v1_orderOtherService_orderOther_refresh] SPECIAL_CHARACTERS (v198)","trainticket_twostage_test.TrainTicketTwoStageTest_1778271990929.Flow_Scenario_475","test_negative_flow_S475_v198_fault_Root1_SPECIAL_CHARACTERS","test_negative_flow_S475_v198_fault_Root1_SPECIAL_CHARACTERS","Microservice test scenario with 1 steps."
"failed","Sat May 09 02:22:37 CDT 2026","Sat May 09 02:22:51 CDT 2026","14153","ts-admin-basic-info-service","Flow_Scenario_178 | PUT /api/v1/adminbasicservice/adminbasic/trains","[Valid] v55","trainticket_twostage_test.TrainTicketTwoStageTest_1778271990929.Flow_Scenario_178","test_positive_flow_S178_v55","test_positive_flow_S178_v55","Microservice test scenario with 1 steps."
"passed","Sat May 09 01:02:03 CDT 2026","Sat May 09 01:02:16 CDT 2026","12920","ts-consign-service","Flow_Scenario_894 | GET /api/v1/consignservice/consigns/order/{id}","[Fault: GET__api_v1_consignservice_consigns_order__id_] OVERFLOW (v27)","trainticket_twostage_test.TrainTicketTwoStageTest_1778271990929.Flow_Scenario_894","test_negative_flow_S894_v27_fault_Root1_OVERFLOW","test_negative_flow_S894_v27_fault_Root1_OVERFLOW","Microservice test scenario with 1 steps."
"failed","Sat May 09 00:33:38 CDT 2026","Sat May 09 00:33:52 CDT 2026","13501","ts-travel2-service","Flow_Scenario_749 | POST /api/v1/travel2service/trips/left","[Valid] v12","trainticket_twostage_test.TrainTicketTwoStageTest_1778271990929.Flow_Scenario_749","test_positive_flow_S749_v12","test_positive_flow_S749_v12","Microservice test scenario with 1 steps."
"failed","Fri May 08 23:27:43 CDT 2026","Fri May 08 23:27:58 CDT 2026","14438","ts-order-other-service","Flow_Scenario_475 | POST /api/v1/orderOtherService/orderOther/refresh","[Fault: POST__api_v1_orderOtherService_orderOther_refresh] SPECIAL_CHARACTERS (v263)","trainticket_twostage_test.TrainTicketTwoStageTest_1778271990929.Flow_Scenario_475","test_negative_flow_S475_v263_fault_Root1_SPECIAL_CHARACTERS","test_negative_flow_S475_v263_fault_Root1_SPECIAL_CHARACTERS","Microservice test scenario with 1 steps."
"passed","Sat May 09 01:21:03 CDT 2026","Sat May 09 01:21:16 CDT 2026","13510","ts-consign-service","Flow_Scenario_894 | GET /api/v1/consignservice/consigns/order/{id}","[Fault: GET__api_v1_consignservice_consigns_order__id_] SPECIAL_CHARACTERS (v66)","trainticket_twostage_test.TrainTicketTwoStageTest_1778271990929.Flow_Scenario_894","test_negative_flow_S894_v66_fault_Root1_SPECIAL_CHARACTERS","test_negative_flow_S894_v66_fault_Root1_SPECIAL_CHARACTERS","Microservice test scenario with 1 steps."
"failed","Sat May 09 00:42:59 CDT 2026","Sat May 09 00:43:08 CDT 2026","9253","ts-travel2-service","Flow_Scenario_749 | POST /api/v1/travel2service/trips/left","[Fault: POST__api_v1_travel2service_trips_left] SPECIAL_CHARACTERS (v138)","trainticket_twostage_test.TrainTicketTwoStageTest_1778271990929.Flow_Scenario_749","test_negative_flow_S749_v138_fault_Root1_SPECIAL_CHARACTERS","test_negative_flow_S749_v138_fault_Root1_SPECIAL_CHARACTERS","Microservice test scenario with 1 steps."
"passed","Sat May 09 02:10:33 CDT 2026","Sat May 09 02:10:46 CDT 2026","13008","ts-admin-basic-info-service","Flow_Scenario_3 | POST /api/v1/adminbasicservice/adminbasic/trains","[Fault: POST__api_v1_adminbasicservice_adminbasic_trains] SPECIAL_CHARACTERS (v145)","trainticket_twostage_test.TrainTicketTwoStageTest_1778271990929.Flow_Scenario_3","test_negative_flow_S3_v145_fault_Root1_SPECIAL_CHARACTERS","test_negative_flow_S3_v145_fault_Root1_SPECIAL_CHARACTERS","Microservice test scenario with 1 steps."
"failed","Sat May 09 00:42:50 CDT 2026","Sat May 09 00:42:59 CDT 2026","9363","ts-travel2-service","Flow_Scenario_749 | POST /api/v1/travel2service/trips/left","[Fault: POST__api_v1_travel2service_trips_left] SPECIAL_CHARACTERS (v52)","trainticket_twostage_test.TrainTicketTwoStageTest_1778271990929.Flow_Scenario_749","test_negative_flow_S749_v52_fault_Root1_SPECIAL_CHARACTERS","test_negative_flow_S749_v52_fault_Root1_SPECIAL_CHARACTERS","Microservice test scenario with 1 steps."
"failed","Sat May 09 00:34:53 CDT 2026","Sat May 09 00:35:02 CDT 2026","9282","ts-travel2-service","Flow_Scenario_749 | POST /api/v1/travel2service/trips/left","[Valid] v20","trainticket_twostage_test.TrainTicketTwoStageTest_1778271990929.Flow_Scenario_749","test_positive_flow_S749_v20","test_positive_flow_S749_v20","Microservice test scenario with 1 steps."
"failed","Sat May 09 02:19:05 CDT 2026","Sat May 09 02:19:19 CDT 2026","13534","ts-admin-basic-info-service","Flow_Scenario_178 | PUT /api/v1/adminbasicservice/adminbasic/trains","[Valid] v39","trainticket_twostage_test.TrainTicketTwoStageTest_1778271990929.Flow_Scenario_178","test_positive_flow_S178_v39","test_positive_flow_S178_v39","Microservice test scenario with 1 steps."
"failed","Sat May 09 02:34:05 CDT 2026","Sat May 09 02:34:15 CDT 2026","9394","ts-admin-basic-info-service","Flow_Scenario_178 | PUT /api/v1/adminbasicservice/adminbasic/trains","[Explore 502]","trainticket_twostage_test.TrainTicketTwoStageTest_1778271990929.Flow_Scenario_178","test_positive_flow_S178_v6_explore_502","test_positive_flow_S178_v6_explore_502","Microservice test scenario with 1 steps."
"failed","Sat May 09 01:03:20 CDT 2026","Sat May 09 01:03:33 CDT 2026","12301","ts-consign-service","Flow_Scenario_894 | GET /api/v1/consignservice/consigns/order/{id}","[Valid] v6","trainticket_twostage_test.TrainTicketTwoStageTest_1778271990929.Flow_Scenario_894","test_positive_flow_S894_v6","test_positive_flow_S894_v6","Microservice test scenario with 1 steps."
"failed","Sat May 09 00:31:43 CDT 2026","Sat May 09 00:31:48 CDT 2026","5144","ts-travel2-service","Flow_Scenario_749 | POST /api/v1/travel2service/trips/left","[Fault: POST__api_v1_travel2service_trips_left] SEMANTIC_MISMATCH (v51)","trainticket_twostage_test.TrainTicketTwoStageTest_1778271990929.Flow_Scenario_749","test_negative_flow_S749_v51_fault_Root1_SEMANTIC_MISMATCH","test_negative_flow_S749_v51_fault_Root1_SEMANTIC_MISMATCH","Microservice test scenario with 1 steps."
"failed","Sat May 09 00:42:12 CDT 2026","Sat May 09 00:42:17 CDT 2026","5087","ts-travel2-service","Flow_Scenario_749 | POST /api/v1/travel2service/trips/left","[Fault: POST__api_v1_travel2service_trips_left] SEMANTIC_MISMATCH (v57)","trainticket_twostage_test.TrainTicketTwoStageTest_1778271990929.Flow_Scenario_749","test_negative_flow_S749_v57_fault_Root1_SEMANTIC_MISMATCH","test_negative_flow_S749_v57_fault_Root1_SEMANTIC_MISMATCH","Microservice test scenario with 1 steps."
"passed","Sat May 09 01:54:54 CDT 2026","Sat May 09 01:55:07 CDT 2026","13005","ts-admin-basic-info-service","Flow_Scenario_3 | POST /api/v1/adminbasicservice/adminbasic/trains","[Fault: POST__api_v1_adminbasicservice_adminbasic_trains] OVERFLOW (v82)","trainticket_twostage_test.TrainTicketTwoStageTest_1778271990929.Flow_Scenario_3","test_negative_flow_S3_v82_fault_Root1_OVERFLOW","test_negative_flow_S3_v82_fault_Root1_OVERFLOW","Microservice test scenario with 1 steps."
"passed","Sat May 09 00:11:34 CDT 2026","Sat May 09 00:11:43 CDT 2026","9325","ts-travel-plan-service","Flow_Scenario_276 | POST /api/v1/travelplanservice/travelPlan/cheapest","[Fault: POST__api_v1_travelplanservice_travelPlan_cheapest] SPECIAL_CHARACTERS (v52)","trainticket_twostage_test.TrainTicketTwoStageTest_1778271990929.Flow_Scenario_276","test_negative_flow_S276_v52_fault_Root1_SPECIAL_CHARACTERS","test_negative_flow_S276_v52_fault_Root1_SPECIAL_CHARACTERS","Microservice test scenario with 1 steps."
"failed","Sat May 09 02:19:45 CDT 2026","Sat May 09 02:19:58 CDT 2026","13166","ts-admin-basic-info-service","Flow_Scenario_178 | PUT /api/v1/adminbasicservice/adminbasic/trains","[Valid] v42","trainticket_twostage_test.TrainTicketTwoStageTest_1778271990929.Flow_Scenario_178","test_positive_flow_S178_v42","test_positive_flow_S178_v42","Microservice test scenario with 1 steps."
"passed","Sat May 09 02:05:22 CDT 2026","Sat May 09 02:05:36 CDT 2026","13402","ts-admin-basic-info-service","Flow_Scenario_3 | POST /api/v1/adminbasicservice/adminbasic/trains","[Fault: POST__api_v1_adminbasicservice_adminbasic_trains] TYPE_MISMATCH (v90)","trainticket_twostage_test.TrainTicketTwoStageTest_1778271990929.Flow_Scenario_3","test_negative_flow_S3_v90_fault_Root1_TYPE_MISMATCH","test_negative_flow_S3_v90_fault_Root1_TYPE_MISMATCH","Microservice test scenario with 1 steps."
"passed","Sat May 09 00:32:45 CDT 2026","Sat May 09 00:32:50 CDT 2026","5091","ts-travel2-service","Flow_Scenario_749 | POST /api/v1/travel2service/trips/left","[Fault: POST__api_v1_travel2service_trips_left] SPECIAL_CHARACTERS (v64)","trainticket_twostage_test.TrainTicketTwoStageTest_1778271990929.Flow_Scenario_749","test_negative_flow_S749_v64_fault_Root1_SPECIAL_CHARACTERS","test_negative_flow_S749_v64_fault_Root1_SPECIAL_CHARACTERS","Microservice test scenario with 1 steps."
"failed","Sat May 09 01:28:45 CDT 2026","Sat May 09 01:28:57 CDT 2026","12315","ts-admin-basic-info-service","Flow_Scenario_994 | PUT /api/v1/adminbasicservice/adminbasic/stations","[Valid] v35","trainticket_twostage_test.TrainTicketTwoStageTest_1778271990929.Flow_Scenario_994","test_positive_flow_S994_v35","test_positive_flow_S994_v35","Microservice test scenario with 1 steps."
"failed","Sat May 09 00:18:59 CDT 2026","Sat May 09 00:19:11 CDT 2026","12830","ts-travel-plan-service","Flow_Scenario_276 | POST /api/v1/travelplanservice/travelPlan/cheapest","[Fault: POST__api_v1_travelplanservice_travelPlan_cheapest] SPECIAL_CHARACTERS (v113)","trainticket_twostage_test.TrainTicketTwoStageTest_1778271990929.Flow_Scenario_276","test_negative_flow_S276_v113_fault_Root1_SPECIAL_CHARACTERS","test_negative_flow_S276_v113_fault_Root1_SPECIAL_CHARACTERS","Microservice test scenario with 1 steps."
"passed","Sat May 09 01:49:26 CDT 2026","Sat May 09 01:49:39 CDT 2026","13236","ts-admin-basic-info-service","Flow_Scenario_3 | POST /api/v1/adminbasicservice/adminbasic/trains","[Fault: POST__api_v1_adminbasicservice_adminbasic_trains] SEMANTIC_MISMATCH (v73)","trainticket_twostage_test.TrainTicketTwoStageTest_1778271990929.Flow_Scenario_3","test_negative_flow_S3_v73_fault_Root1_SEMANTIC_MISMATCH","test_negative_flow_S3_v73_fault_Root1_SEMANTIC_MISMATCH","Microservice test scenario with 1 steps."
"passed","Sat May 09 01:33:42 CDT 2026","Sat May 09 01:33:56 CDT 2026","13471","ts-admin-basic-info-service","Flow_Scenario_3 | POST /api/v1/adminbasicservice/adminbasic/trains","[Fault: POST__api_v1_adminbasicservice_adminbasic_trains] TYPE_MISMATCH (v112)","trainticket_twostage_test.TrainTicketTwoStageTest_1778271990929.Flow_Scenario_3","test_negative_flow_S3_v112_fault_Root1_TYPE_MISMATCH","test_negative_flow_S3_v112_fault_Root1_TYPE_MISMATCH","Microservice test scenario with 1 steps."
"failed","Sat May 09 02:18:38 CDT 2026","Sat May 09 02:18:52 CDT 2026","13706","ts-admin-basic-info-service","Flow_Scenario_178 | PUT /api/v1/adminbasicservice/adminbasic/trains","[Valid] v37","trainticket_twostage_test.TrainTicketTwoStageTest_1778271990929.Flow_Scenario_178","test_positive_flow_S178_v37","test_positive_flow_S178_v37","Microservice test scenario with 1 steps."
"passed","Sat May 09 00:39:58 CDT 2026","Sat May 09 00:40:03 CDT 2026","5086","ts-travel2-service","Flow_Scenario_749 | POST /api/v1/travel2service/trips/left","[Fault: POST__api_v1_travel2service_trips_left] OVERFLOW (v75)","trainticket_twostage_test.TrainTicketTwoStageTest_1778271990929.Flow_Scenario_749","test_negative_flow_S749_v75_fault_Root1_OVERFLOW","test_negative_flow_S749_v75_fault_Root1_OVERFLOW","Microservice test scenario with 1 steps."
"passed","Sat May 09 00:28:10 CDT 2026","Sat May 09 00:28:23 CDT 2026","12917","ts-travel2-service","Flow_Scenario_749 | POST /api/v1/travel2service/trips/left","[Fault: POST__api_v1_travel2service_trips_left] SPECIAL_CHARACTERS (v124)","trainticket_twostage_test.TrainTicketTwoStageTest_1778271990929.Flow_Scenario_749","test_negative_flow_S749_v124_fault_Root1_SPECIAL_CHARACTERS","test_negative_flow_S749_v124_fault_Root1_SPECIAL_CHARACTERS","Microservice test scenario with 1 steps."
"failed","Sat May 09 01:27:14 CDT 2026","Sat May 09 01:27:27 CDT 2026","12682","ts-admin-basic-info-service","Flow_Scenario_994 | PUT /api/v1/adminbasicservice/adminbasic/stations","[Valid] v19","trainticket_twostage_test.TrainTicketTwoStageTest_1778271990929.Flow_Scenario_994","test_positive_flow_S994_v19","test_positive_flow_S994_v19","Microservice test scenario with 1 steps."
"passed","Sat May 09 00:31:15 CDT 2026","Sat May 09 00:31:23 CDT 2026","8683","ts-travel2-service","Flow_Scenario_749 | POST /api/v1/travel2service/trips/left","[Fault: POST__api_v1_travel2service_trips_left] TYPE_MISMATCH (v35)","trainticket_twostage_test.TrainTicketTwoStageTest_1778271990929.Flow_Scenario_749","test_negative_flow_S749_v35_fault_Root1_TYPE_MISMATCH","test_negative_flow_S749_v35_fault_Root1_TYPE_MISMATCH","Microservice test scenario with 1 steps."
"passed","Sat May 09 02:07:31 CDT 2026","Sat May 09 02:07:44 CDT 2026","13278","ts-admin-basic-info-service","Flow_Scenario_3 | POST /api/v1/adminbasicservice/adminbasic/trains","[Fault: POST__api_v1_adminbasicservice_adminbasic_trains] SPECIAL_CHARACTERS (v165)","trainticket_twostage_test.TrainTicketTwoStageTest_1778271990929.Flow_Scenario_3","test_negative_flow_S3_v165_fault_Root1_SPECIAL_CHARACTERS","test_negative_flow_S3_v165_fault_Root1_SPECIAL_CHARACTERS","Microservice test scenario with 1 steps."
"failed","Fri May 08 23:25:29 CDT 2026","Fri May 08 23:25:34 CDT 2026","5047","ts-order-other-service","Flow_Scenario_475 | POST /api/v1/orderOtherService/orderOther/refresh","[Fault: POST__api_v1_orderOtherService_orderOther_refresh] SPECIAL_CHARACTERS (v127)","trainticket_twostage_test.TrainTicketTwoStageTest_1778271990929.Flow_Scenario_475","test_negative_flow_S475_v127_fault_Root1_SPECIAL_CHARACTERS","test_negative_flow_S475_v127_fault_Root1_SPECIAL_CHARACTERS","Microservice test scenario with 1 steps."
"passed","Sat May 09 01:41:19 CDT 2026","Sat May 09 01:41:32 CDT 2026","13111","ts-admin-basic-info-service","Flow_Scenario_3 | POST /api/v1/adminbasicservice/adminbasic/trains","[Fault: POST__api_v1_adminbasicservice_adminbasic_trains] OVERFLOW (v51)","trainticket_twostage_test.TrainTicketTwoStageTest_1778271990929.Flow_Scenario_3","test_negative_flow_S3_v51_fault_Root1_OVERFLOW","test_negative_flow_S3_v51_fault_Root1_OVERFLOW","Microservice test scenario with 1 steps."
"passed","Sat May 09 01:47:43 CDT 2026","Sat May 09 01:47:57 CDT 2026","14219","ts-admin-basic-info-service","Flow_Scenario_3 | POST /api/v1/adminbasicservice/adminbasic/trains","[Fault: POST__api_v1_adminbasicservice_adminbasic_trains] SPECIAL_CHARACTERS (v175)","trainticket_twostage_test.TrainTicketTwoStageTest_1778271990929.Flow_Scenario_3","test_negative_flow_S3_v175_fault_Root1_SPECIAL_CHARACTERS","test_negative_flow_S3_v175_fault_Root1_SPECIAL_CHARACTERS","Microservice test scenario with 1 steps."
"failed","Sat May 09 01:32:50 CDT 2026","Sat May 09 01:33:04 CDT 2026","13323","ts-admin-basic-info-service","Flow_Scenario_994 | PUT /api/v1/adminbasicservice/adminbasic/stations","[Valid] v90","trainticket_twostage_test.TrainTicketTwoStageTest_1778271990929.Flow_Scenario_994","test_positive_flow_S994_v90","test_positive_flow_S994_v90","Microservice test scenario with 1 steps."
"failed","Fri May 08 23:31:55 CDT 2026","Fri May 08 23:32:00 CDT 2026","5066","ts-order-other-service","Flow_Scenario_475 | POST /api/v1/orderOtherService/orderOther/refresh","[Fault: POST__api_v1_orderOtherService_orderOther_refresh] SEMANTIC_MISMATCH (v82)","trainticket_twostage_test.TrainTicketTwoStageTest_1778271990929.Flow_Scenario_475","test_negative_flow_S475_v82_fault_Root1_SEMANTIC_MISMATCH","test_negative_flow_S475_v82_fault_Root1_SEMANTIC_MISMATCH","Microservice test scenario with 1 steps."
"failed","Fri May 08 23:35:46 CDT 2026","Fri May 08 23:35:55 CDT 2026","9229","ts-order-other-service","Flow_Scenario_475 | POST /api/v1/orderOtherService/orderOther/refresh","[Fault: POST__api_v1_orderOtherService_orderOther_refresh] SPECIAL_CHARACTERS (v22)","trainticket_twostage_test.TrainTicketTwoStageTest_1778271990929.Flow_Scenario_475","test_negative_flow_S475_v22_fault_Root1_SPECIAL_CHARACTERS","test_negative_flow_S475_v22_fault_Root1_SPECIAL_CHARACTERS","Microservice test scenario with 1 steps."
"failed","Sat May 09 00:32:36 CDT 2026","Sat May 09 00:32:45 CDT 2026","8625","ts-travel2-service","Flow_Scenario_749 | POST /api/v1/travel2service/trips/left","[Fault: POST__api_v1_travel2service_trips_left] SPECIAL_CHARACTERS (v22)","trainticket_twostage_test.TrainTicketTwoStageTest_1778271990929.Flow_Scenario_749","test_negative_flow_S749_v22_fault_Root1_SPECIAL_CHARACTERS","test_negative_flow_S749_v22_fault_Root1_SPECIAL_CHARACTERS","Microservice test scenario with 1 steps."
"failed","Fri May 08 23:51:45 CDT 2026","Fri May 08 23:51:54 CDT 2026","9220","ts-order-other-service","Flow_Scenario_475 | POST /api/v1/orderOtherService/orderOther/refresh","[Fault: POST__api_v1_orderOtherService_orderOther_refresh] SEMANTIC_MISMATCH (v260)","trainticket_twostage_test.TrainTicketTwoStageTest_1778271990929.Flow_Scenario_475","test_negative_flow_S475_v260_fault_Root1_SEMANTIC_MISMATCH","test_negative_flow_S475_v260_fault_Root1_SEMANTIC_MISMATCH","Microservice test scenario with 1 steps."
"passed","Sat May 09 01:06:34 CDT 2026","Sat May 09 01:06:48 CDT 2026","13343","ts-consign-service","Flow_Scenario_894 | GET /api/v1/consignservice/consigns/order/{id}","[Fault: GET__api_v1_consignservice_consigns_order__id_] TYPE_MISMATCH (v53)","trainticket_twostage_test.TrainTicketTwoStageTest_1778271990929.Flow_Scenario_894","test_negative_flow_S894_v53_fault_Root1_TYPE_MISMATCH","test_negative_flow_S894_v53_fault_Root1_TYPE_MISMATCH","Microservice test scenario with 1 steps."
"passed","Sat May 09 00:03:30 CDT 2026","Sat May 09 00:03:40 CDT 2026","9665","ts-travel-plan-service","Flow_Scenario_276 | POST /api/v1/travelplanservice/travelPlan/cheapest","[Fault: POST__api_v1_travelplanservice_travelPlan_cheapest] TYPE_MISMATCH (v83)","trainticket_twostage_test.TrainTicketTwoStageTest_1778271990929.Flow_Scenario_276","test_negative_flow_S276_v83_fault_Root1_TYPE_MISMATCH","test_negative_flow_S276_v83_fault_Root1_TYPE_MISMATCH","Microservice test scenario with 1 steps."
"passed","Sat May 09 00:32:17 CDT 2026","Sat May 09 00:32:26 CDT 2026","9264","ts-travel2-service","Flow_Scenario_749 | POST /api/v1/travel2service/trips/left","[Fault: POST__api_v1_travel2service_trips_left] TYPE_MISMATCH (v41)","trainticket_twostage_test.TrainTicketTwoStageTest_1778271990929.Flow_Scenario_749","test_negative_flow_S749_v41_fault_Root1_TYPE_MISMATCH","test_negative_flow_S749_v41_fault_Root1_TYPE_MISMATCH","Microservice test scenario with 1 steps."
"passed","Sat May 09 00:55:53 CDT 2026","Sat May 09 00:56:05 CDT 2026","12498","ts-execute-service","Flow_Scenario_420 | GET /api/v1/executeservice/execute/execute/{orderId}","[Fault: GET__api_v1_executeservice_execute_execute__orderId_] EMPTY_INPUT (v46)","trainticket_twostage_test.TrainTicketTwoStageTest_1778271990929.Flow_Scenario_420","test_negative_flow_S420_v46_fault_Root1_EMPTY_INPUT","test_negative_flow_S420_v46_fault_Root1_EMPTY_INPUT","Microservice test scenario with 1 steps."
"failed","Sat May 09 00:30:14 CDT 2026","Sat May 09 00:30:23 CDT 2026","9269","ts-travel2-service","Flow_Scenario_749 | POST /api/v1/travel2service/trips/left","[Valid] v3","trainticket_twostage_test.TrainTicketTwoStageTest_1778271990929.Flow_Scenario_749","test_positive_flow_S749_v3","test_positive_flow_S749_v3","Microservice test scenario with 1 steps."
"failed","Sat May 09 01:31:47 CDT 2026","Sat May 09 01:31:59 CDT 2026","12577","ts-admin-basic-info-service","Flow_Scenario_994 | PUT /api/v1/adminbasicservice/adminbasic/stations","[Valid] v74","trainticket_twostage_test.TrainTicketTwoStageTest_1778271990929.Flow_Scenario_994","test_positive_flow_S994_v74","test_positive_flow_S994_v74","Microservice test scenario with 1 steps."
"failed","Fri May 08 23:25:43 CDT 2026","Fri May 08 23:25:48 CDT 2026","5048","ts-order-other-service","Flow_Scenario_475 | POST /api/v1/orderOtherService/orderOther/refresh","[Fault: POST__api_v1_orderOtherService_orderOther_refresh] TYPE_MISMATCH (v77)","trainticket_twostage_test.TrainTicketTwoStageTest_1778271990929.Flow_Scenario_475","test_negative_flow_S475_v77_fault_Root1_TYPE_MISMATCH","test_negative_flow_S475_v77_fault_Root1_TYPE_MISMATCH","Microservice test scenario with 1 steps."
"failed","Sat May 09 02:40:18 CDT 2026","Sat May 09 02:40:31 CDT 2026","13170","ts-admin-travel-service","Flow_Scenario_1088 | DELETE /api/v1/admintravelservice/admintravel/{tripId}","[Valid] v4","trainticket_twostage_test.TrainTicketTwoStageTest_1778271990929.Flow_Scenario_1088","test_positive_flow_S1088_v4","test_positive_flow_S1088_v4","Microservice test scenario with 1 steps."
"passed","Sat May 09 00:17:17 CDT 2026","Sat May 09 00:17:30 CDT 2026","13434","ts-travel-plan-service","Flow_Scenario_276 | POST /api/v1/travelplanservice/travelPlan/cheapest","[Fault: POST__api_v1_travelplanservice_travelPlan_cheapest] SPECIAL_CHARACTERS (v131)","trainticket_twostage_test.TrainTicketTwoStageTest_1778271990929.Flow_Scenario_276","test_negative_flow_S276_v131_fault_Root1_SPECIAL_CHARACTERS","test_negative_flow_S276_v131_fault_Root1_SPECIAL_CHARACTERS","Microservice test scenario with 1 steps."
"failed","Sat May 09 02:08:36 CDT 2026","Sat May 09 02:08:49 CDT 2026","13003","ts-admin-basic-info-service","Flow_Scenario_3 | POST /api/v1/adminbasicservice/adminbasic/trains","[Valid] v12","trainticket_twostage_test.TrainTicketTwoStageTest_1778271990929.Flow_Scenario_3","test_positive_flow_S3_v12","test_positive_flow_S3_v12","Microservice test scenario with 1 steps."
"failed","Sat May 09 00:24:22 CDT 2026","Sat May 09 00:24:34 CDT 2026","12525","ts-admin-basic-info-service","Flow_Scenario_1040 | POST /api/v1/adminbasicservice/adminbasic/stations","[Valid] v63","trainticket_twostage_test.TrainTicketTwoStageTest_1778271990929.Flow_Scenario_1040","test_positive_flow_S1040_v63","test_positive_flow_S1040_v63","Microservice test scenario with 1 steps."
"failed","Sat May 09 01:33:17 CDT 2026","Sat May 09 01:33:30 CDT 2026","12942","ts-admin-basic-info-service","Flow_Scenario_994 | PUT /api/v1/adminbasicservice/adminbasic/stations","[Valid] v94","trainticket_twostage_test.TrainTicketTwoStageTest_1778271990929.Flow_Scenario_994","test_positive_flow_S994_v94","test_positive_flow_S994_v94","Microservice test scenario with 1 steps."
"passed","Sat May 09 00:05:47 CDT 2026","Sat May 09 00:06:01 CDT 2026","13895","ts-travel-plan-service","Flow_Scenario_276 | POST /api/v1/travelplanservice/travelPlan/cheapest","[Fault: POST__api_v1_travelplanservice_travelPlan_cheapest] SEMANTIC_MISMATCH (v95)","trainticket_twostage_test.TrainTicketTwoStageTest_1778271990929.Flow_Scenario_276","test_negative_flow_S276_v95_fault_Root1_SEMANTIC_MISMATCH","test_negative_flow_S276_v95_fault_Root1_SEMANTIC_MISMATCH","Microservice test scenario with 1 steps."
"failed","Fri May 08 23:28:41 CDT 2026","Fri May 08 23:28:46 CDT 2026","5051","ts-order-other-service","Flow_Scenario_475 | POST /api/v1/orderOtherService/orderOther/refresh","[Fault: POST__api_v1_orderOtherService_orderOther_refresh] SEMANTIC_MISMATCH (v42)","trainticket_twostage_test.TrainTicketTwoStageTest_1778271990929.Flow_Scenario_475","test_negative_flow_S475_v42_fault_Root1_SEMANTIC_MISMATCH","test_negative_flow_S475_v42_fault_Root1_SEMANTIC_MISMATCH","Microservice test scenario with 1 steps."
"passed","Sat May 09 00:32:50 CDT 2026","Sat May 09 00:33:00 CDT 2026","9881","ts-travel2-service","Flow_Scenario_749 | POST /api/v1/travel2service/trips/left","[Fault: POST__api_v1_travel2service_trips_left] SEMANTIC_MISMATCH (v87)","trainticket_twostage_test.TrainTicketTwoStageTest_1778271990929.Flow_Scenario_749","test_negative_flow_S749_v87_fault_Root1_SEMANTIC_MISMATCH","test_negative_flow_S749_v87_fault_Root1_SEMANTIC_MISMATCH","Microservice test scenario with 1 steps."
"failed","Sat May 09 00:44:36 CDT 2026","Sat May 09 00:44:45 CDT 2026","9252","ts-travel2-service","Flow_Scenario_749 | POST /api/v1/travel2service/trips/left","[Fault: POST__api_v1_travel2service_trips_left] SEMANTIC_MISMATCH (v81)","trainticket_twostage_test.TrainTicketTwoStageTest_1778271990929.Flow_Scenario_749","test_negative_flow_S749_v81_fault_Root1_SEMANTIC_MISMATCH","test_negative_flow_S749_v81_fault_Root1_SEMANTIC_MISMATCH","Microservice test scenario with 1 steps."
"failed","Sat May 09 01:24:36 CDT 2026","Sat May 09 01:24:50 CDT 2026","13411","ts-admin-basic-info-service","Flow_Scenario_994 | PUT /api/v1/adminbasicservice/adminbasic/stations","[Valid] v6","trainticket_twostage_test.TrainTicketTwoStageTest_1778271990929.Flow_Scenario_994","test_positive_flow_S994_v6","test_positive_flow_S994_v6","Microservice test scenario with 1 steps."
"passed","Fri May 08 23:59:37 CDT 2026","Fri May 08 23:59:46 CDT 2026","8961","ts-travel-plan-service","Flow_Scenario_276 | POST /api/v1/travelplanservice/travelPlan/cheapest","[Fault: POST__api_v1_travelplanservice_travelPlan_cheapest] OVERFLOW (v67)","trainticket_twostage_test.TrainTicketTwoStageTest_1778271990929.Flow_Scenario_276","test_negative_flow_S276_v67_fault_Root1_OVERFLOW","test_negative_flow_S276_v67_fault_Root1_OVERFLOW","Microservice test scenario with 1 steps."
"failed","Fri May 08 23:21:34 CDT 2026","Fri May 08 23:21:39 CDT 2026","5044","ts-order-other-service","Flow_Scenario_475 | POST /api/v1/orderOtherService/orderOther/refresh","[Fault: POST__api_v1_orderOtherService_orderOther_refresh] SPECIAL_CHARACTERS (v76)","trainticket_twostage_test.TrainTicketTwoStageTest_1778271990929.Flow_Scenario_475","test_negative_flow_S475_v76_fault_Root1_SPECIAL_CHARACTERS","test_negative_flow_S475_v76_fault_Root1_SPECIAL_CHARACTERS","Microservice test scenario with 1 steps."
"failed","Sat May 09 00:27:06 CDT 2026","Sat May 09 00:27:15 CDT 2026","8557","ts-admin-basic-info-service","Flow_Scenario_1040 | POST /api/v1/adminbasicservice/adminbasic/stations","[Valid] v7","trainticket_twostage_test.TrainTicketTwoStageTest_1778271990929.Flow_Scenario_1040","test_positive_flow_S1040_v7","test_positive_flow_S1040_v7","Microservice test scenario with 1 steps."
"failed","Sat May 09 01:02:28 CDT 2026","Sat May 09 01:02:42 CDT 2026","13201","ts-consign-service","Flow_Scenario_894 | GET /api/v1/consignservice/consigns/order/{id}","[Valid] v2","trainticket_twostage_test.TrainTicketTwoStageTest_1778271990929.Flow_Scenario_894","test_positive_flow_S894_v2","test_positive_flow_S894_v2","Microservice test scenario with 1 steps."
"failed","Fri May 08 23:31:46 CDT 2026","Fri May 08 23:31:55 CDT 2026","9229","ts-order-other-service","Flow_Scenario_475 | POST /api/v1/orderOtherService/orderOther/refresh","[Fault: POST__api_v1_orderOtherService_orderOther_refresh] SPECIAL_CHARACTERS (v247)","trainticket_twostage_test.TrainTicketTwoStageTest_1778271990929.Flow_Scenario_475","test_negative_flow_S475_v247_fault_Root1_SPECIAL_CHARACTERS","test_negative_flow_S475_v247_fault_Root1_SPECIAL_CHARACTERS","Microservice test scenario with 1 steps."
"passed","Sat May 09 00:56:45 CDT 2026","Sat May 09 00:56:59 CDT 2026","14393","ts-execute-service","Flow_Scenario_420 | GET /api/v1/executeservice/execute/execute/{orderId}","[Fault: GET__api_v1_executeservice_execute_execute__orderId_] SPECIAL_CHARACTERS (v62)","trainticket_twostage_test.TrainTicketTwoStageTest_1778271990929.Flow_Scenario_420","test_negative_flow_S420_v62_fault_Root1_SPECIAL_CHARACTERS","test_negative_flow_S420_v62_fault_Root1_SPECIAL_CHARACTERS","Microservice test scenario with 1 steps."
"passed","Sat May 09 00:13:44 CDT 2026","Sat May 09 00:13:53 CDT 2026","8988","ts-travel-plan-service","Flow_Scenario_276 | POST /api/v1/travelplanservice/travelPlan/cheapest","[Fault: POST__api_v1_travelplanservice_travelPlan_cheapest] TYPE_MISMATCH (v44)","trainticket_twostage_test.TrainTicketTwoStageTest_1778271990929.Flow_Scenario_276","test_negative_flow_S276_v44_fault_Root1_TYPE_MISMATCH","test_negative_flow_S276_v44_fault_Root1_TYPE_MISMATCH","Microservice test scenario with 1 steps."
"passed","Sat May 09 01:56:13 CDT 2026","Sat May 09 01:56:25 CDT 2026","12773","ts-admin-basic-info-service","Flow_Scenario_3 | POST /api/v1/adminbasicservice/adminbasic/trains","[Fault: POST__api_v1_adminbasicservice_adminbasic_trains] TYPE_MISMATCH (v121)","trainticket_twostage_test.TrainTicketTwoStageTest_1778271990929.Flow_Scenario_3","test_negative_flow_S3_v121_fault_Root1_TYPE_MISMATCH","test_negative_flow_S3_v121_fault_Root1_TYPE_MISMATCH","Microservice test scenario with 1 steps."
"passed","Sat May 09 00:07:28 CDT 2026","Sat May 09 00:07:42 CDT 2026","13343","ts-travel-plan-service","Flow_Scenario_276 | POST /api/v1/travelplanservice/travelPlan/cheapest","[Fault: POST__api_v1_travelplanservice_travelPlan_cheapest] SEMANTIC_MISMATCH (v39)","trainticket_twostage_test.TrainTicketTwoStageTest_1778271990929.Flow_Scenario_276","test_negative_flow_S276_v39_fault_Root1_SEMANTIC_MISMATCH","test_negative_flow_S276_v39_fault_Root1_SEMANTIC_MISMATCH","Microservice test scenario with 1 steps."
"failed","Sat May 09 02:18:13 CDT 2026","Sat May 09 02:18:26 CDT 2026","13309","ts-admin-basic-info-service","Flow_Scenario_178 | PUT /api/v1/adminbasicservice/adminbasic/trains","[Valid] v35","trainticket_twostage_test.TrainTicketTwoStageTest_1778271990929.Flow_Scenario_178","test_positive_flow_S178_v35","test_positive_flow_S178_v35","Microservice test scenario with 1 steps."
"failed","Fri May 08 23:30:16 CDT 2026","Fri May 08 23:30:22 CDT 2026","5053","ts-order-other-service","Flow_Scenario_475 | POST /api/v1/orderOtherService/orderOther/refresh","[Fault: POST__api_v1_orderOtherService_orderOther_refresh] OVERFLOW (v246)","trainticket_twostage_test.TrainTicketTwoStageTest_1778271990929.Flow_Scenario_475","test_negative_flow_S475_v246_fault_Root1_OVERFLOW","test_negative_flow_S475_v246_fault_Root1_OVERFLOW","Microservice test scenario with 1 steps."
"passed","Sat May 09 00:53:26 CDT 2026","Sat May 09 00:53:39 CDT 2026","13047","ts-execute-service","Flow_Scenario_420 | GET /api/v1/executeservice/execute/execute/{orderId}","[Fault: GET__api_v1_executeservice_execute_execute__orderId_] SEMANTIC_MISMATCH (v67)","trainticket_twostage_test.TrainTicketTwoStageTest_1778271990929.Flow_Scenario_420","test_negative_flow_S420_v67_fault_Root1_SEMANTIC_MISMATCH","test_negative_flow_S420_v67_fault_Root1_SEMANTIC_MISMATCH","Microservice test scenario with 1 steps."
"passed","Sat May 09 00:57:42 CDT 2026","Sat May 09 00:57:56 CDT 2026","14010","ts-execute-service","Flow_Scenario_420 | GET /api/v1/executeservice/execute/execute/{orderId}","[Fault: GET__api_v1_executeservice_execute_execute__orderId_] SPECIAL_CHARACTERS (v64)","trainticket_twostage_test.TrainTicketTwoStageTest_1778271990929.Flow_Scenario_420","test_negative_flow_S420_v64_fault_Root1_SPECIAL_CHARACTERS","test_negative_flow_S420_v64_fault_Root1_SPECIAL_CHARACTERS","Microservice test scenario with 1 steps."
"failed","Sat May 09 00:41:57 CDT 2026","Sat May 09 00:42:02 CDT 2026","5135","ts-travel2-service","Flow_Scenario_749 | POST /api/v1/travel2service/trips/left","[Fault: POST__api_v1_travel2service_trips_left] SPECIAL_CHARACTERS (v61)","trainticket_twostage_test.TrainTicketTwoStageTest_1778271990929.Flow_Scenario_749","test_negative_flow_S749_v61_fault_Root1_SPECIAL_CHARACTERS","test_negative_flow_S749_v61_fault_Root1_SPECIAL_CHARACTERS","Microservice test scenario with 1 steps."
"passed","Sat May 09 00:05:08 CDT 2026","Sat May 09 00:05:17 CDT 2026","9041","ts-travel-plan-service","Flow_Scenario_276 | POST /api/v1/travelplanservice/travelPlan/cheapest","[Fault: POST__api_v1_travelplanservice_travelPlan_cheapest] OVERFLOW (v71)","trainticket_twostage_test.TrainTicketTwoStageTest_1778271990929.Flow_Scenario_276","test_negative_flow_S276_v71_fault_Root1_OVERFLOW","test_negative_flow_S276_v71_fault_Root1_OVERFLOW","Microservice test scenario with 1 steps."
"failed","Fri May 08 23:46:17 CDT 2026","Fri May 08 23:46:22 CDT 2026","5049","ts-order-other-service","Flow_Scenario_475 | POST /api/v1/orderOtherService/orderOther/refresh","[Fault: POST__api_v1_orderOtherService_orderOther_refresh] OVERFLOW (v21)","trainticket_twostage_test.TrainTicketTwoStageTest_1778271990929.Flow_Scenario_475","test_negative_flow_S475_v21_fault_Root1_OVERFLOW","test_negative_flow_S475_v21_fault_Root1_OVERFLOW","Microservice test scenario with 1 steps."
"failed","Sat May 09 01:59:42 CDT 2026","Sat May 09 01:59:55 CDT 2026","13045","ts-admin-basic-info-service","Flow_Scenario_3 | POST /api/v1/adminbasicservice/adminbasic/trains","[Valid] v4","trainticket_twostage_test.TrainTicketTwoStageTest_1778271990929.Flow_Scenario_3","test_positive_flow_S3_v4","test_positive_flow_S3_v4","Microservice test scenario with 1 steps."
"passed","Sat May 09 01:21:29 CDT 2026","Sat May 09 01:21:43 CDT 2026","13803","ts-consign-service","Flow_Scenario_894 | GET /api/v1/consignservice/consigns/order/{id}","[Fault: GET__api_v1_consignservice_consigns_order__id_] SPECIAL_CHARACTERS (v57)","trainticket_twostage_test.TrainTicketTwoStageTest_1778271990929.Flow_Scenario_894","test_negative_flow_S894_v57_fault_Root1_SPECIAL_CHARACTERS","test_negative_flow_S894_v57_fault_Root1_SPECIAL_CHARACTERS","Microservice test scenario with 1 steps."
"passed","Sat May 09 00:03:40 CDT 2026","Sat May 09 00:03:49 CDT 2026","9089","ts-travel-plan-service","Flow_Scenario_276 | POST /api/v1/travelplanservice/travelPlan/cheapest","[Fault: POST__api_v1_travelplanservice_travelPlan_cheapest] SPECIAL_CHARACTERS (v26)","trainticket_twostage_test.TrainTicketTwoStageTest_1778271990929.Flow_Scenario_276","test_negative_flow_S276_v26_fault_Root1_SPECIAL_CHARACTERS","test_negative_flow_S276_v26_fault_Root1_SPECIAL_CHARACTERS","Microservice test scenario with 1 steps."
"failed","Sat May 09 02:13:11 CDT 2026","Sat May 09 02:13:24 CDT 2026","12697","ts-admin-basic-info-service","Flow_Scenario_178 | PUT /api/v1/adminbasicservice/adminbasic/trains","[Valid] v12","trainticket_twostage_test.TrainTicketTwoStageTest_1778271990929.Flow_Scenario_178","test_positive_flow_S178_v12","test_positive_flow_S178_v12","Microservice test scenario with 1 steps."
"failed","Sat May 09 02:37:52 CDT 2026","Sat May 09 02:38:05 CDT 2026","12784","ts-admin-travel-service","Flow_Scenario_1088 | DELETE /api/v1/admintravelservice/admintravel/{tripId}","[Valid] v40","trainticket_twostage_test.TrainTicketTwoStageTest_1778271990929.Flow_Scenario_1088","test_positive_flow_S1088_v40","test_positive_flow_S1088_v40","Microservice test scenario with 1 steps."
"passed","Fri May 08 23:23:53 CDT 2026","Fri May 08 23:23:58 CDT 2026","5048","ts-order-other-service","Flow_Scenario_475 | POST /api/v1/orderOtherService/orderOther/refresh","[Valid] v3","trainticket_twostage_test.TrainTicketTwoStageTest_1778271990929.Flow_Scenario_475","test_positive_flow_S475_v3","test_positive_flow_S475_v3","Microservice test scenario with 1 steps."
"failed","Fri May 08 23:32:34 CDT 2026","Fri May 08 23:32:44 CDT 2026","9260","ts-order-other-service","Flow_Scenario_475 | POST /api/v1/orderOtherService/orderOther/refresh","[Fault: POST__api_v1_orderOtherService_orderOther_refresh] SPECIAL_CHARACTERS (v60)","trainticket_twostage_test.TrainTicketTwoStageTest_1778271990929.Flow_Scenario_475","test_negative_flow_S475_v60_fault_Root1_SPECIAL_CHARACTERS","test_negative_flow_S475_v60_fault_Root1_SPECIAL_CHARACTERS","Microservice test scenario with 1 steps."
"passed","Sat May 09 00:37:15 CDT 2026","Sat May 09 00:37:24 CDT 2026","9138","ts-travel2-service","Flow_Scenario_749 | POST /api/v1/travel2service/trips/left","[Fault: POST__api_v1_travel2service_trips_left] SPECIAL_CHARACTERS (v79)","trainticket_twostage_test.TrainTicketTwoStageTest_1778271990929.Flow_Scenario_749","test_negative_flow_S749_v79_fault_Root1_SPECIAL_CHARACTERS","test_negative_flow_S749_v79_fault_Root1_SPECIAL_CHARACTERS","Microservice test scenario with 1 steps."
"passed","Sat May 09 00:16:23 CDT 2026","Sat May 09 00:16:31 CDT 2026","8805","ts-travel-plan-service","Flow_Scenario_276 | POST /api/v1/travelplanservice/travelPlan/cheapest","[Fault: POST__api_v1_travelplanservice_travelPlan_cheapest] SEMANTIC_MISMATCH (v70)","trainticket_twostage_test.TrainTicketTwoStageTest_1778271990929.Flow_Scenario_276","test_negative_flow_S276_v70_fault_Root1_SEMANTIC_MISMATCH","test_negative_flow_S276_v70_fault_Root1_SEMANTIC_MISMATCH","Microservice test scenario with 1 steps."
"passed","Sat May 09 01:01:39 CDT 2026","Sat May 09 01:01:51 CDT 2026","12285","ts-consign-service","Flow_Scenario_894 | GET /api/v1/consignservice/consigns/order/{id}","[Fault: GET__api_v1_consignservice_consigns_order__id_] SPECIAL_CHARACTERS (v70)","trainticket_twostage_test.TrainTicketTwoStageTest_1778271990929.Flow_Scenario_894","test_negative_flow_S894_v70_fault_Root1_SPECIAL_CHARACTERS","test_negative_flow_S894_v70_fault_Root1_SPECIAL_CHARACTERS","Microservice test scenario with 1 steps."
"failed","Sat May 09 02:14:17 CDT 2026","Sat May 09 02:14:29 CDT 2026","12831","ts-admin-basic-info-service","Flow_Scenario_178 | PUT /api/v1/adminbasicservice/adminbasic/trains","[Valid] v17","trainticket_twostage_test.TrainTicketTwoStageTest_1778271990929.Flow_Scenario_178","test_positive_flow_S178_v17","test_positive_flow_S178_v17","Microservice test scenario with 1 steps."
"failed","Sat May 09 01:17:12 CDT 2026","Sat May 09 01:17:24 CDT 2026","12544","ts-consign-service","Flow_Scenario_894 | GET /api/v1/consignservice/consigns/order/{id}","[Valid] v95","trainticket_twostage_test.TrainTicketTwoStageTest_1778271990929.Flow_Scenario_894","test_positive_flow_S894_v95","test_positive_flow_S894_v95","Microservice test scenario with 1 steps."
"passed","Sat May 09 01:09:07 CDT 2026","Sat May 09 01:09:21 CDT 2026","13654","ts-consign-service","Flow_Scenario_894 | GET /api/v1/consignservice/consigns/order/{id}","[Fault: GET__api_v1_consignservice_consigns_order__id_] NULL_INPUT (v50)","trainticket_twostage_test.TrainTicketTwoStageTest_1778271990929.Flow_Scenario_894","test_negative_flow_S894_v50_fault_Root1_NULL_INPUT","test_negative_flow_S894_v50_fault_Root1_NULL_INPUT","Microservice test scenario with 1 steps."
"failed","Sat May 09 02:21:05 CDT 2026","Sat May 09 02:21:18 CDT 2026","12621","ts-admin-basic-info-service","Flow_Scenario_178 | PUT /api/v1/adminbasicservice/adminbasic/trains","[Valid] v48","trainticket_twostage_test.TrainTicketTwoStageTest_1778271990929.Flow_Scenario_178","test_positive_flow_S178_v48","test_positive_flow_S178_v48","Microservice test scenario with 1 steps."
"failed","Sat May 09 01:03:07 CDT 2026","Sat May 09 01:03:20 CDT 2026","12972","ts-consign-service","Flow_Scenario_894 | GET /api/v1/consignservice/consigns/order/{id}","[Valid] v5","trainticket_twostage_test.TrainTicketTwoStageTest_1778271990929.Flow_Scenario_894","test_positive_flow_S894_v5","test_positive_flow_S894_v5","Microservice test scenario with 1 steps."
"failed","Sat May 09 02:37:27 CDT 2026","Sat May 09 02:37:40 CDT 2026","13059","ts-admin-travel-service","Flow_Scenario_1088 | DELETE /api/v1/admintravelservice/admintravel/{tripId}","[Valid] v27","trainticket_twostage_test.TrainTicketTwoStageTest_1778271990929.Flow_Scenario_1088","test_positive_flow_S1088_v27","test_positive_flow_S1088_v27","Microservice test scenario with 1 steps."
"failed","Sat May 09 01:30:27 CDT 2026","Sat May 09 01:30:40 CDT 2026","13018","ts-admin-basic-info-service","Flow_Scenario_994 | PUT /api/v1/adminbasicservice/adminbasic/stations","[Valid] v55","trainticket_twostage_test.TrainTicketTwoStageTest_1778271990929.Flow_Scenario_994","test_positive_flow_S994_v55","test_positive_flow_S994_v55","Microservice test scenario with 1 steps."
"failed","Sat May 09 00:20:13 CDT 2026","Sat May 09 00:20:22 CDT 2026","8831","ts-admin-basic-info-service","Flow_Scenario_1040 | POST /api/v1/adminbasicservice/adminbasic/stations","[Valid] v15","trainticket_twostage_test.TrainTicketTwoStageTest_1778271990929.Flow_Scenario_1040","test_positive_flow_S1040_v15","test_positive_flow_S1040_v15","Microservice test scenario with 1 steps."
"failed","Fri May 08 23:44:27 CDT 2026","Fri May 08 23:44:32 CDT 2026","5053","ts-order-other-service","Flow_Scenario_475 | POST /api/v1/orderOtherService/orderOther/refresh","[Fault: POST__api_v1_orderOtherService_orderOther_refresh] SPECIAL_CHARACTERS (v59)","trainticket_twostage_test.TrainTicketTwoStageTest_1778271990929.Flow_Scenario_475","test_negative_flow_S475_v59_fault_Root1_SPECIAL_CHARACTERS","test_negative_flow_S475_v59_fault_Root1_SPECIAL_CHARACTERS","Microservice test scenario with 1 steps."
"failed","Sat May 09 02:00:47 CDT 2026","Sat May 09 02:01:01 CDT 2026","13462","ts-admin-basic-info-service","Flow_Scenario_3 | POST /api/v1/adminbasicservice/adminbasic/trains","[Valid] v9","trainticket_twostage_test.TrainTicketTwoStageTest_1778271990929.Flow_Scenario_3","test_positive_flow_S3_v9","test_positive_flow_S3_v9","Microservice test scenario with 1 steps."
"passed","Fri May 08 23:54:14 CDT 2026","Fri May 08 23:54:27 CDT 2026","12565","ts-travel-plan-service","Flow_Scenario_276 | POST /api/v1/travelplanservice/travelPlan/cheapest","[Fault: POST__api_v1_travelplanservice_travelPlan_cheapest] SEMANTIC_MISMATCH (v91)","trainticket_twostage_test.TrainTicketTwoStageTest_1778271990929.Flow_Scenario_276","test_negative_flow_S276_v91_fault_Root1_SEMANTIC_MISMATCH","test_negative_flow_S276_v91_fault_Root1_SEMANTIC_MISMATCH","Microservice test scenario with 1 steps."
"passed","Sat May 09 01:55:07 CDT 2026","Sat May 09 01:55:19 CDT 2026","12643","ts-admin-basic-info-service","Flow_Scenario_3 | POST /api/v1/adminbasicservice/adminbasic/trains","[Fault: POST__api_v1_adminbasicservice_adminbasic_trains] TYPE_MISMATCH (v115)","trainticket_twostage_test.TrainTicketTwoStageTest_1778271990929.Flow_Scenario_3","test_negative_flow_S3_v115_fault_Root1_TYPE_MISMATCH","test_negative_flow_S3_v115_fault_Root1_TYPE_MISMATCH","Microservice test scenario with 1 steps."
"failed","Sat May 09 02:25:50 CDT 2026","Sat May 09 02:26:03 CDT 2026","12670","ts-admin-basic-info-service","Flow_Scenario_178 | PUT /api/v1/adminbasicservice/adminbasic/trains","[Valid] v70","trainticket_twostage_test.TrainTicketTwoStageTest_1778271990929.Flow_Scenario_178","test_positive_flow_S178_v70","test_positive_flow_S178_v70","Microservice test scenario with 1 steps."
"failed","Sat May 09 00:26:16 CDT 2026","Sat May 09 00:26:24 CDT 2026","8482","ts-admin-basic-info-service","Flow_Scenario_1040 | POST /api/v1/adminbasicservice/adminbasic/stations","[Valid] v2","trainticket_twostage_test.TrainTicketTwoStageTest_1778271990929.Flow_Scenario_1040","test_positive_flow_S1040_v2","test_positive_flow_S1040_v2","Microservice test scenario with 1 steps."
"passed","Fri May 08 23:27:05 CDT 2026","Fri May 08 23:27:10 CDT 2026","5047","ts-order-other-service","Flow_Scenario_475 | POST /api/v1/orderOtherService/orderOther/refresh","[Fault: POST__api_v1_orderOtherService_orderOther_refresh] TYPE_MISMATCH (v159)","trainticket_twostage_test.TrainTicketTwoStageTest_1778271990929.Flow_Scenario_475","test_negative_flow_S475_v159_fault_Root1_TYPE_MISMATCH","test_negative_flow_S475_v159_fault_Root1_TYPE_MISMATCH","Microservice test scenario with 1 steps."
"passed","Sat May 09 00:52:04 CDT 2026","Sat May 09 00:52:18 CDT 2026","13560","ts-execute-service","Flow_Scenario_420 | GET /api/v1/executeservice/execute/execute/{orderId}","[Fault: GET__api_v1_executeservice_execute_execute__orderId_] TYPE_MISMATCH (v37)","trainticket_twostage_test.TrainTicketTwoStageTest_1778271990929.Flow_Scenario_420","test_negative_flow_S420_v37_fault_Root1_TYPE_MISMATCH","test_negative_flow_S420_v37_fault_Root1_TYPE_MISMATCH","Microservice test scenario with 1 steps."
"failed","Sat May 09 00:44:16 CDT 2026","Sat May 09 00:44:21 CDT 2026","5085","ts-travel2-service","Flow_Scenario_749 | POST /api/v1/travel2service/trips/left","[Fault: POST__api_v1_travel2service_trips_left] SPECIAL_CHARACTERS (v54)","trainticket_twostage_test.TrainTicketTwoStageTest_1778271990929.Flow_Scenario_749","test_negative_flow_S749_v54_fault_Root1_SPECIAL_CHARACTERS","test_negative_flow_S749_v54_fault_Root1_SPECIAL_CHARACTERS","Microservice test scenario with 1 steps."
"failed","Sat May 09 02:13:51 CDT 2026","Sat May 09 02:14:04 CDT 2026","12872","ts-admin-basic-info-service","Flow_Scenario_178 | PUT /api/v1/adminbasicservice/adminbasic/trains","[Valid] v15","trainticket_twostage_test.TrainTicketTwoStageTest_1778271990929.Flow_Scenario_178","test_positive_flow_S178_v15","test_positive_flow_S178_v15","Microservice test scenario with 1 steps."
"passed","Sat May 09 01:04:11 CDT 2026","Sat May 09 01:04:24 CDT 2026","13365","ts-consign-service","Flow_Scenario_894 | GET /api/v1/consignservice/consigns/order/{id}","[Fault: GET__api_v1_consignservice_consigns_order__id_] SEMANTIC_MISMATCH (v59)","trainticket_twostage_test.TrainTicketTwoStageTest_1778271990929.Flow_Scenario_894","test_negative_flow_S894_v59_fault_Root1_SEMANTIC_MISMATCH","test_negative_flow_S894_v59_fault_Root1_SEMANTIC_MISMATCH","Microservice test scenario with 1 steps."
"failed","Sat May 09 00:23:09 CDT 2026","Sat May 09 00:23:18 CDT 2026","8450","ts-admin-basic-info-service","Flow_Scenario_1040 | POST /api/v1/adminbasicservice/adminbasic/stations","[Valid] v34","trainticket_twostage_test.TrainTicketTwoStageTest_1778271990929.Flow_Scenario_1040","test_positive_flow_S1040_v34","test_positive_flow_S1040_v34","Microservice test scenario with 1 steps."
"failed","Sat May 09 02:20:26 CDT 2026","Sat May 09 02:20:39 CDT 2026","13175","ts-admin-basic-info-service","Flow_Scenario_178 | PUT /api/v1/adminbasicservice/adminbasic/trains","[Valid] v45","trainticket_twostage_test.TrainTicketTwoStageTest_1778271990929.Flow_Scenario_178","test_positive_flow_S178_v45","test_positive_flow_S178_v45","Microservice test scenario with 1 steps."
"passed","Sat May 09 01:39:13 CDT 2026","Sat May 09 01:39:22 CDT 2026","9389","ts-admin-basic-info-service","Flow_Scenario_3 | POST /api/v1/adminbasicservice/adminbasic/trains","[Fault: POST__api_v1_adminbasicservice_adminbasic_trains] TYPE_MISMATCH (v49)","trainticket_twostage_test.TrainTicketTwoStageTest_1778271990929.Flow_Scenario_3","test_negative_flow_S3_v49_fault_Root1_TYPE_MISMATCH","test_negative_flow_S3_v49_fault_Root1_TYPE_MISMATCH","Microservice test scenario with 1 steps."
"failed","Sat May 09 01:55:33 CDT 2026","Sat May 09 01:55:46 CDT 2026","12906","ts-admin-basic-info-service","Flow_Scenario_3 | POST /api/v1/adminbasicservice/adminbasic/trains","[Explore 401]","trainticket_twostage_test.TrainTicketTwoStageTest_1778271990929.Flow_Scenario_3","test_positive_flow_S3_v2_explore_401","test_positive_flow_S3_v2_explore_401","Microservice test scenario with 1 steps."
"failed","Sat May 09 02:27:19 CDT 2026","Sat May 09 02:27:32 CDT 2026","13488","ts-admin-basic-info-service","Flow_Scenario_178 | PUT /api/v1/adminbasicservice/adminbasic/trains","[Valid] v77","trainticket_twostage_test.TrainTicketTwoStageTest_1778271990929.Flow_Scenario_178","test_positive_flow_S178_v77","test_positive_flow_S178_v77","Microservice test scenario with 1 steps."
"failed","Fri May 08 23:35:21 CDT 2026","Fri May 08 23:35:26 CDT 2026","5053","ts-order-other-service","Flow_Scenario_475 | POST /api/v1/orderOtherService/orderOther/refresh","[Fault: POST__api_v1_orderOtherService_orderOther_refresh] SEMANTIC_MISMATCH (v99)","trainticket_twostage_test.TrainTicketTwoStageTest_1778271990929.Flow_Scenario_475","test_negative_flow_S475_v99_fault_Root1_SEMANTIC_MISMATCH","test_negative_flow_S475_v99_fault_Root1_SEMANTIC_MISMATCH","Microservice test scenario with 1 steps."
"passed","Sat May 09 01:08:53 CDT 2026","Sat May 09 01:09:07 CDT 2026","14031","ts-consign-service","Flow_Scenario_894 | GET /api/v1/consignservice/consigns/order/{id}","[Fault: GET__api_v1_consignservice_consigns_order__id_] SPECIAL_CHARACTERS (v69)","trainticket_twostage_test.TrainTicketTwoStageTest_1778271990929.Flow_Scenario_894","test_negative_flow_S894_v69_fault_Root1_SPECIAL_CHARACTERS","test_negative_flow_S894_v69_fault_Root1_SPECIAL_CHARACTERS","Microservice test scenario with 1 steps."
"passed","Sat May 09 02:06:40 CDT 2026","Sat May 09 02:06:54 CDT 2026","13648","ts-admin-basic-info-service","Flow_Scenario_3 | POST /api/v1/adminbasicservice/adminbasic/trains","[Fault: POST__api_v1_adminbasicservice_adminbasic_trains] SEMANTIC_MISMATCH (v59)","trainticket_twostage_test.TrainTicketTwoStageTest_1778271990929.Flow_Scenario_3","test_negative_flow_S3_v59_fault_Root1_SEMANTIC_MISMATCH","test_negative_flow_S3_v59_fault_Root1_SEMANTIC_MISMATCH","Microservice test scenario with 1 steps."
"failed","Fri May 08 23:51:11 CDT 2026","Fri May 08 23:51:16 CDT 2026","5045","ts-order-other-service","Flow_Scenario_475 | POST /api/v1/orderOtherService/orderOther/refresh","[Fault: POST__api_v1_orderOtherService_orderOther_refresh] SEMANTIC_MISMATCH (v237)","trainticket_twostage_test.TrainTicketTwoStageTest_1778271990929.Flow_Scenario_475","test_negative_flow_S475_v237_fault_Root1_SEMANTIC_MISMATCH","test_negative_flow_S475_v237_fault_Root1_SEMANTIC_MISMATCH","Microservice test scenario with 1 steps."
"failed","Fri May 08 23:53:30 CDT 2026","Fri May 08 23:53:35 CDT 2026","5049","ts-order-other-service","Flow_Scenario_475 | POST /api/v1/orderOtherService/orderOther/refresh","[Fault: POST__api_v1_orderOtherService_orderOther_refresh] SPECIAL_CHARACTERS (v185)","trainticket_twostage_test.TrainTicketTwoStageTest_1778271990929.Flow_Scenario_475","test_negative_flow_S475_v185_fault_Root1_SPECIAL_CHARACTERS","test_negative_flow_S475_v185_fault_Root1_SPECIAL_CHARACTERS","Microservice test scenario with 1 steps."
"failed","Fri May 08 23:53:06 CDT 2026","Fri May 08 23:53:12 CDT 2026","5049","ts-order-other-service","Flow_Scenario_475 | POST /api/v1/orderOtherService/orderOther/refresh","[Fault: POST__api_v1_orderOtherService_orderOther_refresh] SPECIAL_CHARACTERS (v174)","trainticket_twostage_test.TrainTicketTwoStageTest_1778271990929.Flow_Scenario_475","test_negative_flow_S475_v174_fault_Root1_SPECIAL_CHARACTERS","test_negative_flow_S475_v174_fault_Root1_SPECIAL_CHARACTERS","Microservice test scenario with 1 steps."
"failed","Sat May 09 01:30:53 CDT 2026","Sat May 09 01:31:05 CDT 2026","12193","ts-admin-basic-info-service","Flow_Scenario_994 | PUT /api/v1/adminbasicservice/adminbasic/stations","[Valid] v61","trainticket_twostage_test.TrainTicketTwoStageTest_1778271990929.Flow_Scenario_994","test_positive_flow_S994_v61","test_positive_flow_S994_v61","Microservice test scenario with 1 steps."
"failed","Sat May 09 00:43:48 CDT 2026","Sat May 09 00:43:58 CDT 2026","9246","ts-travel2-service","Flow_Scenario_749 | POST /api/v1/travel2service/trips/left","[Fault: POST__api_v1_travel2service_trips_left] SEMANTIC_MISMATCH (v112)","trainticket_twostage_test.TrainTicketTwoStageTest_1778271990929.Flow_Scenario_749","test_negative_flow_S749_v112_fault_Root1_SEMANTIC_MISMATCH","test_negative_flow_S749_v112_fault_Root1_SEMANTIC_MISMATCH","Microservice test scenario with 1 steps."
"passed","Fri May 08 23:54:49 CDT 2026","Fri May 08 23:54:58 CDT 2026","9080","ts-travel-plan-service","Flow_Scenario_276 | POST /api/v1/travelplanservice/travelPlan/cheapest","[Fault: POST__api_v1_travelplanservice_travelPlan_cheapest] SPECIAL_CHARACTERS (v60)","trainticket_twostage_test.TrainTicketTwoStageTest_1778271990929.Flow_Scenario_276","test_negative_flow_S276_v60_fault_Root1_SPECIAL_CHARACTERS","test_negative_flow_S276_v60_fault_Root1_SPECIAL_CHARACTERS","Microservice test scenario with 1 steps."
"failed","Sat May 09 02:29:08 CDT 2026","Sat May 09 02:29:17 CDT 2026","9043","ts-admin-basic-info-service","Flow_Scenario_178 | PUT /api/v1/adminbasicservice/adminbasic/trains","[Valid] v86","trainticket_twostage_test.TrainTicketTwoStageTest_1778271990929.Flow_Scenario_178","test_positive_flow_S178_v86","test_positive_flow_S178_v86","Microservice test scenario with 1 steps."
"passed","Sat May 09 00:34:04 CDT 2026","Sat May 09 00:34:14 CDT 2026","9270","ts-travel2-service","Flow_Scenario_749 | POST /api/v1/travel2service/trips/left","[Valid] v14","trainticket_twostage_test.TrainTicketTwoStageTest_1778271990929.Flow_Scenario_749","test_positive_flow_S749_v14","test_positive_flow_S749_v14","Microservice test scenario with 1 steps."
"failed","Sat May 09 00:25:12 CDT 2026","Sat May 09 00:25:24 CDT 2026","12932","ts-admin-basic-info-service","Flow_Scenario_1040 | POST /api/v1/adminbasicservice/adminbasic/stations","[Valid] v85","trainticket_twostage_test.TrainTicketTwoStageTest_1778271990929.Flow_Scenario_1040","test_positive_flow_S1040_v85","test_positive_flow_S1040_v85","Microservice test scenario with 1 steps."
"failed","Sat May 09 02:34:15 CDT 2026","Sat May 09 02:34:28 CDT 2026","13161","ts-admin-basic-info-service","Flow_Scenario_178 | PUT /api/v1/adminbasicservice/adminbasic/trains","[Explore 405]","trainticket_twostage_test.TrainTicketTwoStageTest_1778271990929.Flow_Scenario_178","test_positive_flow_S178_v4_explore_405","test_positive_flow_S178_v4_explore_405","Microservice test scenario with 1 steps."
"failed","Sat May 09 02:15:10 CDT 2026","Sat May 09 02:15:23 CDT 2026","12721","ts-admin-basic-info-service","Flow_Scenario_178 | PUT /api/v1/adminbasicservice/adminbasic/trains","[Valid] v21","trainticket_twostage_test.TrainTicketTwoStageTest_1778271990929.Flow_Scenario_178","test_positive_flow_S178_v21","test_positive_flow_S178_v21","Microservice test scenario with 1 steps."
"failed","Sat May 09 00:45:23 CDT 2026","Sat May 09 00:45:28 CDT 2026","5100","ts-travel2-service","Flow_Scenario_749 | POST /api/v1/travel2service/trips/left","[Fault: POST__api_v1_travel2service_trips_left] SEMANTIC_MISMATCH (v78)","trainticket_twostage_test.TrainTicketTwoStageTest_1778271990929.Flow_Scenario_749","test_negative_flow_S749_v78_fault_Root1_SEMANTIC_MISMATCH","test_negative_flow_S749_v78_fault_Root1_SEMANTIC_MISMATCH","Microservice test scenario with 1 steps."
"failed","Sat May 09 02:29:17 CDT 2026","Sat May 09 02:29:31 CDT 2026","13586","ts-admin-basic-info-service","Flow_Scenario_178 | PUT /api/v1/adminbasicservice/adminbasic/trains","[Valid] v87","trainticket_twostage_test.TrainTicketTwoStageTest_1778271990929.Flow_Scenario_178","test_positive_flow_S178_v87","test_positive_flow_S178_v87","Microservice test scenario with 1 steps."
"passed","Sat May 09 01:43:57 CDT 2026","Sat May 09 01:44:11 CDT 2026","13929","ts-admin-basic-info-service","Flow_Scenario_3 | POST /api/v1/adminbasicservice/adminbasic/trains","[Fault: POST__api_v1_adminbasicservice_adminbasic_trains] SPECIAL_CHARACTERS (v92)","trainticket_twostage_test.TrainTicketTwoStageTest_1778271990929.Flow_Scenario_3","test_negative_flow_S3_v92_fault_Root1_SPECIAL_CHARACTERS","test_negative_flow_S3_v92_fault_Root1_SPECIAL_CHARACTERS","Microservice test scenario with 1 steps."
"failed","Sat May 09 01:10:42 CDT 2026","Sat May 09 01:10:56 CDT 2026","13190","ts-consign-service","Flow_Scenario_894 | GET /api/v1/consignservice/consigns/order/{id}","[Valid] v12","trainticket_twostage_test.TrainTicketTwoStageTest_1778271990929.Flow_Scenario_894","test_positive_flow_S894_v12","test_positive_flow_S894_v12","Microservice test scenario with 1 steps."
"failed","Fri May 08 23:53:12 CDT 2026","Fri May 08 23:53:21 CDT 2026","9250","ts-order-other-service","Flow_Scenario_475 | POST /api/v1/orderOtherService/orderOther/refresh","[Fault: POST__api_v1_orderOtherService_orderOther_refresh] SEMANTIC_MISMATCH (v55)","trainticket_twostage_test.TrainTicketTwoStageTest_1778271990929.Flow_Scenario_475","test_negative_flow_S475_v55_fault_Root1_SEMANTIC_MISMATCH","test_negative_flow_S475_v55_fault_Root1_SEMANTIC_MISMATCH","Microservice test scenario with 1 steps."
"failed","Fri May 08 23:32:23 CDT 2026","Fri May 08 23:32:34 CDT 2026","10830","ts-order-other-service","Flow_Scenario_475 | POST /api/v1/orderOtherService/orderOther/refresh","[Fault: POST__api_v1_orderOtherService_orderOther_refresh] TYPE_MISMATCH (v240)","trainticket_twostage_test.TrainTicketTwoStageTest_1778271990929.Flow_Scenario_475","test_negative_flow_S475_v240_fault_Root1_TYPE_MISMATCH","test_negative_flow_S475_v240_fault_Root1_TYPE_MISMATCH","Microservice test scenario with 1 steps."
"passed","Fri May 08 23:42:57 CDT 2026","Fri May 08 23:43:06 CDT 2026","9229","ts-order-other-service","Flow_Scenario_475 | POST /api/v1/orderOtherService/orderOther/refresh","[Valid] v10","trainticket_twostage_test.TrainTicketTwoStageTest_1778271990929.Flow_Scenario_475","test_positive_flow_S475_v10","test_positive_flow_S475_v10","Microservice test scenario with 1 steps."
"failed","Sat May 09 01:25:02 CDT 2026","Sat May 09 01:25:16 CDT 2026","13363","ts-admin-basic-info-service","Flow_Scenario_994 | PUT /api/v1/adminbasicservice/adminbasic/stations","[Valid] v9","trainticket_twostage_test.TrainTicketTwoStageTest_1778271990929.Flow_Scenario_994","test_positive_flow_S994_v9","test_positive_flow_S994_v9","Microservice test scenario with 1 steps."
"failed","Fri May 08 23:26:22 CDT 2026","Fri May 08 23:26:31 CDT 2026","9232","ts-order-other-service","Flow_Scenario_475 | POST /api/v1/orderOtherService/orderOther/refresh","[Fault: POST__api_v1_orderOtherService_orderOther_refresh] TYPE_MISMATCH (v175)","trainticket_twostage_test.TrainTicketTwoStageTest_1778271990929.Flow_Scenario_475","test_negative_flow_S475_v175_fault_Root1_TYPE_MISMATCH","test_negative_flow_S475_v175_fault_Root1_TYPE_MISMATCH","Microservice test scenario with 1 steps."
"failed","Fri May 08 23:21:10 CDT 2026","Fri May 08 23:21:19 CDT 2026","9176","ts-order-other-service","Flow_Scenario_475 | POST /api/v1/orderOtherService/orderOther/refresh","[Fault: POST__api_v1_orderOtherService_orderOther_refresh] SPECIAL_CHARACTERS (v96)","trainticket_twostage_test.TrainTicketTwoStageTest_1778271990929.Flow_Scenario_475","test_negative_flow_S475_v96_fault_Root1_SPECIAL_CHARACTERS","test_negative_flow_S475_v96_fault_Root1_SPECIAL_CHARACTERS","Microservice test scenario with 1 steps."
"passed","Sat May 09 00:40:51 CDT 2026","Sat May 09 00:41:01 CDT 2026","9289","ts-travel2-service","Flow_Scenario_749 | POST /api/v1/travel2service/trips/left","[Fault: POST__api_v1_travel2service_trips_left] SPECIAL_CHARACTERS (v145)","trainticket_twostage_test.TrainTicketTwoStageTest_1778271990929.Flow_Scenario_749","test_negative_flow_S749_v145_fault_Root1_SPECIAL_CHARACTERS","test_negative_flow_S749_v145_fault_Root1_SPECIAL_CHARACTERS","Microservice test scenario with 1 steps."
"failed","Sat May 09 01:03:33 CDT 2026","Sat May 09 01:03:45 CDT 2026","12330","ts-consign-service","Flow_Scenario_894 | GET /api/v1/consignservice/consigns/order/{id}","[Valid] v7","trainticket_twostage_test.TrainTicketTwoStageTest_1778271990929.Flow_Scenario_894","test_positive_flow_S894_v7","test_positive_flow_S894_v7","Microservice test scenario with 1 steps."
"passed","Fri May 08 23:40:50 CDT 2026","Fri May 08 23:40:55 CDT 2026","5045","ts-order-other-service","Flow_Scenario_475 | POST /api/v1/orderOtherService/orderOther/refresh","[Fault: POST__api_v1_orderOtherService_orderOther_refresh] SEMANTIC_MISMATCH (v233)","trainticket_twostage_test.TrainTicketTwoStageTest_1778271990929.Flow_Scenario_475","test_negative_flow_S475_v233_fault_Root1_SEMANTIC_MISMATCH","test_negative_flow_S475_v233_fault_Root1_SEMANTIC_MISMATCH","Microservice test scenario with 1 steps."
"passed","Sat May 09 00:03:22 CDT 2026","Sat May 09 00:03:30 CDT 2026","8178","ts-travel-plan-service","Flow_Scenario_276 | POST /api/v1/travelplanservice/travelPlan/cheapest","[Fault: POST__api_v1_travelplanservice_travelPlan_cheapest] TYPE_MISMATCH (v124)","trainticket_twostage_test.TrainTicketTwoStageTest_1778271990929.Flow_Scenario_276","test_negative_flow_S276_v124_fault_Root1_TYPE_MISMATCH","test_negative_flow_S276_v124_fault_Root1_TYPE_MISMATCH","Microservice test scenario with 1 steps."
"passed","Fri May 08 23:21:39 CDT 2026","Fri May 08 23:21:48 CDT 2026","9208","ts-order-other-service","Flow_Scenario_475 | POST /api/v1/orderOtherService/orderOther/refresh","[Fault: POST__api_v1_orderOtherService_orderOther_refresh] TYPE_MISMATCH (v227)","trainticket_twostage_test.TrainTicketTwoStageTest_1778271990929.Flow_Scenario_475","test_negative_flow_S475_v227_fault_Root1_TYPE_MISMATCH","test_negative_flow_S475_v227_fault_Root1_TYPE_MISMATCH","Microservice test scenario with 1 steps."
"failed","Fri May 08 23:37:13 CDT 2026","Fri May 08 23:37:18 CDT 2026","5050","ts-order-other-service","Flow_Scenario_475 | POST /api/v1/orderOtherService/orderOther/refresh","[Fault: POST__api_v1_orderOtherService_orderOther_refresh] SEMANTIC_MISMATCH (v141)","trainticket_twostage_test.TrainTicketTwoStageTest_1778271990929.Flow_Scenario_475","test_negative_flow_S475_v141_fault_Root1_SEMANTIC_MISMATCH","test_negative_flow_S475_v141_fault_Root1_SEMANTIC_MISMATCH","Microservice test scenario with 1 steps."
"failed","Sat May 09 00:42:02 CDT 2026","Sat May 09 00:42:12 CDT 2026","9235","ts-travel2-service","Flow_Scenario_749 | POST /api/v1/travel2service/trips/left","[Fault: POST__api_v1_travel2service_trips_left] TYPE_MISMATCH (v27)","trainticket_twostage_test.TrainTicketTwoStageTest_1778271990929.Flow_Scenario_749","test_negative_flow_S749_v27_fault_Root1_TYPE_MISMATCH","test_negative_flow_S749_v27_fault_Root1_TYPE_MISMATCH","Microservice test scenario with 1 steps."
"failed","Sat May 09 01:31:59 CDT 2026","Sat May 09 01:32:12 CDT 2026","13078","ts-admin-basic-info-service","Flow_Scenario_994 | PUT /api/v1/adminbasicservice/adminbasic/stations","[Valid] v78","trainticket_twostage_test.TrainTicketTwoStageTest_1778271990929.Flow_Scenario_994","test_positive_flow_S994_v78","test_positive_flow_S994_v78","Microservice test scenario with 1 steps."
"failed","Sat May 09 01:27:53 CDT 2026","Sat May 09 01:28:06 CDT 2026","12771","ts-admin-basic-info-service","Flow_Scenario_994 | PUT /api/v1/adminbasicservice/adminbasic/stations","[Valid] v22","trainticket_twostage_test.TrainTicketTwoStageTest_1778271990929.Flow_Scenario_994","test_positive_flow_S994_v22","test_positive_flow_S994_v22","Microservice test scenario with 1 steps."
"failed","Sat May 09 01:14:34 CDT 2026","Sat May 09 01:14:48 CDT 2026","13387","ts-consign-service","Flow_Scenario_894 | GET /api/v1/consignservice/consigns/order/{id}","[Valid] v83","trainticket_twostage_test.TrainTicketTwoStageTest_1778271990929.Flow_Scenario_894","test_positive_flow_S894_v83","test_positive_flow_S894_v83","Microservice test scenario with 1 steps."
"failed","Sat May 09 00:24:51 CDT 2026","Sat May 09 00:24:59 CDT 2026","8321","ts-admin-basic-info-service","Flow_Scenario_1040 | POST /api/v1/adminbasicservice/adminbasic/stations","[Valid] v77","trainticket_twostage_test.TrainTicketTwoStageTest_1778271990929.Flow_Scenario_1040","test_positive_flow_S1040_v77","test_positive_flow_S1040_v77","Microservice test scenario with 1 steps."
"passed","Sat May 09 01:45:05 CDT 2026","Sat May 09 01:45:18 CDT 2026","12901","ts-admin-basic-info-service","Flow_Scenario_3 | POST /api/v1/adminbasicservice/adminbasic/trains","[Fault: POST__api_v1_adminbasicservice_adminbasic_trains] SEMANTIC_MISMATCH (v91)","trainticket_twostage_test.TrainTicketTwoStageTest_1778271990929.Flow_Scenario_3","test_negative_flow_S3_v91_fault_Root1_SEMANTIC_MISMATCH","test_negative_flow_S3_v91_fault_Root1_SEMANTIC_MISMATCH","Microservice test scenario with 1 steps."
"failed","Sat May 09 01:17:49 CDT 2026","Sat May 09 01:18:03 CDT 2026","13601","ts-consign-service","Flow_Scenario_894 | GET /api/v1/consignservice/consigns/order/{id}","[Valid] v98","trainticket_twostage_test.TrainTicketTwoStageTest_1778271990929.Flow_Scenario_894","test_positive_flow_S894_v98","test_positive_flow_S894_v98","Microservice test scenario with 1 steps."
"failed","Sat May 09 00:41:47 CDT 2026","Sat May 09 00:41:57 CDT 2026","10209","ts-travel2-service","Flow_Scenario_749 | POST /api/v1/travel2service/trips/left","[Fault: POST__api_v1_travel2service_trips_left] SPECIAL_CHARACTERS (v30)","trainticket_twostage_test.TrainTicketTwoStageTest_1778271990929.Flow_Scenario_749","test_negative_flow_S749_v30_fault_Root1_SPECIAL_CHARACTERS","test_negative_flow_S749_v30_fault_Root1_SPECIAL_CHARACTERS","Microservice test scenario with 1 steps."
"passed","Sat May 09 01:58:12 CDT 2026","Sat May 09 01:58:25 CDT 2026","12954","ts-admin-basic-info-service","Flow_Scenario_3 | POST /api/v1/adminbasicservice/adminbasic/trains","[Fault: POST__api_v1_adminbasicservice_adminbasic_trains] SEMANTIC_MISMATCH (v116)","trainticket_twostage_test.TrainTicketTwoStageTest_1778271990929.Flow_Scenario_3","test_negative_flow_S3_v116_fault_Root1_SEMANTIC_MISMATCH","test_negative_flow_S3_v116_fault_Root1_SEMANTIC_MISMATCH","Microservice test scenario with 1 steps."
"failed","Sat May 09 00:23:30 CDT 2026","Sat May 09 00:23:43 CDT 2026","13372","ts-admin-basic-info-service","Flow_Scenario_1040 | POST /api/v1/adminbasicservice/adminbasic/stations","[Valid] v37","trainticket_twostage_test.TrainTicketTwoStageTest_1778271990929.Flow_Scenario_1040","test_positive_flow_S1040_v37","test_positive_flow_S1040_v37","Microservice test scenario with 1 steps."
"failed","Fri May 08 23:30:52 CDT 2026","Fri May 08 23:30:57 CDT 2026","5048","ts-order-other-service","Flow_Scenario_475 | POST /api/v1/orderOtherService/orderOther/refresh","[Fault: POST__api_v1_orderOtherService_orderOther_refresh] TYPE_MISMATCH (v186)","trainticket_twostage_test.TrainTicketTwoStageTest_1778271990929.Flow_Scenario_475","test_negative_flow_S475_v186_fault_Root1_TYPE_MISMATCH","test_negative_flow_S475_v186_fault_Root1_TYPE_MISMATCH","Microservice test scenario with 1 steps."
"passed","Sat May 09 00:47:20 CDT 2026","Sat May 09 00:47:29 CDT 2026","9248","ts-travel2-service","Flow_Scenario_749 | POST /api/v1/travel2service/trips/left","[Fault: POST__api_v1_travel2service_trips_left] SPECIAL_CHARACTERS (v100)","trainticket_twostage_test.TrainTicketTwoStageTest_1778271990929.Flow_Scenario_749","test_negative_flow_S749_v100_fault_Root1_SPECIAL_CHARACTERS","test_negative_flow_S749_v100_fault_Root1_SPECIAL_CHARACTERS","Microservice test scenario with 1 steps."
"failed","Fri May 08 23:40:08 CDT 2026","Fri May 08 23:40:13 CDT 2026","5048","ts-order-other-service","Flow_Scenario_475 | POST /api/v1/orderOtherService/orderOther/refresh","[Fault: POST__api_v1_orderOtherService_orderOther_refresh] SEMANTIC_MISMATCH (v252)","trainticket_twostage_test.TrainTicketTwoStageTest_1778271990929.Flow_Scenario_475","test_negative_flow_S475_v252_fault_Root1_SEMANTIC_MISMATCH","test_negative_flow_S475_v252_fault_Root1_SEMANTIC_MISMATCH","Microservice test scenario with 1 steps."
"failed","Sat May 09 00:41:25 CDT 2026","Sat May 09 00:41:38 CDT 2026","12937","ts-travel2-service","Flow_Scenario_749 | POST /api/v1/travel2service/trips/left","[Fault: POST__api_v1_travel2service_trips_left] SPECIAL_CHARACTERS (v50)","trainticket_twostage_test.TrainTicketTwoStageTest_1778271990929.Flow_Scenario_749","test_negative_flow_S749_v50_fault_Root1_SPECIAL_CHARACTERS","test_negative_flow_S749_v50_fault_Root1_SPECIAL_CHARACTERS","Microservice test scenario with 1 steps."
"passed","Sat May 09 02:11:24 CDT 2026","Sat May 09 02:11:37 CDT 2026","12968","ts-admin-basic-info-service","Flow_Scenario_3 | POST /api/v1/adminbasicservice/adminbasic/trains","[Fault: POST__api_v1_adminbasicservice_adminbasic_trains] SEMANTIC_MISMATCH (v98)","trainticket_twostage_test.TrainTicketTwoStageTest_1778271990929.Flow_Scenario_3","test_negative_flow_S3_v98_fault_Root1_SEMANTIC_MISMATCH","test_negative_flow_S3_v98_fault_Root1_SEMANTIC_MISMATCH","Microservice test scenario with 1 steps."
"failed","Fri May 08 23:22:37 CDT 2026","Fri May 08 23:22:46 CDT 2026","9198","ts-order-other-service","Flow_Scenario_475 | POST /api/v1/orderOtherService/orderOther/refresh","[Fault: POST__api_v1_orderOtherService_orderOther_refresh] SEMANTIC_MISMATCH (v129)","trainticket_twostage_test.TrainTicketTwoStageTest_1778271990929.Flow_Scenario_475","test_negative_flow_S475_v129_fault_Root1_SEMANTIC_MISMATCH","test_negative_flow_S475_v129_fault_Root1_SEMANTIC_MISMATCH","Microservice test scenario with 1 steps."
"failed","Fri May 08 23:36:30 CDT 2026","Fri May 08 23:36:35 CDT 2026","5049","ts-order-other-service","Flow_Scenario_475 | POST /api/v1/orderOtherService/orderOther/refresh","[Fault: POST__api_v1_orderOtherService_orderOther_refresh] SPECIAL_CHARACTERS (v102)","trainticket_twostage_test.TrainTicketTwoStageTest_1778271990929.Flow_Scenario_475","test_negative_flow_S475_v102_fault_Root1_SPECIAL_CHARACTERS","test_negative_flow_S475_v102_fault_Root1_SPECIAL_CHARACTERS","Microservice test scenario with 1 steps."
"failed","Sat May 09 02:10:07 CDT 2026","Sat May 09 02:10:20 CDT 2026","12578","ts-admin-basic-info-service","Flow_Scenario_3 | POST /api/v1/adminbasicservice/adminbasic/trains","[Valid] v19","trainticket_twostage_test.TrainTicketTwoStageTest_1778271990929.Flow_Scenario_3","test_positive_flow_S3_v19","test_positive_flow_S3_v19","Microservice test scenario with 1 steps."
"passed","Sat May 09 00:45:09 CDT 2026","Sat May 09 00:45:14 CDT 2026","5098","ts-travel2-service","Flow_Scenario_749 | POST /api/v1/travel2service/trips/left","[Fault: POST__api_v1_travel2service_trips_left] TYPE_MISMATCH (v119)","trainticket_twostage_test.TrainTicketTwoStageTest_1778271990929.Flow_Scenario_749","test_negative_flow_S749_v119_fault_Root1_TYPE_MISMATCH","test_negative_flow_S749_v119_fault_Root1_TYPE_MISMATCH","Microservice test scenario with 1 steps."
"failed","Sat May 09 01:01:14 CDT 2026","Sat May 09 01:01:26 CDT 2026","12446","ts-admin-order-service","Flow_Scenario_1 | GET /api/v1/adminorderservice/adminorder","[Valid] v1","trainticket_twostage_test.TrainTicketTwoStageTest_1778271990929.Flow_Scenario_1","test_positive_flow_S1_v1","test_positive_flow_S1_v1","Microservice test scenario with 1 steps."
"passed","Sat May 09 00:40:37 CDT 2026","Sat May 09 00:40:46 CDT 2026","9255","ts-travel2-service","Flow_Scenario_749 | POST /api/v1/travel2service/trips/left","[Fault: POST__api_v1_travel2service_trips_left] SPECIAL_CHARACTERS (v114)","trainticket_twostage_test.TrainTicketTwoStageTest_1778271990929.Flow_Scenario_749","test_negative_flow_S749_v114_fault_Root1_SPECIAL_CHARACTERS","test_negative_flow_S749_v114_fault_Root1_SPECIAL_CHARACTERS","Microservice test scenario with 1 steps."
"passed","Sat May 09 01:41:32 CDT 2026","Sat May 09 01:41:45 CDT 2026","12547","ts-admin-basic-info-service","Flow_Scenario_3 | POST /api/v1/adminbasicservice/adminbasic/trains","[Fault: POST__api_v1_adminbasicservice_adminbasic_trains] TYPE_MISMATCH (v128)","trainticket_twostage_test.TrainTicketTwoStageTest_1778271990929.Flow_Scenario_3","test_negative_flow_S3_v128_fault_Root1_TYPE_MISMATCH","test_negative_flow_S3_v128_fault_Root1_TYPE_MISMATCH","Microservice test scenario with 1 steps."
"failed","Sat May 09 00:35:37 CDT 2026","Sat May 09 00:35:50 CDT 2026","13094","ts-travel2-service","Flow_Scenario_749 | POST /api/v1/travel2service/trips/left","[Fault: POST__api_v1_travel2service_trips_left] OVERFLOW (v109)","trainticket_twostage_test.TrainTicketTwoStageTest_1778271990929.Flow_Scenario_749","test_negative_flow_S749_v109_fault_Root1_OVERFLOW","test_negative_flow_S749_v109_fault_Root1_OVERFLOW","Microservice test scenario with 1 steps."
"failed","Sat May 09 02:31:14 CDT 2026","Sat May 09 02:31:27 CDT 2026","13061","ts-admin-basic-info-service","Flow_Scenario_178 | PUT /api/v1/adminbasicservice/adminbasic/trains","[Valid] v97","trainticket_twostage_test.TrainTicketTwoStageTest_1778271990929.Flow_Scenario_178","test_positive_flow_S178_v97","test_positive_flow_S178_v97","Microservice test scenario with 1 steps."
"failed","Sat May 09 00:25:51 CDT 2026","Sat May 09 00:26:03 CDT 2026","12182","ts-admin-basic-info-service","Flow_Scenario_1040 | POST /api/v1/adminbasicservice/adminbasic/stations","[Valid] v98","trainticket_twostage_test.TrainTicketTwoStageTest_1778271990929.Flow_Scenario_1040","test_positive_flow_S1040_v98","test_positive_flow_S1040_v98","Microservice test scenario with 1 steps."
"passed","Sat May 09 01:42:53 CDT 2026","Sat May 09 01:43:07 CDT 2026","14041","ts-admin-basic-info-service","Flow_Scenario_3 | POST /api/v1/adminbasicservice/adminbasic/trains","[Fault: POST__api_v1_adminbasicservice_adminbasic_trains] SEMANTIC_MISMATCH (v29)","trainticket_twostage_test.TrainTicketTwoStageTest_1778271990929.Flow_Scenario_3","test_negative_flow_S3_v29_fault_Root1_SEMANTIC_MISMATCH","test_negative_flow_S3_v29_fault_Root1_SEMANTIC_MISMATCH","Microservice test scenario with 1 steps."
"passed","Sat May 09 00:46:11 CDT 2026","Sat May 09 00:46:16 CDT 2026","5135","ts-travel2-service","Flow_Scenario_749 | POST /api/v1/travel2service/trips/left","[Fault: POST__api_v1_travel2service_trips_left] TYPE_MISMATCH (v44)","trainticket_twostage_test.TrainTicketTwoStageTest_1778271990929.Flow_Scenario_749","test_negative_flow_S749_v44_fault_Root1_TYPE_MISMATCH","test_negative_flow_S749_v44_fault_Root1_TYPE_MISMATCH","Microservice test scenario with 1 steps."
"failed","Sat May 09 01:29:36 CDT 2026","Sat May 09 01:29:49 CDT 2026","12624","ts-admin-basic-info-service","Flow_Scenario_994 | PUT /api/v1/adminbasicservice/adminbasic/stations","[Valid] v48","trainticket_twostage_test.TrainTicketTwoStageTest_1778271990929.Flow_Scenario_994","test_positive_flow_S994_v48","test_positive_flow_S994_v48","Microservice test scenario with 1 steps."
"failed","Fri May 08 23:33:31 CDT 2026","Fri May 08 23:33:36 CDT 2026","5045","ts-order-other-service","Flow_Scenario_475 | POST /api/v1/orderOtherService/orderOther/refresh","[Fault: POST__api_v1_orderOtherService_orderOther_refresh] SPECIAL_CHARACTERS (v120)","trainticket_twostage_test.TrainTicketTwoStageTest_1778271990929.Flow_Scenario_475","test_negative_flow_S475_v120_fault_Root1_SPECIAL_CHARACTERS","test_negative_flow_S475_v120_fault_Root1_SPECIAL_CHARACTERS","Microservice test scenario with 1 steps."
"failed","Sat May 09 02:40:04 CDT 2026","Sat May 09 02:40:18 CDT 2026","14054","ts-admin-travel-service","Flow_Scenario_1088 | DELETE /api/v1/admintravelservice/admintravel/{tripId}","[Valid] v3","trainticket_twostage_test.TrainTicketTwoStageTest_1778271990929.Flow_Scenario_1088","test_positive_flow_S1088_v3","test_positive_flow_S1088_v3","Microservice test scenario with 1 steps."
"passed","Fri May 08 23:57:43 CDT 2026","Fri May 08 23:57:57 CDT 2026","13216","ts-travel-plan-service","Flow_Scenario_276 | POST /api/v1/travelplanservice/travelPlan/cheapest","[Fault: POST__api_v1_travelplanservice_travelPlan_cheapest] SPECIAL_CHARACTERS (v82)","trainticket_twostage_test.TrainTicketTwoStageTest_1778271990929.Flow_Scenario_276","test_negative_flow_S276_v82_fault_Root1_SPECIAL_CHARACTERS","test_negative_flow_S276_v82_fault_Root1_SPECIAL_CHARACTERS","Microservice test scenario with 1 steps."
"passed","Fri May 08 23:37:49 CDT 2026","Fri May 08 23:38:03 CDT 2026","14566","ts-order-other-service","Flow_Scenario_475 | POST /api/v1/orderOtherService/orderOther/refresh","[Fault: POST__api_v1_orderOtherService_orderOther_refresh] TYPE_MISMATCH (v64)","trainticket_twostage_test.TrainTicketTwoStageTest_1778271990929.Flow_Scenario_475","test_negative_flow_S475_v64_fault_Root1_TYPE_MISMATCH","test_negative_flow_S475_v64_fault_Root1_TYPE_MISMATCH","Microservice test scenario with 1 steps."
"failed","Sat May 09 01:16:33 CDT 2026","Sat May 09 01:16:45 CDT 2026","12656","ts-consign-service","Flow_Scenario_894 | GET /api/v1/consignservice/consigns/order/{id}","[Valid] v92","trainticket_twostage_test.TrainTicketTwoStageTest_1778271990929.Flow_Scenario_894","test_positive_flow_S894_v92","test_positive_flow_S894_v92","Microservice test scenario with 1 steps."
"passed","Sat May 09 02:04:42 CDT 2026","Sat May 09 02:04:55 CDT 2026","13112","ts-admin-basic-info-service","Flow_Scenario_3 | POST /api/v1/adminbasicservice/adminbasic/trains","[Fault: POST__api_v1_adminbasicservice_adminbasic_trains] SEMANTIC_MISMATCH (v39)","trainticket_twostage_test.TrainTicketTwoStageTest_1778271990929.Flow_Scenario_3","test_negative_flow_S3_v39_fault_Root1_SEMANTIC_MISMATCH","test_negative_flow_S3_v39_fault_Root1_SEMANTIC_MISMATCH","Microservice test scenario with 1 steps."
"failed","Fri May 08 23:22:22 CDT 2026","Fri May 08 23:22:32 CDT 2026","10307","ts-order-other-service","Flow_Scenario_475 | POST /api/v1/orderOtherService/orderOther/refresh","[Fault: POST__api_v1_orderOtherService_orderOther_refresh] SPECIAL_CHARACTERS (v87)","trainticket_twostage_test.TrainTicketTwoStageTest_1778271990929.Flow_Scenario_475","test_negative_flow_S475_v87_fault_Root1_SPECIAL_CHARACTERS","test_negative_flow_S475_v87_fault_Root1_SPECIAL_CHARACTERS","Microservice test scenario with 1 steps."
"failed","Sat May 09 02:23:18 CDT 2026","Sat May 09 02:23:28 CDT 2026","9402","ts-admin-basic-info-service","Flow_Scenario_178 | PUT /api/v1/adminbasicservice/adminbasic/trains","[Valid] v58","trainticket_twostage_test.TrainTicketTwoStageTest_1778271990929.Flow_Scenario_178","test_positive_flow_S178_v58","test_positive_flow_S178_v58","Microservice test scenario with 1 steps."
"failed","Fri May 08 23:56:01 CDT 2026","Fri May 08 23:56:14 CDT 2026","12960","ts-travel-plan-service","Flow_Scenario_276 | POST /api/v1/travelplanservice/travelPlan/cheapest","[Valid] v4","trainticket_twostage_test.TrainTicketTwoStageTest_1778271990929.Flow_Scenario_276","test_positive_flow_S276_v4","test_positive_flow_S276_v4","Microservice test scenario with 1 steps."
"failed","Sat May 09 00:27:57 CDT 2026","Sat May 09 00:28:10 CDT 2026","12811","ts-travel2-service","Flow_Scenario_749 | POST /api/v1/travel2service/trips/left","[Fault: POST__api_v1_travel2service_trips_left] OVERFLOW (v25)","trainticket_twostage_test.TrainTicketTwoStageTest_1778271990929.Flow_Scenario_749","test_negative_flow_S749_v25_fault_Root1_OVERFLOW","test_negative_flow_S749_v25_fault_Root1_OVERFLOW","Microservice test scenario with 1 steps."
"failed","Sat May 09 02:27:06 CDT 2026","Sat May 09 02:27:19 CDT 2026","12846","ts-admin-basic-info-service","Flow_Scenario_178 | PUT /api/v1/adminbasicservice/adminbasic/trains","[Valid] v76","trainticket_twostage_test.TrainTicketTwoStageTest_1778271990929.Flow_Scenario_178","test_positive_flow_S178_v76","test_positive_flow_S178_v76","Microservice test scenario with 1 steps."
"passed","Sat May 09 00:27:32 CDT 2026","Sat May 09 00:27:44 CDT 2026","12676","ts-travel2-service","Flow_Scenario_749 | POST /api/v1/travel2service/trips/left","[Fault: POST__api_v1_travel2service_trips_left] SEMANTIC_MISMATCH (v116)","trainticket_twostage_test.TrainTicketTwoStageTest_1778271990929.Flow_Scenario_749","test_negative_flow_S749_v116_fault_Root1_SEMANTIC_MISMATCH","test_negative_flow_S749_v116_fault_Root1_SEMANTIC_MISMATCH","Microservice test scenario with 1 steps."
"passed","Fri May 08 23:59:28 CDT 2026","Fri May 08 23:59:37 CDT 2026","9522","ts-travel-plan-service","Flow_Scenario_276 | POST /api/v1/travelplanservice/travelPlan/cheapest","[Fault: POST__api_v1_travelplanservice_travelPlan_cheapest] SEMANTIC_MISMATCH (v122)","trainticket_twostage_test.TrainTicketTwoStageTest_1778271990929.Flow_Scenario_276","test_negative_flow_S276_v122_fault_Root1_SEMANTIC_MISMATCH","test_negative_flow_S276_v122_fault_Root1_SEMANTIC_MISMATCH","Microservice test scenario with 1 steps."
"failed","Fri May 08 23:46:57 CDT 2026","Fri May 08 23:47:11 CDT 2026","14445","ts-order-other-service","Flow_Scenario_475 | POST /api/v1/orderOtherService/orderOther/refresh","[Fault: POST__api_v1_orderOtherService_orderOther_refresh] SEMANTIC_MISMATCH (v49)","trainticket_twostage_test.TrainTicketTwoStageTest_1778271990929.Flow_Scenario_475","test_negative_flow_S475_v49_fault_Root1_SEMANTIC_MISMATCH","test_negative_flow_S475_v49_fault_Root1_SEMANTIC_MISMATCH","Microservice test scenario with 1 steps."
"passed","Sat May 09 00:53:12 CDT 2026","Sat May 09 00:53:26 CDT 2026","13632","ts-execute-service","Flow_Scenario_420 | GET /api/v1/executeservice/execute/execute/{orderId}","[Fault: GET__api_v1_executeservice_execute_execute__orderId_] NULL_INPUT (v34)","trainticket_twostage_test.TrainTicketTwoStageTest_1778271990929.Flow_Scenario_420","test_negative_flow_S420_v34_fault_Root1_NULL_INPUT","test_negative_flow_S420_v34_fault_Root1_NULL_INPUT","Microservice test scenario with 1 steps."
"passed","Sat May 09 01:54:40 CDT 2026","Sat May 09 01:54:54 CDT 2026","13948","ts-admin-basic-info-service","Flow_Scenario_3 | POST /api/v1/adminbasicservice/adminbasic/trains","[Fault: POST__api_v1_adminbasicservice_adminbasic_trains] SEMANTIC_MISMATCH (v134)","trainticket_twostage_test.TrainTicketTwoStageTest_1778271990929.Flow_Scenario_3","test_negative_flow_S3_v134_fault_Root1_SEMANTIC_MISMATCH","test_negative_flow_S3_v134_fault_Root1_SEMANTIC_MISMATCH","Microservice test scenario with 1 steps."
"passed","Sat May 09 02:02:04 CDT 2026","Sat May 09 02:02:18 CDT 2026","13831","ts-admin-basic-info-service","Flow_Scenario_3 | POST /api/v1/adminbasicservice/adminbasic/trains","[Fault: POST__api_v1_adminbasicservice_adminbasic_trains] SEMANTIC_MISMATCH (v42)","trainticket_twostage_test.TrainTicketTwoStageTest_1778271990929.Flow_Scenario_3","test_negative_flow_S3_v42_fault_Root1_SEMANTIC_MISMATCH","test_negative_flow_S3_v42_fault_Root1_SEMANTIC_MISMATCH","Microservice test scenario with 1 steps."
"failed","Fri May 08 23:36:00 CDT 2026","Fri May 08 23:36:09 CDT 2026","9261","ts-order-other-service","Flow_Scenario_475 | POST /api/v1/orderOtherService/orderOther/refresh","[Fault: POST__api_v1_orderOtherService_orderOther_refresh] SEMANTIC_MISMATCH (v212)","trainticket_twostage_test.TrainTicketTwoStageTest_1778271990929.Flow_Scenario_475","test_negative_flow_S475_v212_fault_Root1_SEMANTIC_MISMATCH","test_negative_flow_S475_v212_fault_Root1_SEMANTIC_MISMATCH","Microservice test scenario with 1 steps."
"failed","Sat May 09 02:14:57 CDT 2026","Sat May 09 02:15:10 CDT 2026","13035","ts-admin-basic-info-service","Flow_Scenario_178 | PUT /api/v1/adminbasicservice/adminbasic/trains","[Valid] v20","trainticket_twostage_test.TrainTicketTwoStageTest_1778271990929.Flow_Scenario_178","test_positive_flow_S178_v20","test_positive_flow_S178_v20","Microservice test scenario with 1 steps."
"passed","Sat May 09 02:02:43 CDT 2026","Sat May 09 02:02:57 CDT 2026","13185","ts-admin-basic-info-service","Flow_Scenario_3 | POST /api/v1/adminbasicservice/adminbasic/trains","[Fault: POST__api_v1_adminbasicservice_adminbasic_trains] SPECIAL_CHARACTERS (v110)","trainticket_twostage_test.TrainTicketTwoStageTest_1778271990929.Flow_Scenario_3","test_negative_flow_S3_v110_fault_Root1_SPECIAL_CHARACTERS","test_negative_flow_S3_v110_fault_Root1_SPECIAL_CHARACTERS","Microservice test scenario with 1 steps."
"passed","Sat May 09 02:04:29 CDT 2026","Sat May 09 02:04:42 CDT 2026","13189","ts-admin-basic-info-service","Flow_Scenario_3 | POST /api/v1/adminbasicservice/adminbasic/trains","[Fault: POST__api_v1_adminbasicservice_adminbasic_trains] SPECIAL_CHARACTERS (v152)","trainticket_twostage_test.TrainTicketTwoStageTest_1778271990929.Flow_Scenario_3","test_negative_flow_S3_v152_fault_Root1_SPECIAL_CHARACTERS","test_negative_flow_S3_v152_fault_Root1_SPECIAL_CHARACTERS","Microservice test scenario with 1 steps."
"passed","Sat May 09 00:57:56 CDT 2026","Sat May 09 00:58:08 CDT 2026","12281","ts-execute-service","Flow_Scenario_420 | GET /api/v1/executeservice/execute/execute/{orderId}","[Fault: GET__api_v1_executeservice_execute_execute__orderId_] SPECIAL_CHARACTERS (v24)","trainticket_twostage_test.TrainTicketTwoStageTest_1778271990929.Flow_Scenario_420","test_negative_flow_S420_v24_fault_Root1_SPECIAL_CHARACTERS","test_negative_flow_S420_v24_fault_Root1_SPECIAL_CHARACTERS","Microservice test scenario with 1 steps."
"failed","Sat May 09 00:31:29 CDT 2026","Sat May 09 00:31:38 CDT 2026","9350","ts-travel2-service","Flow_Scenario_749 | POST /api/v1/travel2service/trips/left","[Fault: POST__api_v1_travel2service_trips_left] TYPE_MISMATCH (v122)","trainticket_twostage_test.TrainTicketTwoStageTest_1778271990929.Flow_Scenario_749","test_negative_flow_S749_v122_fault_Root1_TYPE_MISMATCH","test_negative_flow_S749_v122_fault_Root1_TYPE_MISMATCH","Microservice test scenario with 1 steps."
"failed","Sat May 09 02:39:50 CDT 2026","Sat May 09 02:40:04 CDT 2026","13614","ts-admin-travel-service","Flow_Scenario_1088 | DELETE /api/v1/admintravelservice/admintravel/{tripId}","[Valid] v2","trainticket_twostage_test.TrainTicketTwoStageTest_1778271990929.Flow_Scenario_1088","test_positive_flow_S1088_v2","test_positive_flow_S1088_v2","Microservice test scenario with 1 steps."
"failed","Sat May 09 02:27:32 CDT 2026","Sat May 09 02:27:46 CDT 2026","13656","ts-admin-basic-info-service","Flow_Scenario_178 | PUT /api/v1/adminbasicservice/adminbasic/trains","[Valid] v79","trainticket_twostage_test.TrainTicketTwoStageTest_1778271990929.Flow_Scenario_178","test_positive_flow_S178_v79","test_positive_flow_S178_v79","Microservice test scenario with 1 steps."
"failed","Sat May 09 01:59:15 CDT 2026","Sat May 09 01:59:28 CDT 2026","12903","ts-admin-basic-info-service","Flow_Scenario_3 | POST /api/v1/adminbasicservice/adminbasic/trains","[Valid] v2","trainticket_twostage_test.TrainTicketTwoStageTest_1778271990929.Flow_Scenario_3","test_positive_flow_S3_v2","test_positive_flow_S3_v2","Microservice test scenario with 1 steps."
"failed","Fri May 08 23:28:12 CDT 2026","Fri May 08 23:28:17 CDT 2026","5087","ts-order-other-service","Flow_Scenario_475 | POST /api/v1/orderOtherService/orderOther/refresh","[Fault: POST__api_v1_orderOtherService_orderOther_refresh] SPECIAL_CHARACTERS (v109)","trainticket_twostage_test.TrainTicketTwoStageTest_1778271990929.Flow_Scenario_475","test_negative_flow_S475_v109_fault_Root1_SPECIAL_CHARACTERS","test_negative_flow_S475_v109_fault_Root1_SPECIAL_CHARACTERS","Microservice test scenario with 1 steps."
"failed","Fri May 08 23:24:46 CDT 2026","Fri May 08 23:24:55 CDT 2026","9249","ts-order-other-service","Flow_Scenario_475 | POST /api/v1/orderOtherService/orderOther/refresh","[Fault: POST__api_v1_orderOtherService_orderOther_refresh] SEMANTIC_MISMATCH (v187)","trainticket_twostage_test.TrainTicketTwoStageTest_1778271990929.Flow_Scenario_475","test_negative_flow_S475_v187_fault_Root1_SEMANTIC_MISMATCH","test_negative_flow_S475_v187_fault_Root1_SEMANTIC_MISMATCH","Microservice test scenario with 1 steps."
"failed","Fri May 08 23:31:25 CDT 2026","Fri May 08 23:31:35 CDT 2026","10195","ts-order-other-service","Flow_Scenario_475 | POST /api/v1/orderOtherService/orderOther/refresh","[Fault: POST__api_v1_orderOtherService_orderOther_refresh] SEMANTIC_MISMATCH (v226)","trainticket_twostage_test.TrainTicketTwoStageTest_1778271990929.Flow_Scenario_475","test_negative_flow_S475_v226_fault_Root1_SEMANTIC_MISMATCH","test_negative_flow_S475_v226_fault_Root1_SEMANTIC_MISMATCH","Microservice test scenario with 1 steps."
"failed","Sat May 09 01:12:15 CDT 2026","Sat May 09 01:12:28 CDT 2026","12354","ts-consign-service","Flow_Scenario_894 | GET /api/v1/consignservice/consigns/order/{id}","[Valid] v19","trainticket_twostage_test.TrainTicketTwoStageTest_1778271990929.Flow_Scenario_894","test_positive_flow_S894_v19","test_positive_flow_S894_v19","Microservice test scenario with 1 steps."
"passed","Sat May 09 01:05:16 CDT 2026","Sat May 09 01:05:30 CDT 2026","13799","ts-consign-service","Flow_Scenario_894 | GET /api/v1/consignservice/consigns/order/{id}","[Fault: GET__api_v1_consignservice_consigns_order__id_] SPECIAL_CHARACTERS (v52)","trainticket_twostage_test.TrainTicketTwoStageTest_1778271990929.Flow_Scenario_894","test_negative_flow_S894_v52_fault_Root1_SPECIAL_CHARACTERS","test_negative_flow_S894_v52_fault_Root1_SPECIAL_CHARACTERS","Microservice test scenario with 1 steps."
"passed","Sat May 09 01:18:16 CDT 2026","Sat May 09 01:18:29 CDT 2026","13104","ts-consign-service","Flow_Scenario_894 | GET /api/v1/consignservice/consigns/order/{id}","[Fault: GET__api_v1_consignservice_consigns_order__id_] SPECIAL_CHARACTERS (v60)","trainticket_twostage_test.TrainTicketTwoStageTest_1778271990929.Flow_Scenario_894","test_negative_flow_S894_v60_fault_Root1_SPECIAL_CHARACTERS","test_negative_flow_S894_v60_fault_Root1_SPECIAL_CHARACTERS","Microservice test scenario with 1 steps."
"passed","Sat May 09 00:13:31 CDT 2026","Sat May 09 00:13:44 CDT 2026","13369","ts-travel-plan-service","Flow_Scenario_276 | POST /api/v1/travelplanservice/travelPlan/cheapest","[Fault: POST__api_v1_travelplanservice_travelPlan_cheapest] SEMANTIC_MISMATCH (v132)","trainticket_twostage_test.TrainTicketTwoStageTest_1778271990929.Flow_Scenario_276","test_negative_flow_S276_v132_fault_Root1_SEMANTIC_MISMATCH","test_negative_flow_S276_v132_fault_Root1_SEMANTIC_MISMATCH","Microservice test scenario with 1 steps."
"failed","Fri May 08 23:31:06 CDT 2026","Fri May 08 23:31:11 CDT 2026","5053","ts-order-other-service","Flow_Scenario_475 | POST /api/v1/orderOtherService/orderOther/refresh","[Fault: POST__api_v1_orderOtherService_orderOther_refresh] SPECIAL_CHARACTERS (v205)","trainticket_twostage_test.TrainTicketTwoStageTest_1778271990929.Flow_Scenario_475","test_negative_flow_S475_v205_fault_Root1_SPECIAL_CHARACTERS","test_negative_flow_S475_v205_fault_Root1_SPECIAL_CHARACTERS","Microservice test scenario with 1 steps."
"failed","Fri May 08 23:50:09 CDT 2026","Fri May 08 23:50:18 CDT 2026","9213","ts-order-other-service","Flow_Scenario_475 | POST /api/v1/orderOtherService/orderOther/refresh","[Fault: POST__api_v1_orderOtherService_orderOther_refresh] SPECIAL_CHARACTERS (v208)","trainticket_twostage_test.TrainTicketTwoStageTest_1778271990929.Flow_Scenario_475","test_negative_flow_S475_v208_fault_Root1_SPECIAL_CHARACTERS","test_negative_flow_S475_v208_fault_Root1_SPECIAL_CHARACTERS","Microservice test scenario with 1 steps."
"failed","Fri May 08 23:57:02 CDT 2026","Fri May 08 23:57:16 CDT 2026","13987","ts-travel-plan-service","Flow_Scenario_276 | POST /api/v1/travelplanservice/travelPlan/cheapest","[Valid] v9","trainticket_twostage_test.TrainTicketTwoStageTest_1778271990929.Flow_Scenario_276","test_positive_flow_S276_v9","test_positive_flow_S276_v9","Microservice test scenario with 1 steps."
"failed","Fri May 08 23:34:38 CDT 2026","Fri May 08 23:34:48 CDT 2026","9233","ts-order-other-service","Flow_Scenario_475 | POST /api/v1/orderOtherService/orderOther/refresh","[Fault: POST__api_v1_orderOtherService_orderOther_refresh] SPECIAL_CHARACTERS (v93)","trainticket_twostage_test.TrainTicketTwoStageTest_1778271990929.Flow_Scenario_475","test_negative_flow_S475_v93_fault_Root1_SPECIAL_CHARACTERS","test_negative_flow_S475_v93_fault_Root1_SPECIAL_CHARACTERS","Microservice test scenario with 1 steps."
"failed","Sat May 09 02:22:11 CDT 2026","Sat May 09 02:22:24 CDT 2026","12633","ts-admin-basic-info-service","Flow_Scenario_178 | PUT /api/v1/adminbasicservice/adminbasic/trains","[Valid] v53","trainticket_twostage_test.TrainTicketTwoStageTest_1778271990929.Flow_Scenario_178","test_positive_flow_S178_v53","test_positive_flow_S178_v53","Microservice test scenario with 1 steps."
"passed","Fri May 08 23:51:54 CDT 2026","Fri May 08 23:51:59 CDT 2026","5048","ts-order-other-service","Flow_Scenario_475 | POST /api/v1/orderOtherService/orderOther/refresh","[Fault: POST__api_v1_orderOtherService_orderOther_refresh] TYPE_MISMATCH (v41)","trainticket_twostage_test.TrainTicketTwoStageTest_1778271990929.Flow_Scenario_475","test_negative_flow_S475_v41_fault_Root1_TYPE_MISMATCH","test_negative_flow_S475_v41_fault_Root1_TYPE_MISMATCH","Microservice test scenario with 1 steps."
"failed","Fri May 08 23:21:29 CDT 2026","Fri May 08 23:21:34 CDT 2026","5042","ts-order-other-service","Flow_Scenario_475 | POST /api/v1/orderOtherService/orderOther/refresh","[Fault: POST__api_v1_orderOtherService_orderOther_refresh] TYPE_MISMATCH (v179)","trainticket_twostage_test.TrainTicketTwoStageTest_1778271990929.Flow_Scenario_475","test_negative_flow_S475_v179_fault_Root1_TYPE_MISMATCH","test_negative_flow_S475_v179_fault_Root1_TYPE_MISMATCH","Microservice test scenario with 1 steps."
"failed","Fri May 08 23:53:51 CDT 2026","Fri May 08 23:53:56 CDT 2026","5069","ts-order-other-service","Flow_Scenario_475 | POST /api/v1/orderOtherService/orderOther/refresh","[Fault: POST__api_v1_orderOtherService_orderOther_refresh] SEMANTIC_MISMATCH (v203)","trainticket_twostage_test.TrainTicketTwoStageTest_1778271990929.Flow_Scenario_475","test_negative_flow_S475_v203_fault_Root1_SEMANTIC_MISMATCH","test_negative_flow_S475_v203_fault_Root1_SEMANTIC_MISMATCH","Microservice test scenario with 1 steps."
"passed","Sat May 09 00:47:49 CDT 2026","Sat May 09 00:47:58 CDT 2026","9884","ts-travel2-service","Flow_Scenario_749 | POST /api/v1/travel2service/trips/left","[Fault: POST__api_v1_travel2service_trips_left] SPECIAL_CHARACTERS (v142)","trainticket_twostage_test.TrainTicketTwoStageTest_1778271990929.Flow_Scenario_749","test_negative_flow_S749_v142_fault_Root1_SPECIAL_CHARACTERS","test_negative_flow_S749_v142_fault_Root1_SPECIAL_CHARACTERS","Microservice test scenario with 1 steps."
"failed","Sat May 09 02:24:59 CDT 2026","Sat May 09 02:25:12 CDT 2026","12836","ts-admin-basic-info-service","Flow_Scenario_178 | PUT /api/v1/adminbasicservice/adminbasic/trains","[Valid] v66","trainticket_twostage_test.TrainTicketTwoStageTest_1778271990929.Flow_Scenario_178","test_positive_flow_S178_v66","test_positive_flow_S178_v66","Microservice test scenario with 1 steps."
"failed","Fri May 08 23:51:06 CDT 2026","Fri May 08 23:51:11 CDT 2026","5050","ts-order-other-service","Flow_Scenario_475 | POST /api/v1/orderOtherService/orderOther/refresh","[Fault: POST__api_v1_orderOtherService_orderOther_refresh] SPECIAL_CHARACTERS (v152)","trainticket_twostage_test.TrainTicketTwoStageTest_1778271990929.Flow_Scenario_475","test_negative_flow_S475_v152_fault_Root1_SPECIAL_CHARACTERS","test_negative_flow_S475_v152_fault_Root1_SPECIAL_CHARACTERS","Microservice test scenario with 1 steps."
"failed","Fri May 08 23:38:51 CDT 2026","Fri May 08 23:38:56 CDT 2026","5047","ts-order-other-service","Flow_Scenario_475 | POST /api/v1/orderOtherService/orderOther/refresh","[Fault: POST__api_v1_orderOtherService_orderOther_refresh] SEMANTIC_MISMATCH (v180)","trainticket_twostage_test.TrainTicketTwoStageTest_1778271990929.Flow_Scenario_475","test_negative_flow_S475_v180_fault_Root1_SEMANTIC_MISMATCH","test_negative_flow_S475_v180_fault_Root1_SEMANTIC_MISMATCH","Microservice test scenario with 1 steps."
"passed","Sat May 09 00:16:00 CDT 2026","Sat May 09 00:16:09 CDT 2026","8959","ts-travel-plan-service","Flow_Scenario_276 | POST /api/v1/travelplanservice/travelPlan/cheapest","[Fault: POST__api_v1_travelplanservice_travelPlan_cheapest] OVERFLOW (v21)","trainticket_twostage_test.TrainTicketTwoStageTest_1778271990929.Flow_Scenario_276","test_negative_flow_S276_v21_fault_Root1_OVERFLOW","test_negative_flow_S276_v21_fault_Root1_OVERFLOW","Microservice test scenario with 1 steps."
"passed","Sat May 09 00:48:04 CDT 2026","Sat May 09 00:48:12 CDT 2026","8119","ts-travel2-service","Flow_Scenario_749 | POST /api/v1/travel2service/trips/left","[Fault: POST__api_v1_travel2service_trips_left] SEMANTIC_MISMATCH (v84)","trainticket_twostage_test.TrainTicketTwoStageTest_1778271990929.Flow_Scenario_749","test_negative_flow_S749_v84_fault_Root1_SEMANTIC_MISMATCH","test_negative_flow_S749_v84_fault_Root1_SEMANTIC_MISMATCH","Microservice test scenario with 1 steps."
"passed","Sat May 09 01:39:22 CDT 2026","Sat May 09 01:39:35 CDT 2026","12683","ts-admin-basic-info-service","Flow_Scenario_3 | POST /api/v1/adminbasicservice/adminbasic/trains","[Fault: POST__api_v1_adminbasicservice_adminbasic_trains] SEMANTIC_MISMATCH (v50)","trainticket_twostage_test.TrainTicketTwoStageTest_1778271990929.Flow_Scenario_3","test_negative_flow_S3_v50_fault_Root1_SEMANTIC_MISMATCH","test_negative_flow_S3_v50_fault_Root1_SEMANTIC_MISMATCH","Microservice test scenario with 1 steps."
"failed","Sat May 09 00:43:58 CDT 2026","Sat May 09 00:44:07 CDT 2026","9243","ts-travel2-service","Flow_Scenario_749 | POST /api/v1/travel2service/trips/left","[Fault: POST__api_v1_travel2service_trips_left] SPECIAL_CHARACTERS (v43)","trainticket_twostage_test.TrainTicketTwoStageTest_1778271990929.Flow_Scenario_749","test_negative_flow_S749_v43_fault_Root1_SPECIAL_CHARACTERS","test_negative_flow_S749_v43_fault_Root1_SPECIAL_CHARACTERS","Microservice test scenario with 1 steps."
"failed","Fri May 08 23:20:42 CDT 2026","Fri May 08 23:20:52 CDT 2026","9149","ts-order-other-service","Flow_Scenario_475 | POST /api/v1/orderOtherService/orderOther/refresh","[Fault: POST__api_v1_orderOtherService_orderOther_refresh] TYPE_MISMATCH (v31)","trainticket_twostage_test.TrainTicketTwoStageTest_1778271990929.Flow_Scenario_475","test_negative_flow_S475_v31_fault_Root1_TYPE_MISMATCH","test_negative_flow_S475_v31_fault_Root1_TYPE_MISMATCH","Microservice test scenario with 1 steps."
"failed","Fri May 08 23:39:30 CDT 2026","Fri May 08 23:39:44 CDT 2026","14260","ts-order-other-service","Flow_Scenario_475 | POST /api/v1/orderOtherService/orderOther/refresh","[Fault: POST__api_v1_orderOtherService_orderOther_refresh] SPECIAL_CHARACTERS (v146)","trainticket_twostage_test.TrainTicketTwoStageTest_1778271990929.Flow_Scenario_475","test_negative_flow_S475_v146_fault_Root1_SPECIAL_CHARACTERS","test_negative_flow_S475_v146_fault_Root1_SPECIAL_CHARACTERS","Microservice test scenario with 1 steps."
"passed","Sat May 09 01:48:21 CDT 2026","Sat May 09 01:48:34 CDT 2026","13348","ts-admin-basic-info-service","Flow_Scenario_3 | POST /api/v1/adminbasicservice/adminbasic/trains","[Fault: POST__api_v1_adminbasicservice_adminbasic_trains] SPECIAL_CHARACTERS (v155)","trainticket_twostage_test.TrainTicketTwoStageTest_1778271990929.Flow_Scenario_3","test_negative_flow_S3_v155_fault_Root1_SPECIAL_CHARACTERS","test_negative_flow_S3_v155_fault_Root1_SPECIAL_CHARACTERS","Microservice test scenario with 1 steps."
"passed","Sat May 09 00:50:15 CDT 2026","Sat May 09 00:50:29 CDT 2026","13605","ts-execute-service","Flow_Scenario_420 | GET /api/v1/executeservice/execute/execute/{orderId}","[Fault: GET__api_v1_executeservice_execute_execute__orderId_] SPECIAL_CHARACTERS (v70)","trainticket_twostage_test.TrainTicketTwoStageTest_1778271990929.Flow_Scenario_420","test_negative_flow_S420_v70_fault_Root1_SPECIAL_CHARACTERS","test_negative_flow_S420_v70_fault_Root1_SPECIAL_CHARACTERS","Microservice test scenario with 1 steps."
"passed","Sat May 09 00:09:03 CDT 2026","Sat May 09 00:09:12 CDT 2026","9836","ts-travel-plan-service","Flow_Scenario_276 | POST /api/v1/travelplanservice/travelPlan/cheapest","[Fault: POST__api_v1_travelplanservice_travelPlan_cheapest] SEMANTIC_MISMATCH (v78)","trainticket_twostage_test.TrainTicketTwoStageTest_1778271990929.Flow_Scenario_276","test_negative_flow_S276_v78_fault_Root1_SEMANTIC_MISMATCH","test_negative_flow_S276_v78_fault_Root1_SEMANTIC_MISMATCH","Microservice test scenario with 1 steps."
"passed","Sat May 09 00:40:21 CDT 2026","Sat May 09 00:40:32 CDT 2026","10629","ts-travel2-service","Flow_Scenario_749 | POST /api/v1/travel2service/trips/left","[Fault: POST__api_v1_travel2service_trips_left] SPECIAL_CHARACTERS (v103)","trainticket_twostage_test.TrainTicketTwoStageTest_1778271990929.Flow_Scenario_749","test_negative_flow_S749_v103_fault_Root1_SPECIAL_CHARACTERS","test_negative_flow_S749_v103_fault_Root1_SPECIAL_CHARACTERS","Microservice test scenario with 1 steps."
"passed","Fri May 08 23:59:46 CDT 2026","Fri May 08 23:59:55 CDT 2026","9154","ts-travel-plan-service","Flow_Scenario_276 | POST /api/v1/travelplanservice/travelPlan/cheapest","[Fault: POST__api_v1_travelplanservice_travelPlan_cheapest] SEMANTIC_MISMATCH (v93)","trainticket_twostage_test.TrainTicketTwoStageTest_1778271990929.Flow_Scenario_276","test_negative_flow_S276_v93_fault_Root1_SEMANTIC_MISMATCH","test_negative_flow_S276_v93_fault_Root1_SEMANTIC_MISMATCH","Microservice test scenario with 1 steps."
"failed","Sat May 09 00:30:23 CDT 2026","Sat May 09 00:30:28 CDT 2026","5085","ts-travel2-service","Flow_Scenario_749 | POST /api/v1/travel2service/trips/left","[Valid] v4","trainticket_twostage_test.TrainTicketTwoStageTest_1778271990929.Flow_Scenario_749","test_positive_flow_S749_v4","test_positive_flow_S749_v4","Microservice test scenario with 1 steps."
"failed","Sat May 09 00:26:03 CDT 2026","Sat May 09 00:26:16 CDT 2026","12282","ts-admin-basic-info-service","Flow_Scenario_1040 | POST /api/v1/adminbasicservice/adminbasic/stations","[Valid] v1","trainticket_twostage_test.TrainTicketTwoStageTest_1778271990929.Flow_Scenario_1040","test_positive_flow_S1040_v1","test_positive_flow_S1040_v1","Microservice test scenario with 1 steps."
"failed","Fri May 08 23:51:21 CDT 2026","Fri May 08 23:51:31 CDT 2026","9225","ts-order-other-service","Flow_Scenario_475 | POST /api/v1/orderOtherService/orderOther/refresh","[Fault: POST__api_v1_orderOtherService_orderOther_refresh] TYPE_MISMATCH (v117)","trainticket_twostage_test.TrainTicketTwoStageTest_1778271990929.Flow_Scenario_475","test_negative_flow_S475_v117_fault_Root1_TYPE_MISMATCH","test_negative_flow_S475_v117_fault_Root1_TYPE_MISMATCH","Microservice test scenario with 1 steps."
"failed","Sat May 09 00:36:00 CDT 2026","Sat May 09 00:36:10 CDT 2026","9987","ts-travel2-service","Flow_Scenario_749 | POST /api/v1/travel2service/trips/left","[Fault: POST__api_v1_travel2service_trips_left] SEMANTIC_MISMATCH (v53)","trainticket_twostage_test.TrainTicketTwoStageTest_1778271990929.Flow_Scenario_749","test_negative_flow_S749_v53_fault_Root1_SEMANTIC_MISMATCH","test_negative_flow_S749_v53_fault_Root1_SEMANTIC_MISMATCH","Microservice test scenario with 1 steps."
"failed","Fri May 08 23:48:03 CDT 2026","Fri May 08 23:48:08 CDT 2026","5045","ts-order-other-service","Flow_Scenario_475 | POST /api/v1/orderOtherService/orderOther/refresh","[Fault: POST__api_v1_orderOtherService_orderOther_refresh] SPECIAL_CHARACTERS (v90)","trainticket_twostage_test.TrainTicketTwoStageTest_1778271990929.Flow_Scenario_475","test_negative_flow_S475_v90_fault_Root1_SPECIAL_CHARACTERS","test_negative_flow_S475_v90_fault_Root1_SPECIAL_CHARACTERS","Microservice test scenario with 1 steps."
"failed","Sat May 09 00:26:54 CDT 2026","Sat May 09 00:27:06 CDT 2026","12085","ts-admin-basic-info-service","Flow_Scenario_1040 | POST /api/v1/adminbasicservice/adminbasic/stations","[Valid] v6","trainticket_twostage_test.TrainTicketTwoStageTest_1778271990929.Flow_Scenario_1040","test_positive_flow_S1040_v6","test_positive_flow_S1040_v6","Microservice test scenario with 1 steps."
"failed","Fri May 08 23:55:43 CDT 2026","Fri May 08 23:55:53 CDT 2026","10190","ts-travel-plan-service","Flow_Scenario_276 | POST /api/v1/travelplanservice/travelPlan/cheapest","[Valid] v2","trainticket_twostage_test.TrainTicketTwoStageTest_1778271990929.Flow_Scenario_276","test_positive_flow_S276_v2","test_positive_flow_S276_v2","Microservice test scenario with 1 steps."
"failed","Sat May 09 01:11:34 CDT 2026","Sat May 09 01:11:46 CDT 2026","12645","ts-consign-service","Flow_Scenario_894 | GET /api/v1/consignservice/consigns/order/{id}","[Valid] v16","trainticket_twostage_test.TrainTicketTwoStageTest_1778271990929.Flow_Scenario_894","test_positive_flow_S894_v16","test_positive_flow_S894_v16","Microservice test scenario with 1 steps."
"passed","Sat May 09 01:44:38 CDT 2026","Sat May 09 01:44:52 CDT 2026","13303","ts-admin-basic-info-service","Flow_Scenario_3 | POST /api/v1/adminbasicservice/adminbasic/trains","[Fault: POST__api_v1_adminbasicservice_adminbasic_trains] SEMANTIC_MISMATCH (v68)","trainticket_twostage_test.TrainTicketTwoStageTest_1778271990929.Flow_Scenario_3","test_negative_flow_S3_v68_fault_Root1_SEMANTIC_MISMATCH","test_negative_flow_S3_v68_fault_Root1_SEMANTIC_MISMATCH","Microservice test scenario with 1 steps."
"passed","Sat May 09 00:11:03 CDT 2026","Sat May 09 00:11:08 CDT 2026","5118","ts-travel-plan-service","Flow_Scenario_276 | POST /api/v1/travelplanservice/travelPlan/cheapest","[Fault: POST__api_v1_travelplanservice_travelPlan_cheapest] TYPE_MISMATCH (v121)","trainticket_twostage_test.TrainTicketTwoStageTest_1778271990929.Flow_Scenario_276","test_negative_flow_S276_v121_fault_Root1_TYPE_MISMATCH","test_negative_flow_S276_v121_fault_Root1_TYPE_MISMATCH","Microservice test scenario with 1 steps."
"failed","Fri May 08 23:40:32 CDT 2026","Fri May 08 23:40:41 CDT 2026","9242","ts-order-other-service","Flow_Scenario_475 | POST /api/v1/orderOtherService/orderOther/refresh","[Fault: POST__api_v1_orderOtherService_orderOther_refresh] OVERFLOW (v173)","trainticket_twostage_test.TrainTicketTwoStageTest_1778271990929.Flow_Scenario_475","test_negative_flow_S475_v173_fault_Root1_OVERFLOW","test_negative_flow_S475_v173_fault_Root1_OVERFLOW","Microservice test scenario with 1 steps."
"failed","Sat May 09 02:37:40 CDT 2026","Sat May 09 02:37:52 CDT 2026","12332","ts-admin-travel-service","Flow_Scenario_1088 | DELETE /api/v1/admintravelservice/admintravel/{tripId}","[Valid] v39","trainticket_twostage_test.TrainTicketTwoStageTest_1778271990929.Flow_Scenario_1088","test_positive_flow_S1088_v39","test_positive_flow_S1088_v39","Microservice test scenario with 1 steps."
"passed","Fri May 08 23:54:05 CDT 2026","Fri May 08 23:54:14 CDT 2026","9208","ts-travel-plan-service","Flow_Scenario_276 | POST /api/v1/travelplanservice/travelPlan/cheapest","[Fault: POST__api_v1_travelplanservice_travelPlan_cheapest] SEMANTIC_MISMATCH (v49)","trainticket_twostage_test.TrainTicketTwoStageTest_1778271990929.Flow_Scenario_276","test_negative_flow_S276_v49_fault_Root1_SEMANTIC_MISMATCH","test_negative_flow_S276_v49_fault_Root1_SEMANTIC_MISMATCH","Microservice test scenario with 1 steps."
"passed","Sat May 09 01:54:26 CDT 2026","Sat May 09 01:54:40 CDT 2026","13292","ts-admin-basic-info-service","Flow_Scenario_3 | POST /api/v1/adminbasicservice/adminbasic/trains","[Fault: POST__api_v1_adminbasicservice_adminbasic_trains] TYPE_MISMATCH (v156)","trainticket_twostage_test.TrainTicketTwoStageTest_1778271990929.Flow_Scenario_3","test_negative_flow_S3_v156_fault_Root1_TYPE_MISMATCH","test_negative_flow_S3_v156_fault_Root1_TYPE_MISMATCH","Microservice test scenario with 1 steps."
"failed","Fri May 08 23:37:28 CDT 2026","Fri May 08 23:37:34 CDT 2026","5086","ts-order-other-service","Flow_Scenario_475 | POST /api/v1/orderOtherService/orderOther/refresh","[Fault: POST__api_v1_orderOtherService_orderOther_refresh] TYPE_MISMATCH (v229)","trainticket_twostage_test.TrainTicketTwoStageTest_1778271990929.Flow_Scenario_475","test_negative_flow_S475_v229_fault_Root1_TYPE_MISMATCH","test_negative_flow_S475_v229_fault_Root1_TYPE_MISMATCH","Microservice test scenario with 1 steps."
"failed","Fri May 08 23:48:33 CDT 2026","Fri May 08 23:48:42 CDT 2026","9264","ts-order-other-service","Flow_Scenario_475 | POST /api/v1/orderOtherService/orderOther/refresh","[Fault: POST__api_v1_orderOtherService_orderOther_refresh] OVERFLOW (v213)","trainticket_twostage_test.TrainTicketTwoStageTest_1778271990929.Flow_Scenario_475","test_negative_flow_S475_v213_fault_Root1_OVERFLOW","test_negative_flow_S475_v213_fault_Root1_OVERFLOW","Microservice test scenario with 1 steps."
"failed","Fri May 08 23:29:43 CDT 2026","Fri May 08 23:29:48 CDT 2026","5043","ts-order-other-service","Flow_Scenario_475 | POST /api/v1/orderOtherService/orderOther/refresh","[Fault: POST__api_v1_orderOtherService_orderOther_refresh] SEMANTIC_MISMATCH (v135)","trainticket_twostage_test.TrainTicketTwoStageTest_1778271990929.Flow_Scenario_475","test_negative_flow_S475_v135_fault_Root1_SEMANTIC_MISMATCH","test_negative_flow_S475_v135_fault_Root1_SEMANTIC_MISMATCH","Microservice test scenario with 1 steps."
"failed","Fri May 08 23:29:05 CDT 2026","Fri May 08 23:29:10 CDT 2026","5045","ts-order-other-service","Flow_Scenario_475 | POST /api/v1/orderOtherService/orderOther/refresh","[Fault: POST__api_v1_orderOtherService_orderOther_refresh] SEMANTIC_MISMATCH (v39)","trainticket_twostage_test.TrainTicketTwoStageTest_1778271990929.Flow_Scenario_475","test_negative_flow_S475_v39_fault_Root1_SEMANTIC_MISMATCH","test_negative_flow_S475_v39_fault_Root1_SEMANTIC_MISMATCH","Microservice test scenario with 1 steps."
"passed","Sat May 09 02:04:03 CDT 2026","Sat May 09 02:04:16 CDT 2026","13276","ts-admin-basic-info-service","Flow_Scenario_3 | POST /api/v1/adminbasicservice/adminbasic/trains","[Fault: POST__api_v1_adminbasicservice_adminbasic_trains] OVERFLOW (v54)","trainticket_twostage_test.TrainTicketTwoStageTest_1778271990929.Flow_Scenario_3","test_negative_flow_S3_v54_fault_Root1_OVERFLOW","test_negative_flow_S3_v54_fault_Root1_OVERFLOW","Microservice test scenario with 1 steps."
"passed","Sat May 09 01:20:35 CDT 2026","Sat May 09 01:20:50 CDT 2026","14618","ts-consign-service","Flow_Scenario_894 | GET /api/v1/consignservice/consigns/order/{id}","[Fault: GET__api_v1_consignservice_consigns_order__id_] NULL_INPUT (v28)","trainticket_twostage_test.TrainTicketTwoStageTest_1778271990929.Flow_Scenario_894","test_negative_flow_S894_v28_fault_Root1_NULL_INPUT","test_negative_flow_S894_v28_fault_Root1_NULL_INPUT","Microservice test scenario with 1 steps."
"passed","Sat May 09 00:50:42 CDT 2026","Sat May 09 00:50:56 CDT 2026","14066","ts-execute-service","Flow_Scenario_420 | GET /api/v1/executeservice/execute/execute/{orderId}","[Fault: GET__api_v1_executeservice_execute_execute__orderId_] SPECIAL_CHARACTERS (v30)","trainticket_twostage_test.TrainTicketTwoStageTest_1778271990929.Flow_Scenario_420","test_negative_flow_S420_v30_fault_Root1_SPECIAL_CHARACTERS","test_negative_flow_S420_v30_fault_Root1_SPECIAL_CHARACTERS","Microservice test scenario with 1 steps."
"failed","Fri May 08 23:51:16 CDT 2026","Fri May 08 23:51:21 CDT 2026","5049","ts-order-other-service","Flow_Scenario_475 | POST /api/v1/orderOtherService/orderOther/refresh","[Fault: POST__api_v1_orderOtherService_orderOther_refresh] SPECIAL_CHARACTERS (v52)","trainticket_twostage_test.TrainTicketTwoStageTest_1778271990929.Flow_Scenario_475","test_negative_flow_S475_v52_fault_Root1_SPECIAL_CHARACTERS","test_negative_flow_S475_v52_fault_Root1_SPECIAL_CHARACTERS","Microservice test scenario with 1 steps."
"failed","Sat May 09 00:02:36 CDT 2026","Sat May 09 00:02:45 CDT 2026","9054","ts-travel-plan-service","Flow_Scenario_276 | POST /api/v1/travelplanservice/travelPlan/cheapest","[Valid] v18","trainticket_twostage_test.TrainTicketTwoStageTest_1778271990929.Flow_Scenario_276","test_positive_flow_S276_v18","test_positive_flow_S276_v18","Microservice test scenario with 1 steps."
"passed","Fri May 08 23:49:07 CDT 2026","Fri May 08 23:49:12 CDT 2026","5046","ts-order-other-service","Flow_Scenario_475 | POST /api/v1/orderOtherService/orderOther/refresh","[Fault: POST__api_v1_orderOtherService_orderOther_refresh] TYPE_MISMATCH (v257)","trainticket_twostage_test.TrainTicketTwoStageTest_1778271990929.Flow_Scenario_475","test_negative_flow_S475_v257_fault_Root1_TYPE_MISMATCH","test_negative_flow_S475_v257_fault_Root1_TYPE_MISMATCH","Microservice test scenario with 1 steps."
"passed","Sat May 09 01:42:40 CDT 2026","Sat May 09 01:42:53 CDT 2026","13411","ts-admin-basic-info-service","Flow_Scenario_3 | POST /api/v1/adminbasicservice/adminbasic/trains","[Fault: POST__api_v1_adminbasicservice_adminbasic_trains] OVERFLOW (v70)","trainticket_twostage_test.TrainTicketTwoStageTest_1778271990929.Flow_Scenario_3","test_negative_flow_S3_v70_fault_Root1_OVERFLOW","test_negative_flow_S3_v70_fault_Root1_OVERFLOW","Microservice test scenario with 1 steps."
"passed","Sat May 09 00:39:36 CDT 2026","Sat May 09 00:39:50 CDT 2026","13141","ts-travel2-service","Flow_Scenario_749 | POST /api/v1/travel2service/trips/left","[Fault: POST__api_v1_travel2service_trips_left] TYPE_MISMATCH (v128)","trainticket_twostage_test.TrainTicketTwoStageTest_1778271990929.Flow_Scenario_749","test_negative_flow_S749_v128_fault_Root1_TYPE_MISMATCH","test_negative_flow_S749_v128_fault_Root1_TYPE_MISMATCH","Microservice test scenario with 1 steps."
"failed","Sat May 09 00:29:26 CDT 2026","Sat May 09 00:29:35 CDT 2026","9249","ts-travel2-service","Flow_Scenario_749 | POST /api/v1/travel2service/trips/left","[Fault: POST__api_v1_travel2service_trips_left] SEMANTIC_MISMATCH (v47)","trainticket_twostage_test.TrainTicketTwoStageTest_1778271990929.Flow_Scenario_749","test_negative_flow_S749_v47_fault_Root1_SEMANTIC_MISMATCH","test_negative_flow_S749_v47_fault_Root1_SEMANTIC_MISMATCH","Microservice test scenario with 1 steps."
"failed","Fri May 08 23:36:59 CDT 2026","Fri May 08 23:37:08 CDT 2026","9225","ts-order-other-service","Flow_Scenario_475 | POST /api/v1/orderOtherService/orderOther/refresh","[Fault: POST__api_v1_orderOtherService_orderOther_refresh] TYPE_MISMATCH (v156)","trainticket_twostage_test.TrainTicketTwoStageTest_1778271990929.Flow_Scenario_475","test_negative_flow_S475_v156_fault_Root1_TYPE_MISMATCH","test_negative_flow_S475_v156_fault_Root1_TYPE_MISMATCH","Microservice test scenario with 1 steps."
"passed","Sat May 09 00:45:52 CDT 2026","Sat May 09 00:46:01 CDT 2026","8776","ts-travel2-service","Flow_Scenario_749 | POST /api/v1/travel2service/trips/left","[Fault: POST__api_v1_travel2service_trips_left] SEMANTIC_MISMATCH (v129)","trainticket_twostage_test.TrainTicketTwoStageTest_1778271990929.Flow_Scenario_749","test_negative_flow_S749_v129_fault_Root1_SEMANTIC_MISMATCH","test_negative_flow_S749_v129_fault_Root1_SEMANTIC_MISMATCH","Microservice test scenario with 1 steps."
"failed","Sat May 09 02:19:19 CDT 2026","Sat May 09 02:19:32 CDT 2026","13475","ts-admin-basic-info-service","Flow_Scenario_178 | PUT /api/v1/adminbasicservice/adminbasic/trains","[Valid] v40","trainticket_twostage_test.TrainTicketTwoStageTest_1778271990929.Flow_Scenario_178","test_positive_flow_S178_v40","test_positive_flow_S178_v40","Microservice test scenario with 1 steps."
"passed","Sat May 09 02:04:16 CDT 2026","Sat May 09 02:04:29 CDT 2026","12806","ts-admin-basic-info-service","Flow_Scenario_3 | POST /api/v1/adminbasicservice/adminbasic/trains","[Fault: POST__api_v1_adminbasicservice_adminbasic_trains] SPECIAL_CHARACTERS (v71)","trainticket_twostage_test.TrainTicketTwoStageTest_1778271990929.Flow_Scenario_3","test_negative_flow_S3_v71_fault_Root1_SPECIAL_CHARACTERS","test_negative_flow_S3_v71_fault_Root1_SPECIAL_CHARACTERS","Microservice test scenario with 1 steps."
"failed","Fri May 08 23:45:49 CDT 2026","Fri May 08 23:45:58 CDT 2026","9217","ts-order-other-service","Flow_Scenario_475 | POST /api/v1/orderOtherService/orderOther/refresh","[Fault: POST__api_v1_orderOtherService_orderOther_refresh] SPECIAL_CHARACTERS (v202)","trainticket_twostage_test.TrainTicketTwoStageTest_1778271990929.Flow_Scenario_475","test_negative_flow_S475_v202_fault_Root1_SPECIAL_CHARACTERS","test_negative_flow_S475_v202_fault_Root1_SPECIAL_CHARACTERS","Microservice test scenario with 1 steps."
"failed","Fri May 08 23:33:51 CDT 2026","Fri May 08 23:34:00 CDT 2026","9247","ts-order-other-service","Flow_Scenario_475 | POST /api/v1/orderOtherService/orderOther/refresh","[Fault: POST__api_v1_orderOtherService_orderOther_refresh] TYPE_MISMATCH (v68)","trainticket_twostage_test.TrainTicketTwoStageTest_1778271990929.Flow_Scenario_475","test_negative_flow_S475_v68_fault_Root1_TYPE_MISMATCH","test_negative_flow_S475_v68_fault_Root1_TYPE_MISMATCH","Microservice test scenario with 1 steps."
"passed","Sat May 09 01:50:30 CDT 2026","Sat May 09 01:50:43 CDT 2026","13085","ts-admin-basic-info-service","Flow_Scenario_3 | POST /api/v1/adminbasicservice/adminbasic/trains","[Fault: POST__api_v1_adminbasicservice_adminbasic_trains] OVERFLOW (v78)","trainticket_twostage_test.TrainTicketTwoStageTest_1778271990929.Flow_Scenario_3","test_negative_flow_S3_v78_fault_Root1_OVERFLOW","test_negative_flow_S3_v78_fault_Root1_OVERFLOW","Microservice test scenario with 1 steps."
"passed","Sat May 09 00:52:32 CDT 2026","Sat May 09 00:52:45 CDT 2026","12875","ts-execute-service","Flow_Scenario_420 | GET /api/v1/executeservice/execute/execute/{orderId}","[Fault: GET__api_v1_executeservice_execute_execute__orderId_] TYPE_MISMATCH (v43)","trainticket_twostage_test.TrainTicketTwoStageTest_1778271990929.Flow_Scenario_420","test_negative_flow_S420_v43_fault_Root1_TYPE_MISMATCH","test_negative_flow_S420_v43_fault_Root1_TYPE_MISMATCH","Microservice test scenario with 1 steps."
"failed","Sat May 09 01:13:18 CDT 2026","Sat May 09 01:13:31 CDT 2026","12688","ts-consign-service","Flow_Scenario_894 | GET /api/v1/consignservice/consigns/order/{id}","[Valid] v77","trainticket_twostage_test.TrainTicketTwoStageTest_1778271990929.Flow_Scenario_894","test_positive_flow_S894_v77","test_positive_flow_S894_v77","Microservice test scenario with 1 steps."
"passed","Sat May 09 01:53:47 CDT 2026","Sat May 09 01:54:00 CDT 2026","13180","ts-admin-basic-info-service","Flow_Scenario_3 | POST /api/v1/adminbasicservice/adminbasic/trains","[Fault: POST__api_v1_adminbasicservice_adminbasic_trains] SEMANTIC_MISMATCH (v94)","trainticket_twostage_test.TrainTicketTwoStageTest_1778271990929.Flow_Scenario_3","test_negative_flow_S3_v94_fault_Root1_SEMANTIC_MISMATCH","test_negative_flow_S3_v94_fault_Root1_SEMANTIC_MISMATCH","Microservice test scenario with 1 steps."
"passed","Sat May 09 01:22:25 CDT 2026","Sat May 09 01:22:38 CDT 2026","12964","ts-consign-service","Flow_Scenario_894 | GET /api/v1/consignservice/consigns/order/{id}","[Fault: GET__api_v1_consignservice_consigns_order__id_] TYPE_MISMATCH (v25)","trainticket_twostage_test.TrainTicketTwoStageTest_1778271990929.Flow_Scenario_894","test_negative_flow_S894_v25_fault_Root1_TYPE_MISMATCH","test_negative_flow_S894_v25_fault_Root1_TYPE_MISMATCH","Microservice test scenario with 1 steps."
"passed","Sat May 09 00:37:24 CDT 2026","Sat May 09 00:37:32 CDT 2026","8582","ts-travel2-service","Flow_Scenario_749 | POST /api/v1/travel2service/trips/left","[Fault: POST__api_v1_travel2service_trips_left] TYPE_MISMATCH (v107)","trainticket_twostage_test.TrainTicketTwoStageTest_1778271990929.Flow_Scenario_749","test_negative_flow_S749_v107_fault_Root1_TYPE_MISMATCH","test_negative_flow_S749_v107_fault_Root1_TYPE_MISMATCH","Microservice test scenario with 1 steps."
"passed","Sat May 09 00:56:59 CDT 2026","Sat May 09 00:57:15 CDT 2026","15639","ts-execute-service","Flow_Scenario_420 | GET /api/v1/executeservice/execute/execute/{orderId}","[Fault: GET__api_v1_executeservice_execute_execute__orderId_] SPECIAL_CHARACTERS (v42)","trainticket_twostage_test.TrainTicketTwoStageTest_1778271990929.Flow_Scenario_420","test_negative_flow_S420_v42_fault_Root1_SPECIAL_CHARACTERS","test_negative_flow_S420_v42_fault_Root1_SPECIAL_CHARACTERS","Microservice test scenario with 1 steps."
"passed","Sat May 09 00:06:39 CDT 2026","Sat May 09 00:06:53 CDT 2026","13262","ts-travel-plan-service","Flow_Scenario_276 | POST /api/v1/travelplanservice/travelPlan/cheapest","[Fault: POST__api_v1_travelplanservice_travelPlan_cheapest] SEMANTIC_MISMATCH (v125)","trainticket_twostage_test.TrainTicketTwoStageTest_1778271990929.Flow_Scenario_276","test_negative_flow_S276_v125_fault_Root1_SEMANTIC_MISMATCH","test_negative_flow_S276_v125_fault_Root1_SEMANTIC_MISMATCH","Microservice test scenario with 1 steps."
"passed","Sat May 09 00:42:35 CDT 2026","Sat May 09 00:42:44 CDT 2026","9320","ts-travel2-service","Flow_Scenario_749 | POST /api/v1/travel2service/trips/left","[Fault: POST__api_v1_travel2service_trips_left] SPECIAL_CHARACTERS (v72)","trainticket_twostage_test.TrainTicketTwoStageTest_1778271990929.Flow_Scenario_749","test_negative_flow_S749_v72_fault_Root1_SPECIAL_CHARACTERS","test_negative_flow_S749_v72_fault_Root1_SPECIAL_CHARACTERS","Microservice test scenario with 1 steps."
"failed","Sat May 09 01:24:10 CDT 2026","Sat May 09 01:24:23 CDT 2026","12771","ts-admin-basic-info-service","Flow_Scenario_994 | PUT /api/v1/adminbasicservice/adminbasic/stations","[Valid] v4","trainticket_twostage_test.TrainTicketTwoStageTest_1778271990929.Flow_Scenario_994","test_positive_flow_S994_v4","test_positive_flow_S994_v4","Microservice test scenario with 1 steps."
"passed","Sat May 09 01:41:06 CDT 2026","Sat May 09 01:41:19 CDT 2026","12863","ts-admin-basic-info-service","Flow_Scenario_3 | POST /api/v1/adminbasicservice/adminbasic/trains","[Fault: POST__api_v1_adminbasicservice_adminbasic_trains] SEMANTIC_MISMATCH (v164)","trainticket_twostage_test.TrainTicketTwoStageTest_1778271990929.Flow_Scenario_3","test_negative_flow_S3_v164_fault_Root1_SEMANTIC_MISMATCH","test_negative_flow_S3_v164_fault_Root1_SEMANTIC_MISMATCH","Microservice test scenario with 1 steps."
"failed","Fri May 08 23:24:41 CDT 2026","Fri May 08 23:24:46 CDT 2026","5049","ts-order-other-service","Flow_Scenario_475 | POST /api/v1/orderOtherService/orderOther/refresh","[Fault: POST__api_v1_orderOtherService_orderOther_refresh] OVERFLOW (v33)","trainticket_twostage_test.TrainTicketTwoStageTest_1778271990929.Flow_Scenario_475","test_negative_flow_S475_v33_fault_Root1_OVERFLOW","test_negative_flow_S475_v33_fault_Root1_OVERFLOW","Microservice test scenario with 1 steps."
"failed","Fri May 08 23:52:52 CDT 2026","Fri May 08 23:52:57 CDT 2026","5048","ts-order-other-service","Flow_Scenario_475 | POST /api/v1/orderOtherService/orderOther/refresh","[Fault: POST__api_v1_orderOtherService_orderOther_refresh] SEMANTIC_MISMATCH (v241)","trainticket_twostage_test.TrainTicketTwoStageTest_1778271990929.Flow_Scenario_475","test_negative_flow_S475_v241_fault_Root1_SEMANTIC_MISMATCH","test_negative_flow_S475_v241_fault_Root1_SEMANTIC_MISMATCH","Microservice test scenario with 1 steps."
"failed","Sat May 09 00:38:59 CDT 2026","Sat May 09 00:39:08 CDT 2026","9249","ts-travel2-service","Flow_Scenario_749 | POST /api/v1/travel2service/trips/left","[Fault: POST__api_v1_travel2service_trips_left] SEMANTIC_MISMATCH (v74)","trainticket_twostage_test.TrainTicketTwoStageTest_1778271990929.Flow_Scenario_749","test_negative_flow_S749_v74_fault_Root1_SEMANTIC_MISMATCH","test_negative_flow_S749_v74_fault_Root1_SEMANTIC_MISMATCH","Microservice test scenario with 1 steps."
"failed","Sat May 09 00:37:02 CDT 2026","Sat May 09 00:37:15 CDT 2026","12804","ts-travel2-service","Flow_Scenario_749 | POST /api/v1/travel2service/trips/left","[Fault: POST__api_v1_travel2service_trips_left] SPECIAL_CHARACTERS (v48)","trainticket_twostage_test.TrainTicketTwoStageTest_1778271990929.Flow_Scenario_749","test_negative_flow_S749_v48_fault_Root1_SPECIAL_CHARACTERS","test_negative_flow_S749_v48_fault_Root1_SPECIAL_CHARACTERS","Microservice test scenario with 1 steps."
"failed","Sat May 09 02:21:47 CDT 2026","Sat May 09 02:21:57 CDT 2026","9838","ts-admin-basic-info-service","Flow_Scenario_178 | PUT /api/v1/adminbasicservice/adminbasic/trains","[Valid] v51","trainticket_twostage_test.TrainTicketTwoStageTest_1778271990929.Flow_Scenario_178","test_positive_flow_S178_v51","test_positive_flow_S178_v51","Microservice test scenario with 1 steps."
"failed","Sat May 09 00:45:33 CDT 2026","Sat May 09 00:45:42 CDT 2026","9283","ts-travel2-service","Flow_Scenario_749 | POST /api/v1/travel2service/trips/left","[Fault: POST__api_v1_travel2service_trips_left] SPECIAL_CHARACTERS (v56)","trainticket_twostage_test.TrainTicketTwoStageTest_1778271990929.Flow_Scenario_749","test_negative_flow_S749_v56_fault_Root1_SPECIAL_CHARACTERS","test_negative_flow_S749_v56_fault_Root1_SPECIAL_CHARACTERS","Microservice test scenario with 1 steps."
"passed","Sat May 09 02:10:58 CDT 2026","Sat May 09 02:11:11 CDT 2026","13080","ts-admin-basic-info-service","Flow_Scenario_3 | POST /api/v1/adminbasicservice/adminbasic/trains","[Fault: POST__api_v1_adminbasicservice_adminbasic_trains] SEMANTIC_MISMATCH (v63)","trainticket_twostage_test.TrainTicketTwoStageTest_1778271990929.Flow_Scenario_3","test_negative_flow_S3_v63_fault_Root1_SEMANTIC_MISMATCH","test_negative_flow_S3_v63_fault_Root1_SEMANTIC_MISMATCH","Microservice test scenario with 1 steps."
"failed","Sat May 09 02:32:07 CDT 2026","Sat May 09 02:32:20 CDT 2026","12862","ts-admin-basic-info-service","Flow_Scenario_178 | PUT /api/v1/adminbasicservice/adminbasic/trains","[Valid] v2","trainticket_twostage_test.TrainTicketTwoStageTest_1778271990929.Flow_Scenario_178","test_positive_flow_S178_v2","test_positive_flow_S178_v2","Microservice test scenario with 1 steps."
"failed","Sat May 09 00:01:52 CDT 2026","Sat May 09 00:02:01 CDT 2026","9691","ts-travel-plan-service","Flow_Scenario_276 | POST /api/v1/travelplanservice/travelPlan/cheapest","[Valid] v14","trainticket_twostage_test.TrainTicketTwoStageTest_1778271990929.Flow_Scenario_276","test_positive_flow_S276_v14","test_positive_flow_S276_v14","Microservice test scenario with 1 steps."
"passed","Sat May 09 00:11:21 CDT 2026","Sat May 09 00:11:29 CDT 2026","8427","ts-travel-plan-service","Flow_Scenario_276 | POST /api/v1/travelplanservice/travelPlan/cheapest","[Fault: POST__api_v1_travelplanservice_travelPlan_cheapest] SPECIAL_CHARACTERS (v72)","trainticket_twostage_test.TrainTicketTwoStageTest_1778271990929.Flow_Scenario_276","test_negative_flow_S276_v72_fault_Root1_SPECIAL_CHARACTERS","test_negative_flow_S276_v72_fault_Root1_SPECIAL_CHARACTERS","Microservice test scenario with 1 steps."
"failed","Fri May 08 23:42:52 CDT 2026","Fri May 08 23:42:57 CDT 2026","5054","ts-order-other-service","Flow_Scenario_475 | POST /api/v1/orderOtherService/orderOther/refresh","[Fault: POST__api_v1_orderOtherService_orderOther_refresh] SPECIAL_CHARACTERS (v200)","trainticket_twostage_test.TrainTicketTwoStageTest_1778271990929.Flow_Scenario_475","test_negative_flow_S475_v200_fault_Root1_SPECIAL_CHARACTERS","test_negative_flow_S475_v200_fault_Root1_SPECIAL_CHARACTERS","Microservice test scenario with 1 steps."
"failed","Sat May 09 01:31:19 CDT 2026","Sat May 09 01:31:33 CDT 2026","14161","ts-admin-basic-info-service","Flow_Scenario_994 | PUT /api/v1/adminbasicservice/adminbasic/stations","[Valid] v66","trainticket_twostage_test.TrainTicketTwoStageTest_1778271990929.Flow_Scenario_994","test_positive_flow_S994_v66","test_positive_flow_S994_v66","Microservice test scenario with 1 steps."
"failed","Sat May 09 00:01:42 CDT 2026","Sat May 09 00:01:52 CDT 2026","9274","ts-travel-plan-service","Flow_Scenario_276 | POST /api/v1/travelplanservice/travelPlan/cheapest","[Valid] v13","trainticket_twostage_test.TrainTicketTwoStageTest_1778271990929.Flow_Scenario_276","test_positive_flow_S276_v13","test_positive_flow_S276_v13","Microservice test scenario with 1 steps."
"failed","Sat May 09 00:34:38 CDT 2026","Sat May 09 00:34:43 CDT 2026","5088","ts-travel2-service","Flow_Scenario_749 | POST /api/v1/travel2service/trips/left","[Valid] v18","trainticket_twostage_test.TrainTicketTwoStageTest_1778271990929.Flow_Scenario_749","test_positive_flow_S749_v18","test_positive_flow_S749_v18","Microservice test scenario with 1 steps."
"failed","Sat May 09 02:16:03 CDT 2026","Sat May 09 02:16:16 CDT 2026","13068","ts-admin-basic-info-service","Flow_Scenario_178 | PUT /api/v1/adminbasicservice/adminbasic/trains","[Valid] v25","trainticket_twostage_test.TrainTicketTwoStageTest_1778271990929.Flow_Scenario_178","test_positive_flow_S178_v25","test_positive_flow_S178_v25","Microservice test scenario with 1 steps."
"passed","Sat May 09 00:15:18 CDT 2026","Sat May 09 00:15:32 CDT 2026","14043","ts-travel-plan-service","Flow_Scenario_276 | POST /api/v1/travelplanservice/travelPlan/cheapest","[Fault: POST__api_v1_travelplanservice_travelPlan_cheapest] SEMANTIC_MISMATCH (v66)","trainticket_twostage_test.TrainTicketTwoStageTest_1778271990929.Flow_Scenario_276","test_negative_flow_S276_v66_fault_Root1_SEMANTIC_MISMATCH","test_negative_flow_S276_v66_fault_Root1_SEMANTIC_MISMATCH","Microservice test scenario with 1 steps."
"passed","Sat May 09 00:16:45 CDT 2026","Sat May 09 00:16:54 CDT 2026","9288","ts-travel-plan-service","Flow_Scenario_276 | POST /api/v1/travelplanservice/travelPlan/cheapest","[Fault: POST__api_v1_travelplanservice_travelPlan_cheapest] SEMANTIC_MISMATCH (v115)","trainticket_twostage_test.TrainTicketTwoStageTest_1778271990929.Flow_Scenario_276","test_negative_flow_S276_v115_fault_Root1_SEMANTIC_MISMATCH","test_negative_flow_S276_v115_fault_Root1_SEMANTIC_MISMATCH","Microservice test scenario with 1 steps."
"failed","Fri May 08 23:34:24 CDT 2026","Fri May 08 23:34:33 CDT 2026","9241","ts-order-other-service","Flow_Scenario_475 | POST /api/v1/orderOtherService/orderOther/refresh","[Fault: POST__api_v1_orderOtherService_orderOther_refresh] SPECIAL_CHARACTERS (v62)","trainticket_twostage_test.TrainTicketTwoStageTest_1778271990929.Flow_Scenario_475","test_negative_flow_S475_v62_fault_Root1_SPECIAL_CHARACTERS","test_negative_flow_S475_v62_fault_Root1_SPECIAL_CHARACTERS","Microservice test scenario with 1 steps."
"failed","Sat May 09 00:20:04 CDT 2026","Sat May 09 00:20:13 CDT 2026","8558","ts-admin-basic-info-service","Flow_Scenario_1040 | POST /api/v1/adminbasicservice/adminbasic/stations","[Valid] v14","trainticket_twostage_test.TrainTicketTwoStageTest_1778271990929.Flow_Scenario_1040","test_positive_flow_S1040_v14","test_positive_flow_S1040_v14","Microservice test scenario with 1 steps."
"passed","Sat May 09 01:34:47 CDT 2026","Sat May 09 01:35:00 CDT 2026","12748","ts-admin-basic-info-service","Flow_Scenario_3 | POST /api/v1/adminbasicservice/adminbasic/trains","[Fault: POST__api_v1_adminbasicservice_adminbasic_trains] TYPE_MISMATCH (v38)","trainticket_twostage_test.TrainTicketTwoStageTest_1778271990929.Flow_Scenario_3","test_negative_flow_S3_v38_fault_Root1_TYPE_MISMATCH","test_negative_flow_S3_v38_fault_Root1_TYPE_MISMATCH","Microservice test scenario with 1 steps."
"failed","Sat May 09 01:28:32 CDT 2026","Sat May 09 01:28:45 CDT 2026","12935","ts-admin-basic-info-service","Flow_Scenario_994 | PUT /api/v1/adminbasicservice/adminbasic/stations","[Valid] v26","trainticket_twostage_test.TrainTicketTwoStageTest_1778271990929.Flow_Scenario_994","test_positive_flow_S994_v26","test_positive_flow_S994_v26","Microservice test scenario with 1 steps."
"failed","Fri May 08 23:41:49 CDT 2026","Fri May 08 23:41:58 CDT 2026","9228","ts-order-other-service","Flow_Scenario_475 | POST /api/v1/orderOtherService/orderOther/refresh","[Fault: POST__api_v1_orderOtherService_orderOther_refresh] SPECIAL_CHARACTERS (v148)","trainticket_twostage_test.TrainTicketTwoStageTest_1778271990929.Flow_Scenario_475","test_negative_flow_S475_v148_fault_Root1_SPECIAL_CHARACTERS","test_negative_flow_S475_v148_fault_Root1_SPECIAL_CHARACTERS","Microservice test scenario with 1 steps."
"passed","Sat May 09 00:16:31 CDT 2026","Sat May 09 00:16:45 CDT 2026","13287","ts-travel-plan-service","Flow_Scenario_276 | POST /api/v1/travelplanservice/travelPlan/cheapest","[Fault: POST__api_v1_travelplanservice_travelPlan_cheapest] SPECIAL_CHARACTERS (v120)","trainticket_twostage_test.TrainTicketTwoStageTest_1778271990929.Flow_Scenario_276","test_negative_flow_S276_v120_fault_Root1_SPECIAL_CHARACTERS","test_negative_flow_S276_v120_fault_Root1_SPECIAL_CHARACTERS","Microservice test scenario with 1 steps."
"failed","Sat May 09 01:16:58 CDT 2026","Sat May 09 01:17:12 CDT 2026","13549","ts-consign-service","Flow_Scenario_894 | GET /api/v1/consignservice/consigns/order/{id}","[Valid] v94","trainticket_twostage_test.TrainTicketTwoStageTest_1778271990929.Flow_Scenario_894","test_positive_flow_S894_v94","test_positive_flow_S894_v94","Microservice test scenario with 1 steps."
"passed","Sat May 09 01:37:24 CDT 2026","Sat May 09 01:37:37 CDT 2026","13152","ts-admin-basic-info-service","Flow_Scenario_3 | POST /api/v1/adminbasicservice/adminbasic/trains","[Fault: POST__api_v1_adminbasicservice_adminbasic_trains] SEMANTIC_MISMATCH (v162)","trainticket_twostage_test.TrainTicketTwoStageTest_1778271990929.Flow_Scenario_3","test_negative_flow_S3_v162_fault_Root1_SEMANTIC_MISMATCH","test_negative_flow_S3_v162_fault_Root1_SEMANTIC_MISMATCH","Microservice test scenario with 1 steps."
"passed","Sat May 09 01:06:48 CDT 2026","Sat May 09 01:07:01 CDT 2026","13301","ts-consign-service","Flow_Scenario_894 | GET /api/v1/consignservice/consigns/order/{id}","[Fault: GET__api_v1_consignservice_consigns_order__id_] SPECIAL_CHARACTERS (v36)","trainticket_twostage_test.TrainTicketTwoStageTest_1778271990929.Flow_Scenario_894","test_negative_flow_S894_v36_fault_Root1_SPECIAL_CHARACTERS","test_negative_flow_S894_v36_fault_Root1_SPECIAL_CHARACTERS","Microservice test scenario with 1 steps."
"passed","Sat May 09 00:30:56 CDT 2026","Sat May 09 00:31:06 CDT 2026","9398","ts-travel2-service","Flow_Scenario_749 | POST /api/v1/travel2service/trips/left","[Valid] v9","trainticket_twostage_test.TrainTicketTwoStageTest_1778271990929.Flow_Scenario_749","test_positive_flow_S749_v9","test_positive_flow_S749_v9","Microservice test scenario with 1 steps."
"failed","Sat May 09 00:38:40 CDT 2026","Sat May 09 00:38:49 CDT 2026","9311","ts-travel2-service","Flow_Scenario_749 | POST /api/v1/travel2service/trips/left","[Fault: POST__api_v1_travel2service_trips_left] SPECIAL_CHARACTERS (v141)","trainticket_twostage_test.TrainTicketTwoStageTest_1778271990929.Flow_Scenario_749","test_negative_flow_S749_v141_fault_Root1_SPECIAL_CHARACTERS","test_negative_flow_S749_v141_fault_Root1_SPECIAL_CHARACTERS","Microservice test scenario with 1 steps."
"passed","Fri May 08 23:57:57 CDT 2026","Fri May 08 23:58:10 CDT 2026","13321","ts-travel-plan-service","Flow_Scenario_276 | POST /api/v1/travelplanservice/travelPlan/cheapest","[Fault: POST__api_v1_travelplanservice_travelPlan_cheapest] OVERFLOW (v108)","trainticket_twostage_test.TrainTicketTwoStageTest_1778271990929.Flow_Scenario_276","test_negative_flow_S276_v108_fault_Root1_OVERFLOW","test_negative_flow_S276_v108_fault_Root1_OVERFLOW","Microservice test scenario with 1 steps."
"passed","Sat May 09 00:39:27 CDT 2026","Sat May 09 00:39:36 CDT 2026","9260","ts-travel2-service","Flow_Scenario_749 | POST /api/v1/travel2service/trips/left","[Fault: POST__api_v1_travel2service_trips_left] SPECIAL_CHARACTERS (v132)","trainticket_twostage_test.TrainTicketTwoStageTest_1778271990929.Flow_Scenario_749","test_negative_flow_S749_v132_fault_Root1_SPECIAL_CHARACTERS","test_negative_flow_S749_v132_fault_Root1_SPECIAL_CHARACTERS","Microservice test scenario with 1 steps."
"failed","Fri May 08 23:47:11 CDT 2026","Fri May 08 23:47:16 CDT 2026","5046","ts-order-other-service","Flow_Scenario_475 | POST /api/v1/orderOtherService/orderOther/refresh","[Fault: POST__api_v1_orderOtherService_orderOther_refresh] SEMANTIC_MISMATCH (v199)","trainticket_twostage_test.TrainTicketTwoStageTest_1778271990929.Flow_Scenario_475","test_negative_flow_S475_v199_fault_Root1_SEMANTIC_MISMATCH","test_negative_flow_S475_v199_fault_Root1_SEMANTIC_MISMATCH","Microservice test scenario with 1 steps."
"passed","Sat May 09 01:33:56 CDT 2026","Sat May 09 01:34:09 CDT 2026","13368","ts-admin-basic-info-service","Flow_Scenario_3 | POST /api/v1/adminbasicservice/adminbasic/trains","[Fault: POST__api_v1_adminbasicservice_adminbasic_trains] SPECIAL_CHARACTERS (v86)","trainticket_twostage_test.TrainTicketTwoStageTest_1778271990929.Flow_Scenario_3","test_negative_flow_S3_v86_fault_Root1_SPECIAL_CHARACTERS","test_negative_flow_S3_v86_fault_Root1_SPECIAL_CHARACTERS","Microservice test scenario with 1 steps."
"failed","Fri May 08 23:50:23 CDT 2026","Fri May 08 23:50:28 CDT 2026","5052","ts-order-other-service","Flow_Scenario_475 | POST /api/v1/orderOtherService/orderOther/refresh","[Fault: POST__api_v1_orderOtherService_orderOther_refresh] SEMANTIC_MISMATCH (v89)","trainticket_twostage_test.TrainTicketTwoStageTest_1778271990929.Flow_Scenario_475","test_negative_flow_S475_v89_fault_Root1_SEMANTIC_MISMATCH","test_negative_flow_S475_v89_fault_Root1_SEMANTIC_MISMATCH","Microservice test scenario with 1 steps."
"failed","Sat May 09 02:33:23 CDT 2026","Sat May 09 02:33:42 CDT 2026","19125","ts-admin-basic-info-service","Flow_Scenario_178 | PUT /api/v1/adminbasicservice/adminbasic/trains","[Valid] v8","trainticket_twostage_test.TrainTicketTwoStageTest_1778271990929.Flow_Scenario_178","test_positive_flow_S178_v8","test_positive_flow_S178_v8","Microservice test scenario with 1 steps."
"failed","Sat May 09 00:35:50 CDT 2026","Sat May 09 00:36:00 CDT 2026","9264","ts-travel2-service","Flow_Scenario_749 | POST /api/v1/travel2service/trips/left","[Fault: POST__api_v1_travel2service_trips_left] SPECIAL_CHARACTERS (v46)","trainticket_twostage_test.TrainTicketTwoStageTest_1778271990929.Flow_Scenario_749","test_negative_flow_S749_v46_fault_Root1_SPECIAL_CHARACTERS","test_negative_flow_S749_v46_fault_Root1_SPECIAL_CHARACTERS","Microservice test scenario with 1 steps."
"passed","Sat May 09 01:43:48 CDT 2026","Sat May 09 01:43:57 CDT 2026","8855","ts-admin-basic-info-service","Flow_Scenario_3 | POST /api/v1/adminbasicservice/adminbasic/trains","[Fault: POST__api_v1_adminbasicservice_adminbasic_trains] OVERFLOW (v117)","trainticket_twostage_test.TrainTicketTwoStageTest_1778271990929.Flow_Scenario_3","test_negative_flow_S3_v117_fault_Root1_OVERFLOW","test_negative_flow_S3_v117_fault_Root1_OVERFLOW","Microservice test scenario with 1 steps."
"passed","Sat May 09 02:02:31 CDT 2026","Sat May 09 02:02:43 CDT 2026","12451","ts-admin-basic-info-service","Flow_Scenario_3 | POST /api/v1/adminbasicservice/adminbasic/trains","[Fault: POST__api_v1_adminbasicservice_adminbasic_trains] SEMANTIC_MISMATCH (v77)","trainticket_twostage_test.TrainTicketTwoStageTest_1778271990929.Flow_Scenario_3","test_negative_flow_S3_v77_fault_Root1_SEMANTIC_MISMATCH","test_negative_flow_S3_v77_fault_Root1_SEMANTIC_MISMATCH","Microservice test scenario with 1 steps."
"passed","Fri May 08 23:41:58 CDT 2026","Fri May 08 23:42:03 CDT 2026","5046","ts-order-other-service","Flow_Scenario_475 | POST /api/v1/orderOtherService/orderOther/refresh","[Fault: POST__api_v1_orderOtherService_orderOther_refresh] TYPE_MISMATCH (v69)","trainticket_twostage_test.TrainTicketTwoStageTest_1778271990929.Flow_Scenario_475","test_negative_flow_S475_v69_fault_Root1_TYPE_MISMATCH","test_negative_flow_S475_v69_fault_Root1_TYPE_MISMATCH","Microservice test scenario with 1 steps."
"passed","Sat May 09 00:04:02 CDT 2026","Sat May 09 00:04:15 CDT 2026","13254","ts-travel-plan-service","Flow_Scenario_276 | POST /api/v1/travelplanservice/travelPlan/cheapest","[Fault: POST__api_v1_travelplanservice_travelPlan_cheapest] SPECIAL_CHARACTERS (v37)","trainticket_twostage_test.TrainTicketTwoStageTest_1778271990929.Flow_Scenario_276","test_negative_flow_S276_v37_fault_Root1_SPECIAL_CHARACTERS","test_negative_flow_S276_v37_fault_Root1_SPECIAL_CHARACTERS","Microservice test scenario with 1 steps."
"passed","Sat May 09 01:18:42 CDT 2026","Sat May 09 01:18:56 CDT 2026","14167","ts-consign-service","Flow_Scenario_894 | GET /api/v1/consignservice/consigns/order/{id}","[Fault: GET__api_v1_consignservice_consigns_order__id_] SPECIAL_CHARACTERS (v71)","trainticket_twostage_test.TrainTicketTwoStageTest_1778271990929.Flow_Scenario_894","test_negative_flow_S894_v71_fault_Root1_SPECIAL_CHARACTERS","test_negative_flow_S894_v71_fault_Root1_SPECIAL_CHARACTERS","Microservice test scenario with 1 steps."
"failed","Sat May 09 02:14:43 CDT 2026","Sat May 09 02:14:57 CDT 2026","14089","ts-admin-basic-info-service","Flow_Scenario_178 | PUT /api/v1/adminbasicservice/adminbasic/trains","[Valid] v19","trainticket_twostage_test.TrainTicketTwoStageTest_1778271990929.Flow_Scenario_178","test_positive_flow_S178_v19","test_positive_flow_S178_v19","Microservice test scenario with 1 steps."
"failed","Sat May 09 00:00:23 CDT 2026","Sat May 09 00:00:36 CDT 2026","12293","ts-travel-plan-service","Flow_Scenario_276 | POST /api/v1/travelplanservice/travelPlan/cheapest","[Fault: POST__api_v1_travelplanservice_travelPlan_cheapest] TYPE_MISMATCH (v77)","trainticket_twostage_test.TrainTicketTwoStageTest_1778271990929.Flow_Scenario_276","test_negative_flow_S276_v77_fault_Root1_TYPE_MISMATCH","test_negative_flow_S276_v77_fault_Root1_TYPE_MISMATCH","Microservice test scenario with 1 steps."
"passed","Sat May 09 01:50:43 CDT 2026","Sat May 09 01:50:56 CDT 2026","12643","ts-admin-basic-info-service","Flow_Scenario_3 | POST /api/v1/adminbasicservice/adminbasic/trains","[Fault: POST__api_v1_adminbasicservice_adminbasic_trains] SPECIAL_CHARACTERS (v106)","trainticket_twostage_test.TrainTicketTwoStageTest_1778271990929.Flow_Scenario_3","test_negative_flow_S3_v106_fault_Root1_SPECIAL_CHARACTERS","test_negative_flow_S3_v106_fault_Root1_SPECIAL_CHARACTERS","Microservice test scenario with 1 steps."
"passed","Sat May 09 01:08:39 CDT 2026","Sat May 09 01:08:53 CDT 2026","13793","ts-consign-service","Flow_Scenario_894 | GET /api/v1/consignservice/consigns/order/{id}","[Fault: GET__api_v1_consignservice_consigns_order__id_] TYPE_MISMATCH (v43)","trainticket_twostage_test.TrainTicketTwoStageTest_1778271990929.Flow_Scenario_894","test_negative_flow_S894_v43_fault_Root1_TYPE_MISMATCH","test_negative_flow_S894_v43_fault_Root1_TYPE_MISMATCH","Microservice test scenario with 1 steps."
"failed","Sat May 09 02:00:21 CDT 2026","Sat May 09 02:00:34 CDT 2026","12981","ts-admin-basic-info-service","Flow_Scenario_3 | POST /api/v1/adminbasicservice/adminbasic/trains","[Valid] v7","trainticket_twostage_test.TrainTicketTwoStageTest_1778271990929.Flow_Scenario_3","test_positive_flow_S3_v7","test_positive_flow_S3_v7","Microservice test scenario with 1 steps."
"passed","Sat May 09 01:40:53 CDT 2026","Sat May 09 01:41:06 CDT 2026","13457","ts-admin-basic-info-service","Flow_Scenario_3 | POST /api/v1/adminbasicservice/adminbasic/trains","[Fault: POST__api_v1_adminbasicservice_adminbasic_trains] TYPE_MISMATCH (v55)","trainticket_twostage_test.TrainTicketTwoStageTest_1778271990929.Flow_Scenario_3","test_negative_flow_S3_v55_fault_Root1_TYPE_MISMATCH","test_negative_flow_S3_v55_fault_Root1_TYPE_MISMATCH","Microservice test scenario with 1 steps."
"passed","Sat May 09 00:16:54 CDT 2026","Sat May 09 00:17:03 CDT 2026","9046","ts-travel-plan-service","Flow_Scenario_276 | POST /api/v1/travelplanservice/travelPlan/cheapest","[Fault: POST__api_v1_travelplanservice_travelPlan_cheapest] SEMANTIC_MISMATCH (v51)","trainticket_twostage_test.TrainTicketTwoStageTest_1778271990929.Flow_Scenario_276","test_negative_flow_S276_v51_fault_Root1_SEMANTIC_MISMATCH","test_negative_flow_S276_v51_fault_Root1_SEMANTIC_MISMATCH","Microservice test scenario with 1 steps."
"failed","Sat May 09 02:35:30 CDT 2026","Sat May 09 02:35:39 CDT 2026","9321","ts-admin-basic-info-service","Flow_Scenario_178 | PUT /api/v1/adminbasicservice/adminbasic/trains","[Explore 200]","trainticket_twostage_test.TrainTicketTwoStageTest_1778271990929.Flow_Scenario_178","test_positive_flow_S178_v1_explore_200","test_positive_flow_S178_v1_explore_200","Microservice test scenario with 1 steps."
"failed","Fri May 08 23:27:24 CDT 2026","Fri May 08 23:27:29 CDT 2026","5050","ts-order-other-service","Flow_Scenario_475 | POST /api/v1/orderOtherService/orderOther/refresh","[Fault: POST__api_v1_orderOtherService_orderOther_refresh] SEMANTIC_MISMATCH (v172)","trainticket_twostage_test.TrainTicketTwoStageTest_1778271990929.Flow_Scenario_475","test_negative_flow_S475_v172_fault_Root1_SEMANTIC_MISMATCH","test_negative_flow_S475_v172_fault_Root1_SEMANTIC_MISMATCH","Microservice test scenario with 1 steps."
"failed","Sat May 09 00:27:15 CDT 2026","Sat May 09 00:27:23 CDT 2026","8574","ts-admin-basic-info-service","Flow_Scenario_1040 | POST /api/v1/adminbasicservice/adminbasic/stations","[Valid] v8","trainticket_twostage_test.TrainTicketTwoStageTest_1778271990929.Flow_Scenario_1040","test_positive_flow_S1040_v8","test_positive_flow_S1040_v8","Microservice test scenario with 1 steps."
"failed","Fri May 08 23:49:12 CDT 2026","Fri May 08 23:49:21 CDT 2026","9257","ts-order-other-service","Flow_Scenario_475 | POST /api/v1/orderOtherService/orderOther/refresh","[Fault: POST__api_v1_orderOtherService_orderOther_refresh] SPECIAL_CHARACTERS (v50)","trainticket_twostage_test.TrainTicketTwoStageTest_1778271990929.Flow_Scenario_475","test_negative_flow_S475_v50_fault_Root1_SPECIAL_CHARACTERS","test_negative_flow_S475_v50_fault_Root1_SPECIAL_CHARACTERS","Microservice test scenario with 1 steps."
"failed","Sat May 09 01:27:01 CDT 2026","Sat May 09 01:27:14 CDT 2026","13522","ts-admin-basic-info-service","Flow_Scenario_994 | PUT /api/v1/adminbasicservice/adminbasic/stations","[Valid] v18","trainticket_twostage_test.TrainTicketTwoStageTest_1778271990929.Flow_Scenario_994","test_positive_flow_S994_v18","test_positive_flow_S994_v18","Microservice test scenario with 1 steps."
"failed","Fri May 08 23:31:35 CDT 2026","Fri May 08 23:31:41 CDT 2026","5048","ts-order-other-service","Flow_Scenario_475 | POST /api/v1/orderOtherService/orderOther/refresh","[Fault: POST__api_v1_orderOtherService_orderOther_refresh] SPECIAL_CHARACTERS (v267)","trainticket_twostage_test.TrainTicketTwoStageTest_1778271990929.Flow_Scenario_475","test_negative_flow_S475_v267_fault_Root1_SPECIAL_CHARACTERS","test_negative_flow_S475_v267_fault_Root1_SPECIAL_CHARACTERS","Microservice test scenario with 1 steps."
"passed","Sat May 09 01:08:13 CDT 2026","Sat May 09 01:08:27 CDT 2026","13378","ts-consign-service","Flow_Scenario_894 | GET /api/v1/consignservice/consigns/order/{id}","[Fault: GET__api_v1_consignservice_consigns_order__id_] SPECIAL_CHARACTERS (v47)","trainticket_twostage_test.TrainTicketTwoStageTest_1778271990929.Flow_Scenario_894","test_negative_flow_S894_v47_fault_Root1_SPECIAL_CHARACTERS","test_negative_flow_S894_v47_fault_Root1_SPECIAL_CHARACTERS","Microservice test scenario with 1 steps."
"passed","Sat May 09 00:55:01 CDT 2026","Sat May 09 00:55:15 CDT 2026","13496","ts-execute-service","Flow_Scenario_420 | GET /api/v1/executeservice/execute/execute/{orderId}","[Fault: GET__api_v1_executeservice_execute_execute__orderId_] SEMANTIC_MISMATCH (v49)","trainticket_twostage_test.TrainTicketTwoStageTest_1778271990929.Flow_Scenario_420","test_negative_flow_S420_v49_fault_Root1_SEMANTIC_MISMATCH","test_negative_flow_S420_v49_fault_Root1_SEMANTIC_MISMATCH","Microservice test scenario with 1 steps."
"failed","Sat May 09 02:16:16 CDT 2026","Sat May 09 02:16:28 CDT 2026","12517","ts-admin-basic-info-service","Flow_Scenario_178 | PUT /api/v1/adminbasicservice/adminbasic/trains","[Valid] v26","trainticket_twostage_test.TrainTicketTwoStageTest_1778271990929.Flow_Scenario_178","test_positive_flow_S178_v26","test_positive_flow_S178_v26","Microservice test scenario with 1 steps."
"passed","Sat May 09 01:54:13 CDT 2026","Sat May 09 01:54:26 CDT 2026","13216","ts-admin-basic-info-service","Flow_Scenario_3 | POST /api/v1/adminbasicservice/adminbasic/trains","[Fault: POST__api_v1_adminbasicservice_adminbasic_trains] OVERFLOW (v48)","trainticket_twostage_test.TrainTicketTwoStageTest_1778271990929.Flow_Scenario_3","test_negative_flow_S3_v48_fault_Root1_OVERFLOW","test_negative_flow_S3_v48_fault_Root1_OVERFLOW","Microservice test scenario with 1 steps."
"failed","Sat May 09 02:37:01 CDT 2026","Sat May 09 02:37:14 CDT 2026","12552","ts-admin-travel-service","Flow_Scenario_1088 | DELETE /api/v1/admintravelservice/admintravel/{tripId}","[Valid] v22","trainticket_twostage_test.TrainTicketTwoStageTest_1778271990929.Flow_Scenario_1088","test_positive_flow_S1088_v22","test_positive_flow_S1088_v22","Microservice test scenario with 1 steps."
"passed","Fri May 08 23:59:55 CDT 2026","Sat May 09 00:00:04 CDT 2026","9145","ts-travel-plan-service","Flow_Scenario_276 | POST /api/v1/travelplanservice/travelPlan/cheapest","[Fault: POST__api_v1_travelplanservice_travelPlan_cheapest] SEMANTIC_MISMATCH (v138)","trainticket_twostage_test.TrainTicketTwoStageTest_1778271990929.Flow_Scenario_276","test_negative_flow_S276_v138_fault_Root1_SEMANTIC_MISMATCH","test_negative_flow_S276_v138_fault_Root1_SEMANTIC_MISMATCH","Microservice test scenario with 1 steps."
"failed","Sat May 09 00:27:23 CDT 2026","Sat May 09 00:27:32 CDT 2026","8176","ts-admin-basic-info-service","Flow_Scenario_1040 | POST /api/v1/adminbasicservice/adminbasic/stations","[Valid] v9","trainticket_twostage_test.TrainTicketTwoStageTest_1778271990929.Flow_Scenario_1040","test_positive_flow_S1040_v9","test_positive_flow_S1040_v9","Microservice test scenario with 1 steps."
"passed","Sat May 09 02:03:50 CDT 2026","Sat May 09 02:04:03 CDT 2026","13166","ts-admin-basic-info-service","Flow_Scenario_3 | POST /api/v1/adminbasicservice/adminbasic/trains","[Fault: POST__api_v1_adminbasicservice_adminbasic_trains] SPECIAL_CHARACTERS (v172)","trainticket_twostage_test.TrainTicketTwoStageTest_1778271990929.Flow_Scenario_3","test_negative_flow_S3_v172_fault_Root1_SPECIAL_CHARACTERS","test_negative_flow_S3_v172_fault_Root1_SPECIAL_CHARACTERS","Microservice test scenario with 1 steps."
"passed","Sat May 09 00:13:22 CDT 2026","Sat May 09 00:13:31 CDT 2026","8277","ts-travel-plan-service","Flow_Scenario_276 | POST /api/v1/travelplanservice/travelPlan/cheapest","[Fault: POST__api_v1_travelplanservice_travelPlan_cheapest] SPECIAL_CHARACTERS (v96)","trainticket_twostage_test.TrainTicketTwoStageTest_1778271990929.Flow_Scenario_276","test_negative_flow_S276_v96_fault_Root1_SPECIAL_CHARACTERS","test_negative_flow_S276_v96_fault_Root1_SPECIAL_CHARACTERS","Microservice test scenario with 1 steps."
"passed","Sat May 09 01:41:45 CDT 2026","Sat May 09 01:41:59 CDT 2026","14036","ts-admin-basic-info-service","Flow_Scenario_3 | POST /api/v1/adminbasicservice/adminbasic/trains","[Fault: POST__api_v1_adminbasicservice_adminbasic_trains] SEMANTIC_MISMATCH (v32)","trainticket_twostage_test.TrainTicketTwoStageTest_1778271990929.Flow_Scenario_3","test_negative_flow_S3_v32_fault_Root1_SEMANTIC_MISMATCH","test_negative_flow_S3_v32_fault_Root1_SEMANTIC_MISMATCH","Microservice test scenario with 1 steps."
"failed","Fri May 08 23:34:00 CDT 2026","Fri May 08 23:34:05 CDT 2026","5045","ts-order-other-service","Flow_Scenario_475 | POST /api/v1/orderOtherService/orderOther/refresh","[Fault: POST__api_v1_orderOtherService_orderOther_refresh] SPECIAL_CHARACTERS (v100)","trainticket_twostage_test.TrainTicketTwoStageTest_1778271990929.Flow_Scenario_475","test_negative_flow_S475_v100_fault_Root1_SPECIAL_CHARACTERS","test_negative_flow_S475_v100_fault_Root1_SPECIAL_CHARACTERS","Microservice test scenario with 1 steps."
"failed","Sat May 09 01:00:48 CDT 2026","Sat May 09 01:01:01 CDT 2026","12995","ts-admin-order-service","Flow_Scenario_1 | GET /api/v1/adminorderservice/adminorder","[Explore 401]","trainticket_twostage_test.TrainTicketTwoStageTest_1778271990929.Flow_Scenario_1","test_positive_flow_S1_v1_explore_401","test_positive_flow_S1_v1_explore_401","Microservice test scenario with 1 steps."
"passed","Sat May 09 01:22:52 CDT 2026","Sat May 09 01:23:06 CDT 2026","14389","ts-consign-service","Flow_Scenario_894 | GET /api/v1/consignservice/consigns/order/{id}","[Fault: GET__api_v1_consignservice_consigns_order__id_] TYPE_MISMATCH (v31)","trainticket_twostage_test.TrainTicketTwoStageTest_1778271990929.Flow_Scenario_894","test_negative_flow_S894_v31_fault_Root1_TYPE_MISMATCH","test_negative_flow_S894_v31_fault_Root1_TYPE_MISMATCH","Microservice test scenario with 1 steps."
"failed","Sat May 09 00:29:35 CDT 2026","Sat May 09 00:29:40 CDT 2026","5138","ts-travel2-service","Flow_Scenario_749 | POST /api/v1/travel2service/trips/left","[Fault: POST__api_v1_travel2service_trips_left] SPECIAL_CHARACTERS (v40)","trainticket_twostage_test.TrainTicketTwoStageTest_1778271990929.Flow_Scenario_749","test_negative_flow_S749_v40_fault_Root1_SPECIAL_CHARACTERS","test_negative_flow_S749_v40_fault_Root1_SPECIAL_CHARACTERS","Microservice test scenario with 1 steps."
"passed","Sat May 09 00:52:18 CDT 2026","Sat May 09 00:52:32 CDT 2026","14477","ts-execute-service","Flow_Scenario_420 | GET /api/v1/executeservice/execute/execute/{orderId}","[Fault: GET__api_v1_executeservice_execute_execute__orderId_] SPECIAL_CHARACTERS (v74)","trainticket_twostage_test.TrainTicketTwoStageTest_1778271990929.Flow_Scenario_420","test_negative_flow_S420_v74_fault_Root1_SPECIAL_CHARACTERS","test_negative_flow_S420_v74_fault_Root1_SPECIAL_CHARACTERS","Microservice test scenario with 1 steps."
"failed","Fri May 08 23:39:53 CDT 2026","Fri May 08 23:40:02 CDT 2026","9191","ts-order-other-service","Flow_Scenario_475 | POST /api/v1/orderOtherService/orderOther/refresh","[Fault: POST__api_v1_orderOtherService_orderOther_refresh] TYPE_MISMATCH (v38)","trainticket_twostage_test.TrainTicketTwoStageTest_1778271990929.Flow_Scenario_475","test_negative_flow_S475_v38_fault_Root1_TYPE_MISMATCH","test_negative_flow_S475_v38_fault_Root1_TYPE_MISMATCH","Microservice test scenario with 1 steps."
"passed","Sat May 09 00:49:48 CDT 2026","Sat May 09 00:50:02 CDT 2026","13279","ts-execute-service","Flow_Scenario_420 | GET /api/v1/executeservice/execute/execute/{orderId}","[Fault: GET__api_v1_executeservice_execute_execute__orderId_] EMPTY_INPUT (v23)","trainticket_twostage_test.TrainTicketTwoStageTest_1778271990929.Flow_Scenario_420","test_negative_flow_S420_v23_fault_Root1_EMPTY_INPUT","test_negative_flow_S420_v23_fault_Root1_EMPTY_INPUT","Microservice test scenario with 1 steps."
"passed","Sat May 09 00:59:54 CDT 2026","Sat May 09 01:00:08 CDT 2026","13804","ts-execute-service","Flow_Scenario_420 | GET /api/v1/executeservice/execute/execute/{orderId}","[Fault: GET__api_v1_executeservice_execute_execute__orderId_] TYPE_MISMATCH (v31)","trainticket_twostage_test.TrainTicketTwoStageTest_1778271990929.Flow_Scenario_420","test_negative_flow_S420_v31_fault_Root1_TYPE_MISMATCH","test_negative_flow_S420_v31_fault_Root1_TYPE_MISMATCH","Microservice test scenario with 1 steps."
"passed","Sat May 09 00:49:23 CDT 2026","Sat May 09 00:49:35 CDT 2026","12610","ts-execute-service","Flow_Scenario_420 | GET /api/v1/executeservice/execute/execute/{orderId}","[Fault: GET__api_v1_executeservice_execute_execute__orderId_] EMPTY_INPUT (v41)","trainticket_twostage_test.TrainTicketTwoStageTest_1778271990929.Flow_Scenario_420","test_negative_flow_S420_v41_fault_Root1_EMPTY_INPUT","test_negative_flow_S420_v41_fault_Root1_EMPTY_INPUT","Microservice test scenario with 1 steps."
"failed","Sat May 09 00:02:54 CDT 2026","Sat May 09 00:03:03 CDT 2026","9515","ts-travel-plan-service","Flow_Scenario_276 | POST /api/v1/travelplanservice/travelPlan/cheapest","[Valid] v20","trainticket_twostage_test.TrainTicketTwoStageTest_1778271990929.Flow_Scenario_276","test_positive_flow_S276_v20","test_positive_flow_S276_v20","Microservice test scenario with 1 steps."
"passed","Sat May 09 01:44:11 CDT 2026","Sat May 09 01:44:25 CDT 2026","13607","ts-admin-basic-info-service","Flow_Scenario_3 | POST /api/v1/adminbasicservice/adminbasic/trains","[Fault: POST__api_v1_adminbasicservice_adminbasic_trains] SEMANTIC_MISMATCH (v127)","trainticket_twostage_test.TrainTicketTwoStageTest_1778271990929.Flow_Scenario_3","test_negative_flow_S3_v127_fault_Root1_SEMANTIC_MISMATCH","test_negative_flow_S3_v127_fault_Root1_SEMANTIC_MISMATCH","Microservice test scenario with 1 steps."
"passed","Sat May 09 00:04:54 CDT 2026","Sat May 09 00:05:08 CDT 2026","13993","ts-travel-plan-service","Flow_Scenario_276 | POST /api/v1/travelplanservice/travelPlan/cheapest","[Fault: POST__api_v1_travelplanservice_travelPlan_cheapest] SPECIAL_CHARACTERS (v48)","trainticket_twostage_test.TrainTicketTwoStageTest_1778271990929.Flow_Scenario_276","test_negative_flow_S276_v48_fault_Root1_SPECIAL_CHARACTERS","test_negative_flow_S276_v48_fault_Root1_SPECIAL_CHARACTERS","Microservice test scenario with 1 steps."
"failed","Sat May 09 01:13:56 CDT 2026","Sat May 09 01:14:09 CDT 2026","12913","ts-consign-service","Flow_Scenario_894 | GET /api/v1/consignservice/consigns/order/{id}","[Valid] v80","trainticket_twostage_test.TrainTicketTwoStageTest_1778271990929.Flow_Scenario_894","test_positive_flow_S894_v80","test_positive_flow_S894_v80","Microservice test scenario with 1 steps."
"failed","Sat May 09 02:36:10 CDT 2026","Sat May 09 02:36:23 CDT 2026","13392","ts-admin-travel-service","Flow_Scenario_1088 | DELETE /api/v1/admintravelservice/admintravel/{tripId}","[Valid] v11","trainticket_twostage_test.TrainTicketTwoStageTest_1778271990929.Flow_Scenario_1088","test_positive_flow_S1088_v11","test_positive_flow_S1088_v11","Microservice test scenario with 1 steps."
"failed","Fri May 08 23:39:16 CDT 2026","Fri May 08 23:39:21 CDT 2026","5045","ts-order-other-service","Flow_Scenario_475 | POST /api/v1/orderOtherService/orderOther/refresh","[Fault: POST__api_v1_orderOtherService_orderOther_refresh] OVERFLOW (v83)","trainticket_twostage_test.TrainTicketTwoStageTest_1778271990929.Flow_Scenario_475","test_negative_flow_S475_v83_fault_Root1_OVERFLOW","test_negative_flow_S475_v83_fault_Root1_OVERFLOW","Microservice test scenario with 1 steps."
"passed","Sat May 09 01:47:04 CDT 2026","Sat May 09 01:47:17 CDT 2026","12569","ts-admin-basic-info-service","Flow_Scenario_3 | POST /api/v1/adminbasicservice/adminbasic/trains","[Fault: POST__api_v1_adminbasicservice_adminbasic_trains] TYPE_MISMATCH (v130)","trainticket_twostage_test.TrainTicketTwoStageTest_1778271990929.Flow_Scenario_3","test_negative_flow_S3_v130_fault_Root1_TYPE_MISMATCH","test_negative_flow_S3_v130_fault_Root1_TYPE_MISMATCH","Microservice test scenario with 1 steps."
"passed","Sat May 09 00:51:37 CDT 2026","Sat May 09 00:51:51 CDT 2026","14282","ts-execute-service","Flow_Scenario_420 | GET /api/v1/executeservice/execute/execute/{orderId}","[Fault: GET__api_v1_executeservice_execute_execute__orderId_] TYPE_MISMATCH (v53)","trainticket_twostage_test.TrainTicketTwoStageTest_1778271990929.Flow_Scenario_420","test_negative_flow_S420_v53_fault_Root1_TYPE_MISMATCH","test_negative_flow_S420_v53_fault_Root1_TYPE_MISMATCH","Microservice test scenario with 1 steps."
"passed","Sat May 09 01:37:10 CDT 2026","Sat May 09 01:37:24 CDT 2026","13286","ts-admin-basic-info-service","Flow_Scenario_3 | POST /api/v1/adminbasicservice/adminbasic/trains","[Fault: POST__api_v1_adminbasicservice_adminbasic_trains] SPECIAL_CHARACTERS (v149)","trainticket_twostage_test.TrainTicketTwoStageTest_1778271990929.Flow_Scenario_3","test_negative_flow_S3_v149_fault_Root1_SPECIAL_CHARACTERS","test_negative_flow_S3_v149_fault_Root1_SPECIAL_CHARACTERS","Microservice test scenario with 1 steps."
"failed","Sat May 09 01:10:15 CDT 2026","Sat May 09 01:10:29 CDT 2026","14311","ts-consign-service","Flow_Scenario_894 | GET /api/v1/consignservice/consigns/order/{id}","[Valid] v10","trainticket_twostage_test.TrainTicketTwoStageTest_1778271990929.Flow_Scenario_894","test_positive_flow_S894_v10","test_positive_flow_S894_v10","Microservice test scenario with 1 steps."
"passed","Sat May 09 00:45:04 CDT 2026","Sat May 09 00:45:09 CDT 2026","5085","ts-travel2-service","Flow_Scenario_749 | POST /api/v1/travel2service/trips/left","[Fault: POST__api_v1_travel2service_trips_left] SPECIAL_CHARACTERS (v96)","trainticket_twostage_test.TrainTicketTwoStageTest_1778271990929.Flow_Scenario_749","test_negative_flow_S749_v96_fault_Root1_SPECIAL_CHARACTERS","test_negative_flow_S749_v96_fault_Root1_SPECIAL_CHARACTERS","Microservice test scenario with 1 steps."
"failed","Sat May 09 00:28:36 CDT 2026","Sat May 09 00:28:49 CDT 2026","12616","ts-travel2-service","Flow_Scenario_749 | POST /api/v1/travel2service/trips/left","[Fault: POST__api_v1_travel2service_trips_left] SPECIAL_CHARACTERS (v104)","trainticket_twostage_test.TrainTicketTwoStageTest_1778271990929.Flow_Scenario_749","test_negative_flow_S749_v104_fault_Root1_SPECIAL_CHARACTERS","test_negative_flow_S749_v104_fault_Root1_SPECIAL_CHARACTERS","Microservice test scenario with 1 steps."
"failed","Fri May 08 23:50:48 CDT 2026","Fri May 08 23:50:57 CDT 2026","9253","ts-order-other-service","Flow_Scenario_475 | POST /api/v1/orderOtherService/orderOther/refresh","[Fault: POST__api_v1_orderOtherService_orderOther_refresh] SPECIAL_CHARACTERS (v72)","trainticket_twostage_test.TrainTicketTwoStageTest_1778271990929.Flow_Scenario_475","test_negative_flow_S475_v72_fault_Root1_SPECIAL_CHARACTERS","test_negative_flow_S475_v72_fault_Root1_SPECIAL_CHARACTERS","Microservice test scenario with 1 steps."
"passed","Fri May 08 23:38:42 CDT 2026","Fri May 08 23:38:51 CDT 2026","9215","ts-order-other-service","Flow_Scenario_475 | POST /api/v1/orderOtherService/orderOther/refresh","[Fault: POST__api_v1_orderOtherService_orderOther_refresh] TYPE_MISMATCH (v162)","trainticket_twostage_test.TrainTicketTwoStageTest_1778271990929.Flow_Scenario_475","test_negative_flow_S475_v162_fault_Root1_TYPE_MISMATCH","test_negative_flow_S475_v162_fault_Root1_TYPE_MISMATCH","Microservice test scenario with 1 steps."
"failed","Fri May 08 23:25:00 CDT 2026","Fri May 08 23:25:05 CDT 2026","5053","ts-order-other-service","Flow_Scenario_475 | POST /api/v1/orderOtherService/orderOther/refresh","[Fault: POST__api_v1_orderOtherService_orderOther_refresh] SPECIAL_CHARACTERS (v250)","trainticket_twostage_test.TrainTicketTwoStageTest_1778271990929.Flow_Scenario_475","test_negative_flow_S475_v250_fault_Root1_SPECIAL_CHARACTERS","test_negative_flow_S475_v250_fault_Root1_SPECIAL_CHARACTERS","Microservice test scenario with 1 steps."
"failed","Sat May 09 02:23:04 CDT 2026","Sat May 09 02:23:18 CDT 2026","14035","ts-admin-basic-info-service","Flow_Scenario_178 | PUT /api/v1/adminbasicservice/adminbasic/trains","[Valid] v57","trainticket_twostage_test.TrainTicketTwoStageTest_1778271990929.Flow_Scenario_178","test_positive_flow_S178_v57","test_positive_flow_S178_v57","Microservice test scenario with 1 steps."
"failed","Fri May 08 23:52:47 CDT 2026","Fri May 08 23:52:52 CDT 2026","5048","ts-order-other-service","Flow_Scenario_475 | POST /api/v1/orderOtherService/orderOther/refresh","[Fault: POST__api_v1_orderOtherService_orderOther_refresh] TYPE_MISMATCH (v164)","trainticket_twostage_test.TrainTicketTwoStageTest_1778271990929.Flow_Scenario_475","test_negative_flow_S475_v164_fault_Root1_TYPE_MISMATCH","test_negative_flow_S475_v164_fault_Root1_TYPE_MISMATCH","Microservice test scenario with 1 steps."
"failed","Sat May 09 00:19:39 CDT 2026","Sat May 09 00:19:52 CDT 2026","12400","ts-admin-basic-info-service","Flow_Scenario_1040 | POST /api/v1/adminbasicservice/adminbasic/stations","[Valid] v12","trainticket_twostage_test.TrainTicketTwoStageTest_1778271990929.Flow_Scenario_1040","test_positive_flow_S1040_v12","test_positive_flow_S1040_v12","Microservice test scenario with 1 steps."
"passed","Sat May 09 01:35:26 CDT 2026","Sat May 09 01:35:40 CDT 2026","13557","ts-admin-basic-info-service","Flow_Scenario_3 | POST /api/v1/adminbasicservice/adminbasic/trains","[Fault: POST__api_v1_adminbasicservice_adminbasic_trains] SPECIAL_CHARACTERS (v107)","trainticket_twostage_test.TrainTicketTwoStageTest_1778271990929.Flow_Scenario_3","test_negative_flow_S3_v107_fault_Root1_SPECIAL_CHARACTERS","test_negative_flow_S3_v107_fault_Root1_SPECIAL_CHARACTERS","Microservice test scenario with 1 steps."
"passed","Fri May 08 23:28:07 CDT 2026","Fri May 08 23:28:12 CDT 2026","5050","ts-order-other-service","Flow_Scenario_475 | POST /api/v1/orderOtherService/orderOther/refresh","[Fault: POST__api_v1_orderOtherService_orderOther_refresh] TYPE_MISMATCH (v254)","trainticket_twostage_test.TrainTicketTwoStageTest_1778271990929.Flow_Scenario_475","test_negative_flow_S475_v254_fault_Root1_TYPE_MISMATCH","test_negative_flow_S475_v254_fault_Root1_TYPE_MISMATCH","Microservice test scenario with 1 steps."
"failed","Sat May 09 00:22:15 CDT 2026","Sat May 09 00:22:27 CDT 2026","12438","ts-admin-basic-info-service","Flow_Scenario_1040 | POST /api/v1/adminbasicservice/adminbasic/stations","[Valid] v28","trainticket_twostage_test.TrainTicketTwoStageTest_1778271990929.Flow_Scenario_1040","test_positive_flow_S1040_v28","test_positive_flow_S1040_v28","Microservice test scenario with 1 steps."
"passed","Sat May 09 00:08:21 CDT 2026","Sat May 09 00:08:35 CDT 2026","13377","ts-travel-plan-service","Flow_Scenario_276 | POST /api/v1/travelplanservice/travelPlan/cheapest","[Fault: POST__api_v1_travelplanservice_travelPlan_cheapest] SEMANTIC_MISMATCH (v97)","trainticket_twostage_test.TrainTicketTwoStageTest_1778271990929.Flow_Scenario_276","test_negative_flow_S276_v97_fault_Root1_SEMANTIC_MISMATCH","test_negative_flow_S276_v97_fault_Root1_SEMANTIC_MISMATCH","Microservice test scenario with 1 steps."
"failed","Fri May 08 23:25:05 CDT 2026","Fri May 08 23:25:10 CDT 2026","5046","ts-order-other-service","Flow_Scenario_475 | POST /api/v1/orderOtherService/orderOther/refresh","[Fault: POST__api_v1_orderOtherService_orderOther_refresh] SPECIAL_CHARACTERS (v178)","trainticket_twostage_test.TrainTicketTwoStageTest_1778271990929.Flow_Scenario_475","test_negative_flow_S475_v178_fault_Root1_SPECIAL_CHARACTERS","test_negative_flow_S475_v178_fault_Root1_SPECIAL_CHARACTERS","Microservice test scenario with 1 steps."
"passed","Fri May 08 23:24:07 CDT 2026","Fri May 08 23:24:12 CDT 2026","5056","ts-order-other-service","Flow_Scenario_475 | POST /api/v1/orderOtherService/orderOther/refresh","[Valid] v5","trainticket_twostage_test.TrainTicketTwoStageTest_1778271990929.Flow_Scenario_475","test_positive_flow_S475_v5","test_positive_flow_S475_v5","Microservice test scenario with 1 steps."
"failed","Sat May 09 02:08:49 CDT 2026","Sat May 09 02:09:02 CDT 2026","13025","ts-admin-basic-info-service","Flow_Scenario_3 | POST /api/v1/adminbasicservice/adminbasic/trains","[Valid] v13","trainticket_twostage_test.TrainTicketTwoStageTest_1778271990929.Flow_Scenario_3","test_positive_flow_S3_v13","test_positive_flow_S3_v13","Microservice test scenario with 1 steps."
"passed","Sat May 09 01:45:31 CDT 2026","Sat May 09 01:45:44 CDT 2026","12788","ts-admin-basic-info-service","Flow_Scenario_3 | POST /api/v1/adminbasicservice/adminbasic/trains","[Fault: POST__api_v1_adminbasicservice_adminbasic_trains] SPECIAL_CHARACTERS (v83)","trainticket_twostage_test.TrainTicketTwoStageTest_1778271990929.Flow_Scenario_3","test_negative_flow_S3_v83_fault_Root1_SPECIAL_CHARACTERS","test_negative_flow_S3_v83_fault_Root1_SPECIAL_CHARACTERS","Microservice test scenario with 1 steps."
"failed","Fri May 08 23:21:19 CDT 2026","Fri May 08 23:21:24 CDT 2026","5044","ts-order-other-service","Flow_Scenario_475 | POST /api/v1/orderOtherService/orderOther/refresh","[Fault: POST__api_v1_orderOtherService_orderOther_refresh] SEMANTIC_MISMATCH (v132)","trainticket_twostage_test.TrainTicketTwoStageTest_1778271990929.Flow_Scenario_475","test_negative_flow_S475_v132_fault_Root1_SEMANTIC_MISMATCH","test_negative_flow_S475_v132_fault_Root1_SEMANTIC_MISMATCH","Microservice test scenario with 1 steps."
"passed","Sat May 09 00:11:58 CDT 2026","Sat May 09 00:12:07 CDT 2026","9454","ts-travel-plan-service","Flow_Scenario_276 | POST /api/v1/travelplanservice/travelPlan/cheapest","[Fault: POST__api_v1_travelplanservice_travelPlan_cheapest] SPECIAL_CHARACTERS (v43)","trainticket_twostage_test.TrainTicketTwoStageTest_1778271990929.Flow_Scenario_276","test_negative_flow_S276_v43_fault_Root1_SPECIAL_CHARACTERS","test_negative_flow_S276_v43_fault_Root1_SPECIAL_CHARACTERS","Microservice test scenario with 1 steps."
"failed","Sat May 09 02:25:37 CDT 2026","Sat May 09 02:25:50 CDT 2026","12731","ts-admin-basic-info-service","Flow_Scenario_178 | PUT /api/v1/adminbasicservice/adminbasic/trains","[Valid] v69","trainticket_twostage_test.TrainTicketTwoStageTest_1778271990929.Flow_Scenario_178","test_positive_flow_S178_v69","test_positive_flow_S178_v69","Microservice test scenario with 1 steps."
"failed","Fri May 08 23:35:36 CDT 2026","Fri May 08 23:35:41 CDT 2026","5049","ts-order-other-service","Flow_Scenario_475 | POST /api/v1/orderOtherService/orderOther/refresh","[Fault: POST__api_v1_orderOtherService_orderOther_refresh] SEMANTIC_MISMATCH (v266)","trainticket_twostage_test.TrainTicketTwoStageTest_1778271990929.Flow_Scenario_475","test_negative_flow_S475_v266_fault_Root1_SEMANTIC_MISMATCH","test_negative_flow_S475_v266_fault_Root1_SEMANTIC_MISMATCH","Microservice test scenario with 1 steps."
"failed","Fri May 08 23:26:41 CDT 2026","Fri May 08 23:26:46 CDT 2026","5050","ts-order-other-service","Flow_Scenario_475 | POST /api/v1/orderOtherService/orderOther/refresh","[Fault: POST__api_v1_orderOtherService_orderOther_refresh] SEMANTIC_MISMATCH (v57)","trainticket_twostage_test.TrainTicketTwoStageTest_1778271990929.Flow_Scenario_475","test_negative_flow_S475_v57_fault_Root1_SEMANTIC_MISMATCH","test_negative_flow_S475_v57_fault_Root1_SEMANTIC_MISMATCH","Microservice test scenario with 1 steps."
"failed","Sat May 09 02:31:02 CDT 2026","Sat May 09 02:31:14 CDT 2026","12597","ts-admin-basic-info-service","Flow_Scenario_178 | PUT /api/v1/adminbasicservice/adminbasic/trains","[Valid] v95","trainticket_twostage_test.TrainTicketTwoStageTest_1778271990929.Flow_Scenario_178","test_positive_flow_S178_v95","test_positive_flow_S178_v95","Microservice test scenario with 1 steps."
"passed","Sat May 09 01:49:00 CDT 2026","Sat May 09 01:49:13 CDT 2026","12973","ts-admin-basic-info-service","Flow_Scenario_3 | POST /api/v1/adminbasicservice/adminbasic/trains","[Fault: POST__api_v1_adminbasicservice_adminbasic_trains] SEMANTIC_MISMATCH (v151)","trainticket_twostage_test.TrainTicketTwoStageTest_1778271990929.Flow_Scenario_3","test_negative_flow_S3_v151_fault_Root1_SEMANTIC_MISMATCH","test_negative_flow_S3_v151_fault_Root1_SEMANTIC_MISMATCH","Microservice test scenario with 1 steps."
"passed","Sat May 09 00:50:02 CDT 2026","Sat May 09 00:50:15 CDT 2026","13739","ts-execute-service","Flow_Scenario_420 | GET /api/v1/executeservice/execute/execute/{orderId}","[Fault: GET__api_v1_executeservice_execute_execute__orderId_] SEMANTIC_MISMATCH (v26)","trainticket_twostage_test.TrainTicketTwoStageTest_1778271990929.Flow_Scenario_420","test_negative_flow_S420_v26_fault_Root1_SEMANTIC_MISMATCH","test_negative_flow_S420_v26_fault_Root1_SEMANTIC_MISMATCH","Microservice test scenario with 1 steps."
"passed","Sat May 09 00:40:32 CDT 2026","Sat May 09 00:40:37 CDT 2026","5113","ts-travel2-service","Flow_Scenario_749 | POST /api/v1/travel2service/trips/left","[Fault: POST__api_v1_travel2service_trips_left] SPECIAL_CHARACTERS (v134)","trainticket_twostage_test.TrainTicketTwoStageTest_1778271990929.Flow_Scenario_749","test_negative_flow_S749_v134_fault_Root1_SPECIAL_CHARACTERS","test_negative_flow_S749_v134_fault_Root1_SPECIAL_CHARACTERS","Microservice test scenario with 1 steps."
"failed","Fri May 08 23:58:28 CDT 2026","Fri May 08 23:58:41 CDT 2026","12815","ts-travel-plan-service","Flow_Scenario_276 | POST /api/v1/travelplanservice/travelPlan/cheapest","[Fault: POST__api_v1_travelplanservice_travelPlan_cheapest] SPECIAL_CHARACTERS (v62)","trainticket_twostage_test.TrainTicketTwoStageTest_1778271990929.Flow_Scenario_276","test_negative_flow_S276_v62_fault_Root1_SPECIAL_CHARACTERS","test_negative_flow_S276_v62_fault_Root1_SPECIAL_CHARACTERS","Microservice test scenario with 1 steps."
"failed","Sat May 09 01:03:57 CDT 2026","Sat May 09 01:04:11 CDT 2026","13380","ts-consign-service","Flow_Scenario_894 | GET /api/v1/consignservice/consigns/order/{id}","[Valid] v9","trainticket_twostage_test.TrainTicketTwoStageTest_1778271990929.Flow_Scenario_894","test_positive_flow_S894_v9","test_positive_flow_S894_v9","Microservice test scenario with 1 steps."
"passed","Fri May 08 23:44:04 CDT 2026","Fri May 08 23:44:13 CDT 2026","9203","ts-order-other-service","Flow_Scenario_475 | POST /api/v1/orderOtherService/orderOther/refresh","[Valid] v18","trainticket_twostage_test.TrainTicketTwoStageTest_1778271990929.Flow_Scenario_475","test_positive_flow_S475_v18","test_positive_flow_S475_v18","Microservice test scenario with 1 steps."
"passed","Fri May 08 23:24:32 CDT 2026","Fri May 08 23:24:41 CDT 2026","9242","ts-order-other-service","Flow_Scenario_475 | POST /api/v1/orderOtherService/orderOther/refresh","[Valid] v9","trainticket_twostage_test.TrainTicketTwoStageTest_1778271990929.Flow_Scenario_475","test_positive_flow_S475_v9","test_positive_flow_S475_v9","Microservice test scenario with 1 steps."
"passed","Sat May 09 00:43:20 CDT 2026","Sat May 09 00:43:29 CDT 2026","8695","ts-travel2-service","Flow_Scenario_749 | POST /api/v1/travel2service/trips/left","[Fault: POST__api_v1_travel2service_trips_left] SPECIAL_CHARACTERS (v118)","trainticket_twostage_test.TrainTicketTwoStageTest_1778271990929.Flow_Scenario_749","test_negative_flow_S749_v118_fault_Root1_SPECIAL_CHARACTERS","test_negative_flow_S749_v118_fault_Root1_SPECIAL_CHARACTERS","Microservice test scenario with 1 steps."
"failed","Sat May 09 00:46:16 CDT 2026","Sat May 09 00:46:21 CDT 2026","5087","ts-travel2-service","Flow_Scenario_749 | POST /api/v1/travel2service/trips/left","[Fault: POST__api_v1_travel2service_trips_left] TYPE_MISMATCH (v69)","trainticket_twostage_test.TrainTicketTwoStageTest_1778271990929.Flow_Scenario_749","test_negative_flow_S749_v69_fault_Root1_TYPE_MISMATCH","test_negative_flow_S749_v69_fault_Root1_TYPE_MISMATCH","Microservice test scenario with 1 steps."
"passed","Sat May 09 01:40:14 CDT 2026","Sat May 09 01:40:27 CDT 2026","13054","ts-admin-basic-info-service","Flow_Scenario_3 | POST /api/v1/adminbasicservice/adminbasic/trains","[Fault: POST__api_v1_adminbasicservice_adminbasic_trains] SEMANTIC_MISMATCH (v66)","trainticket_twostage_test.TrainTicketTwoStageTest_1778271990929.Flow_Scenario_3","test_negative_flow_S3_v66_fault_Root1_SEMANTIC_MISMATCH","test_negative_flow_S3_v66_fault_Root1_SEMANTIC_MISMATCH","Microservice test scenario with 1 steps."
"failed","Fri May 08 23:56:14 CDT 2026","Fri May 08 23:56:27 CDT 2026","13130","ts-travel-plan-service","Flow_Scenario_276 | POST /api/v1/travelplanservice/travelPlan/cheapest","[Valid] v5","trainticket_twostage_test.TrainTicketTwoStageTest_1778271990929.Flow_Scenario_276","test_positive_flow_S276_v5","test_positive_flow_S276_v5","Microservice test scenario with 1 steps."
"failed","Sat May 09 01:11:21 CDT 2026","Sat May 09 01:11:34 CDT 2026","12894","ts-consign-service","Flow_Scenario_894 | GET /api/v1/consignservice/consigns/order/{id}","[Valid] v15","trainticket_twostage_test.TrainTicketTwoStageTest_1778271990929.Flow_Scenario_894","test_positive_flow_S894_v15","test_positive_flow_S894_v15","Microservice test scenario with 1 steps."
"failed","Sat May 09 00:19:30 CDT 2026","Sat May 09 00:19:39 CDT 2026","9267","ts-admin-basic-info-service","Flow_Scenario_1040 | POST /api/v1/adminbasicservice/adminbasic/stations","[Valid] v11","trainticket_twostage_test.TrainTicketTwoStageTest_1778271990929.Flow_Scenario_1040","test_positive_flow_S1040_v11","test_positive_flow_S1040_v11","Microservice test scenario with 1 steps."
"passed","Sat May 09 00:03:13 CDT 2026","Sat May 09 00:03:22 CDT 2026","9274","ts-travel-plan-service","Flow_Scenario_276 | POST /api/v1/travelplanservice/travelPlan/cheapest","[Fault: POST__api_v1_travelplanservice_travelPlan_cheapest] SPECIAL_CHARACTERS (v46)","trainticket_twostage_test.TrainTicketTwoStageTest_1778271990929.Flow_Scenario_276","test_negative_flow_S276_v46_fault_Root1_SPECIAL_CHARACTERS","test_negative_flow_S276_v46_fault_Root1_SPECIAL_CHARACTERS","Microservice test scenario with 1 steps."
"passed","Fri May 08 23:44:22 CDT 2026","Fri May 08 23:44:27 CDT 2026","5051","ts-order-other-service","Flow_Scenario_475 | POST /api/v1/orderOtherService/orderOther/refresh","[Valid] v20","trainticket_twostage_test.TrainTicketTwoStageTest_1778271990929.Flow_Scenario_475","test_positive_flow_S475_v20","test_positive_flow_S475_v20","Microservice test scenario with 1 steps."
"failed","Sat May 09 02:09:29 CDT 2026","Sat May 09 02:09:42 CDT 2026","13415","ts-admin-basic-info-service","Flow_Scenario_3 | POST /api/v1/adminbasicservice/adminbasic/trains","[Valid] v16","trainticket_twostage_test.TrainTicketTwoStageTest_1778271990929.Flow_Scenario_3","test_positive_flow_S3_v16","test_positive_flow_S3_v16","Microservice test scenario with 1 steps."
"failed","Sat May 09 00:31:48 CDT 2026","Sat May 09 00:31:53 CDT 2026","5085","ts-travel2-service","Flow_Scenario_749 | POST /api/v1/travel2service/trips/left","[Fault: POST__api_v1_travel2service_trips_left] OVERFLOW (v29)","trainticket_twostage_test.TrainTicketTwoStageTest_1778271990929.Flow_Scenario_749","test_negative_flow_S749_v29_fault_Root1_OVERFLOW","test_negative_flow_S749_v29_fault_Root1_OVERFLOW","Microservice test scenario with 1 steps."
"failed","Sat May 09 00:34:33 CDT 2026","Sat May 09 00:34:38 CDT 2026","5098","ts-travel2-service","Flow_Scenario_749 | POST /api/v1/travel2service/trips/left","[Valid] v17","trainticket_twostage_test.TrainTicketTwoStageTest_1778271990929.Flow_Scenario_749","test_positive_flow_S749_v17","test_positive_flow_S749_v17","Microservice test scenario with 1 steps."
"passed","Sat May 09 00:47:38 CDT 2026","Sat May 09 00:47:49 CDT 2026","10155","ts-travel2-service","Flow_Scenario_749 | POST /api/v1/travel2service/trips/left","[Fault: POST__api_v1_travel2service_trips_left] TYPE_MISMATCH (v65)","trainticket_twostage_test.TrainTicketTwoStageTest_1778271990929.Flow_Scenario_749","test_negative_flow_S749_v65_fault_Root1_TYPE_MISMATCH","test_negative_flow_S749_v65_fault_Root1_TYPE_MISMATCH","Microservice test scenario with 1 steps."
"failed","Sat May 09 02:35:39 CDT 2026","Sat May 09 02:35:48 CDT 2026","8960","ts-admin-basic-info-service","Flow_Scenario_178 | PUT /api/v1/adminbasicservice/adminbasic/trains","[Explore 201]","trainticket_twostage_test.TrainTicketTwoStageTest_1778271990929.Flow_Scenario_178","test_positive_flow_S178_v1_explore_201","test_positive_flow_S178_v1_explore_201","Microservice test scenario with 1 steps."
"failed","Sat May 09 00:47:29 CDT 2026","Sat May 09 00:47:38 CDT 2026","9306","ts-travel2-service","Flow_Scenario_749 | POST /api/v1/travel2service/trips/left","[Fault: POST__api_v1_travel2service_trips_left] OVERFLOW (v21)","trainticket_twostage_test.TrainTicketTwoStageTest_1778271990929.Flow_Scenario_749","test_negative_flow_S749_v21_fault_Root1_OVERFLOW","test_negative_flow_S749_v21_fault_Root1_OVERFLOW","Microservice test scenario with 1 steps."
"passed","Sat May 09 00:53:39 CDT 2026","Sat May 09 00:53:53 CDT 2026","13691","ts-execute-service","Flow_Scenario_420 | GET /api/v1/executeservice/execute/execute/{orderId}","[Fault: GET__api_v1_executeservice_execute_execute__orderId_] NULL_INPUT (v55)","trainticket_twostage_test.TrainTicketTwoStageTest_1778271990929.Flow_Scenario_420","test_negative_flow_S420_v55_fault_Root1_NULL_INPUT","test_negative_flow_S420_v55_fault_Root1_NULL_INPUT","Microservice test scenario with 1 steps."
"failed","Sat May 09 01:02:16 CDT 2026","Sat May 09 01:02:28 CDT 2026","12455","ts-consign-service","Flow_Scenario_894 | GET /api/v1/consignservice/consigns/order/{id}","[Valid] v1","trainticket_twostage_test.TrainTicketTwoStageTest_1778271990929.Flow_Scenario_894","test_positive_flow_S894_v1","test_positive_flow_S894_v1","Microservice test scenario with 1 steps."
"failed","Sat May 09 02:17:49 CDT 2026","Sat May 09 02:17:58 CDT 2026","9141","ts-admin-basic-info-service","Flow_Scenario_178 | PUT /api/v1/adminbasicservice/adminbasic/trains","[Valid] v33","trainticket_twostage_test.TrainTicketTwoStageTest_1778271990929.Flow_Scenario_178","test_positive_flow_S178_v33","test_positive_flow_S178_v33","Microservice test scenario with 1 steps."
"failed","Fri May 08 23:50:28 CDT 2026","Fri May 08 23:50:33 CDT 2026","5047","ts-order-other-service","Flow_Scenario_475 | POST /api/v1/orderOtherService/orderOther/refresh","[Fault: POST__api_v1_orderOtherService_orderOther_refresh] SEMANTIC_MISMATCH (v221)","trainticket_twostage_test.TrainTicketTwoStageTest_1778271990929.Flow_Scenario_475","test_negative_flow_S475_v221_fault_Root1_SEMANTIC_MISMATCH","test_negative_flow_S475_v221_fault_Root1_SEMANTIC_MISMATCH","Microservice test scenario with 1 steps."
"passed","Sat May 09 01:23:18 CDT 2026","Sat May 09 01:23:31 CDT 2026","12991","ts-consign-service","Flow_Scenario_894 | GET /api/v1/consignservice/consigns/order/{id}","[Fault: GET__api_v1_consignservice_consigns_order__id_] SEMANTIC_MISMATCH (v61)","trainticket_twostage_test.TrainTicketTwoStageTest_1778271990929.Flow_Scenario_894","test_negative_flow_S894_v61_fault_Root1_SEMANTIC_MISMATCH","test_negative_flow_S894_v61_fault_Root1_SEMANTIC_MISMATCH","Microservice test scenario with 1 steps."
"failed","Fri May 08 23:20:52 CDT 2026","Fri May 08 23:21:01 CDT 2026","9143","ts-order-other-service","Flow_Scenario_475 | POST /api/v1/orderOtherService/orderOther/refresh","[Fault: POST__api_v1_orderOtherService_orderOther_refresh] OVERFLOW (v119)","trainticket_twostage_test.TrainTicketTwoStageTest_1778271990929.Flow_Scenario_475","test_negative_flow_S475_v119_fault_Root1_OVERFLOW","test_negative_flow_S475_v119_fault_Root1_OVERFLOW","Microservice test scenario with 1 steps."
"passed","Sat May 09 00:35:16 CDT 2026","Sat May 09 00:35:24 CDT 2026","8763","ts-travel2-service","Flow_Scenario_749 | POST /api/v1/travel2service/trips/left","[Fault: POST__api_v1_travel2service_trips_left] SEMANTIC_MISMATCH (v91)","trainticket_twostage_test.TrainTicketTwoStageTest_1778271990929.Flow_Scenario_749","test_negative_flow_S749_v91_fault_Root1_SEMANTIC_MISMATCH","test_negative_flow_S749_v91_fault_Root1_SEMANTIC_MISMATCH","Microservice test scenario with 1 steps."
"passed","Sat May 09 01:21:58 CDT 2026","Sat May 09 01:22:12 CDT 2026","14164","ts-consign-service","Flow_Scenario_894 | GET /api/v1/consignservice/consigns/order/{id}","[Fault: GET__api_v1_consignservice_consigns_order__id_] SPECIAL_CHARACTERS (v68)","trainticket_twostage_test.TrainTicketTwoStageTest_1778271990929.Flow_Scenario_894","test_negative_flow_S894_v68_fault_Root1_SPECIAL_CHARACTERS","test_negative_flow_S894_v68_fault_Root1_SPECIAL_CHARACTERS","Microservice test scenario with 1 steps."
"failed","Fri May 08 23:49:45 CDT 2026","Fri May 08 23:49:55 CDT 2026","9243","ts-order-other-service","Flow_Scenario_475 | POST /api/v1/orderOtherService/orderOther/refresh","[Fault: POST__api_v1_orderOtherService_orderOther_refresh] SPECIAL_CHARACTERS (v259)","trainticket_twostage_test.TrainTicketTwoStageTest_1778271990929.Flow_Scenario_475","test_negative_flow_S475_v259_fault_Root1_SPECIAL_CHARACTERS","test_negative_flow_S475_v259_fault_Root1_SPECIAL_CHARACTERS","Microservice test scenario with 1 steps."
"failed","Fri May 08 23:45:01 CDT 2026","Fri May 08 23:45:10 CDT 2026","9264","ts-order-other-service","Flow_Scenario_475 | POST /api/v1/orderOtherService/orderOther/refresh","[Fault: POST__api_v1_orderOtherService_orderOther_refresh] SEMANTIC_MISMATCH (v32)","trainticket_twostage_test.TrainTicketTwoStageTest_1778271990929.Flow_Scenario_475","test_negative_flow_S475_v32_fault_Root1_SEMANTIC_MISMATCH","test_negative_flow_S475_v32_fault_Root1_SEMANTIC_MISMATCH","Microservice test scenario with 1 steps."
"passed","Sat May 09 02:02:57 CDT 2026","Sat May 09 02:03:10 CDT 2026","13372","ts-admin-basic-info-service","Flow_Scenario_3 | POST /api/v1/adminbasicservice/adminbasic/trains","[Fault: POST__api_v1_adminbasicservice_adminbasic_trains] TYPE_MISMATCH (v84)","trainticket_twostage_test.TrainTicketTwoStageTest_1778271990929.Flow_Scenario_3","test_negative_flow_S3_v84_fault_Root1_TYPE_MISMATCH","test_negative_flow_S3_v84_fault_Root1_TYPE_MISMATCH","Microservice test scenario with 1 steps."
"failed","Sat May 09 01:28:57 CDT 2026","Sat May 09 01:29:10 CDT 2026","13390","ts-admin-basic-info-service","Flow_Scenario_994 | PUT /api/v1/adminbasicservice/adminbasic/stations","[Valid] v41","trainticket_twostage_test.TrainTicketTwoStageTest_1778271990929.Flow_Scenario_994","test_positive_flow_S994_v41","test_positive_flow_S994_v41","Microservice test scenario with 1 steps."
"failed","Sat May 09 02:21:57 CDT 2026","Sat May 09 02:22:11 CDT 2026","14496","ts-admin-basic-info-service","Flow_Scenario_178 | PUT /api/v1/adminbasicservice/adminbasic/trains","[Valid] v52","trainticket_twostage_test.TrainTicketTwoStageTest_1778271990929.Flow_Scenario_178","test_positive_flow_S178_v52","test_positive_flow_S178_v52","Microservice test scenario with 1 steps."
"passed","Fri May 08 23:26:55 CDT 2026","Fri May 08 23:27:05 CDT 2026","9226","ts-order-other-service","Flow_Scenario_475 | POST /api/v1/orderOtherService/orderOther/refresh","[Fault: POST__api_v1_orderOtherService_orderOther_refresh] TYPE_MISMATCH (v134)","trainticket_twostage_test.TrainTicketTwoStageTest_1778271990929.Flow_Scenario_475","test_negative_flow_S475_v134_fault_Root1_TYPE_MISMATCH","test_negative_flow_S475_v134_fault_Root1_TYPE_MISMATCH","Microservice test scenario with 1 steps."
"failed","Fri May 08 23:49:55 CDT 2026","Fri May 08 23:50:00 CDT 2026","5068","ts-order-other-service","Flow_Scenario_475 | POST /api/v1/orderOtherService/orderOther/refresh","[Fault: POST__api_v1_orderOtherService_orderOther_refresh] SPECIAL_CHARACTERS (v61)","trainticket_twostage_test.TrainTicketTwoStageTest_1778271990929.Flow_Scenario_475","test_negative_flow_S475_v61_fault_Root1_SPECIAL_CHARACTERS","test_negative_flow_S475_v61_fault_Root1_SPECIAL_CHARACTERS","Microservice test scenario with 1 steps."
"failed","Fri May 08 23:40:55 CDT 2026","Fri May 08 23:41:00 CDT 2026","5048","ts-order-other-service","Flow_Scenario_475 | POST /api/v1/orderOtherService/orderOther/refresh","[Fault: POST__api_v1_orderOtherService_orderOther_refresh] SPECIAL_CHARACTERS (v37)","trainticket_twostage_test.TrainTicketTwoStageTest_1778271990929.Flow_Scenario_475","test_negative_flow_S475_v37_fault_Root1_SPECIAL_CHARACTERS","test_negative_flow_S475_v37_fault_Root1_SPECIAL_CHARACTERS","Microservice test scenario with 1 steps."
"failed","Fri May 08 23:37:18 CDT 2026","Fri May 08 23:37:28 CDT 2026","10272","ts-order-other-service","Flow_Scenario_475 | POST /api/v1/orderOtherService/orderOther/refresh","[Fault: POST__api_v1_orderOtherService_orderOther_refresh] SEMANTIC_MISMATCH (v176)","trainticket_twostage_test.TrainTicketTwoStageTest_1778271990929.Flow_Scenario_475","test_negative_flow_S475_v176_fault_Root1_SEMANTIC_MISMATCH","test_negative_flow_S475_v176_fault_Root1_SEMANTIC_MISMATCH","Microservice test scenario with 1 steps."
"passed","Sat May 09 00:48:17 CDT 2026","Sat May 09 00:48:26 CDT 2026","9271","ts-travel2-service","Flow_Scenario_749 | POST /api/v1/travel2service/trips/left","[Fault: POST__api_v1_travel2service_trips_left] SEMANTIC_MISMATCH (v135)","trainticket_twostage_test.TrainTicketTwoStageTest_1778271990929.Flow_Scenario_749","test_negative_flow_S749_v135_fault_Root1_SEMANTIC_MISMATCH","test_negative_flow_S749_v135_fault_Root1_SEMANTIC_MISMATCH","Microservice test scenario with 1 steps."
"passed","Sat May 09 01:53:08 CDT 2026","Sat May 09 01:53:21 CDT 2026","13060","ts-admin-basic-info-service","Flow_Scenario_3 | POST /api/v1/adminbasicservice/adminbasic/trains","[Fault: POST__api_v1_adminbasicservice_adminbasic_trains] SEMANTIC_MISMATCH (v168)","trainticket_twostage_test.TrainTicketTwoStageTest_1778271990929.Flow_Scenario_3","test_negative_flow_S3_v168_fault_Root1_SEMANTIC_MISMATCH","test_negative_flow_S3_v168_fault_Root1_SEMANTIC_MISMATCH","Microservice test scenario with 1 steps."
"failed","Fri May 08 23:34:19 CDT 2026","Fri May 08 23:34:24 CDT 2026","5045","ts-order-other-service","Flow_Scenario_475 | POST /api/v1/orderOtherService/orderOther/refresh","[Fault: POST__api_v1_orderOtherService_orderOther_refresh] TYPE_MISMATCH (v166)","trainticket_twostage_test.TrainTicketTwoStageTest_1778271990929.Flow_Scenario_475","test_negative_flow_S475_v166_fault_Root1_TYPE_MISMATCH","test_negative_flow_S475_v166_fault_Root1_TYPE_MISMATCH","Microservice test scenario with 1 steps."
"passed","Sat May 09 02:06:27 CDT 2026","Sat May 09 02:06:40 CDT 2026","13099","ts-admin-basic-info-service","Flow_Scenario_3 | POST /api/v1/adminbasicservice/adminbasic/trains","[Fault: POST__api_v1_adminbasicservice_adminbasic_trains] SPECIAL_CHARACTERS (v174)","trainticket_twostage_test.TrainTicketTwoStageTest_1778271990929.Flow_Scenario_3","test_negative_flow_S3_v174_fault_Root1_SPECIAL_CHARACTERS","test_negative_flow_S3_v174_fault_Root1_SPECIAL_CHARACTERS","Microservice test scenario with 1 steps."
"failed","Sat May 09 01:23:31 CDT 2026","Sat May 09 01:23:44 CDT 2026","12743","ts-admin-basic-info-service","Flow_Scenario_994 | PUT /api/v1/adminbasicservice/adminbasic/stations","[Valid] v1","trainticket_twostage_test.TrainTicketTwoStageTest_1778271990929.Flow_Scenario_994","test_positive_flow_S994_v1","test_positive_flow_S994_v1","Microservice test scenario with 1 steps."
"passed","Sat May 09 01:56:25 CDT 2026","Sat May 09 01:56:38 CDT 2026","12824","ts-admin-basic-info-service","Flow_Scenario_3 | POST /api/v1/adminbasicservice/adminbasic/trains","[Fault: POST__api_v1_adminbasicservice_adminbasic_trains] TYPE_MISMATCH (v146)","trainticket_twostage_test.TrainTicketTwoStageTest_1778271990929.Flow_Scenario_3","test_negative_flow_S3_v146_fault_Root1_TYPE_MISMATCH","test_negative_flow_S3_v146_fault_Root1_TYPE_MISMATCH","Microservice test scenario with 1 steps."
"failed","Sat May 09 02:30:13 CDT 2026","Sat May 09 02:30:22 CDT 2026","8987","ts-admin-basic-info-service","Flow_Scenario_178 | PUT /api/v1/adminbasicservice/adminbasic/trains","[Valid] v91","trainticket_twostage_test.TrainTicketTwoStageTest_1778271990929.Flow_Scenario_178","test_positive_flow_S178_v91","test_positive_flow_S178_v91","Microservice test scenario with 1 steps."
"failed","Sat May 09 02:32:45 CDT 2026","Sat May 09 02:33:01 CDT 2026","15056","ts-admin-basic-info-service","Flow_Scenario_178 | PUT /api/v1/adminbasicservice/adminbasic/trains","[Valid] v5","trainticket_twostage_test.TrainTicketTwoStageTest_1778271990929.Flow_Scenario_178","test_positive_flow_S178_v5","test_positive_flow_S178_v5","Microservice test scenario with 1 steps."
"failed","Fri May 08 23:55:34 CDT 2026","Fri May 08 23:55:43 CDT 2026","8557","ts-travel-plan-service","Flow_Scenario_276 | POST /api/v1/travelplanservice/travelPlan/cheapest","[Valid] v1","trainticket_twostage_test.TrainTicketTwoStageTest_1778271990929.Flow_Scenario_276","test_positive_flow_S276_v1","test_positive_flow_S276_v1","Microservice test scenario with 1 steps."
"failed","Sat May 09 00:20:22 CDT 2026","Sat May 09 00:20:30 CDT 2026","8293","ts-admin-basic-info-service","Flow_Scenario_1040 | POST /api/v1/adminbasicservice/adminbasic/stations","[Valid] v16","trainticket_twostage_test.TrainTicketTwoStageTest_1778271990929.Flow_Scenario_1040","test_positive_flow_S1040_v16","test_positive_flow_S1040_v16","Microservice test scenario with 1 steps."
"passed","Sat May 09 01:54:00 CDT 2026","Sat May 09 01:54:13 CDT 2026","12984","ts-admin-basic-info-service","Flow_Scenario_3 | POST /api/v1/adminbasicservice/adminbasic/trains","[Fault: POST__api_v1_adminbasicservice_adminbasic_trains] OVERFLOW (v144)","trainticket_twostage_test.TrainTicketTwoStageTest_1778271990929.Flow_Scenario_3","test_negative_flow_S3_v144_fault_Root1_OVERFLOW","test_negative_flow_S3_v144_fault_Root1_OVERFLOW","Microservice test scenario with 1 steps."
"failed","Fri May 08 23:36:20 CDT 2026","Fri May 08 23:36:25 CDT 2026","5047","ts-order-other-service","Flow_Scenario_475 | POST /api/v1/orderOtherService/orderOther/refresh","[Fault: POST__api_v1_orderOtherService_orderOther_refresh] SEMANTIC_MISMATCH (v195)","trainticket_twostage_test.TrainTicketTwoStageTest_1778271990929.Flow_Scenario_475","test_negative_flow_S475_v195_fault_Root1_SEMANTIC_MISMATCH","test_negative_flow_S475_v195_fault_Root1_SEMANTIC_MISMATCH","Microservice test scenario with 1 steps."
"passed","Sat May 09 00:14:39 CDT 2026","Sat May 09 00:14:49 CDT 2026","9158","ts-travel-plan-service","Flow_Scenario_276 | POST /api/v1/travelplanservice/travelPlan/cheapest","[Fault: POST__api_v1_travelplanservice_travelPlan_cheapest] SPECIAL_CHARACTERS (v98)","trainticket_twostage_test.TrainTicketTwoStageTest_1778271990929.Flow_Scenario_276","test_negative_flow_S276_v98_fault_Root1_SPECIAL_CHARACTERS","test_negative_flow_S276_v98_fault_Root1_SPECIAL_CHARACTERS","Microservice test scenario with 1 steps."
"failed","Fri May 08 23:28:55 CDT 2026","Fri May 08 23:29:00 CDT 2026","5049","ts-order-other-service","Flow_Scenario_475 | POST /api/v1/orderOtherService/orderOther/refresh","[Fault: POST__api_v1_orderOtherService_orderOther_refresh] TYPE_MISMATCH (v73)","trainticket_twostage_test.TrainTicketTwoStageTest_1778271990929.Flow_Scenario_475","test_negative_flow_S475_v73_fault_Root1_TYPE_MISMATCH","test_negative_flow_S475_v73_fault_Root1_TYPE_MISMATCH","Microservice test scenario with 1 steps."
"passed","Fri May 08 23:40:18 CDT 2026","Fri May 08 23:40:27 CDT 2026","9198","ts-order-other-service","Flow_Scenario_475 | POST /api/v1/orderOtherService/orderOther/refresh","[Fault: POST__api_v1_orderOtherService_orderOther_refresh] TYPE_MISMATCH (v225)","trainticket_twostage_test.TrainTicketTwoStageTest_1778271990929.Flow_Scenario_475","test_negative_flow_S475_v225_fault_Root1_TYPE_MISMATCH","test_negative_flow_S475_v225_fault_Root1_TYPE_MISMATCH","Microservice test scenario with 1 steps."
"passed","Sat May 09 01:57:05 CDT 2026","Sat May 09 01:57:19 CDT 2026","13372","ts-admin-basic-info-service","Flow_Scenario_3 | POST /api/v1/adminbasicservice/adminbasic/trains","[Fault: POST__api_v1_adminbasicservice_adminbasic_trains] SEMANTIC_MISMATCH (v41)","trainticket_twostage_test.TrainTicketTwoStageTest_1778271990929.Flow_Scenario_3","test_negative_flow_S3_v41_fault_Root1_SEMANTIC_MISMATCH","test_negative_flow_S3_v41_fault_Root1_SEMANTIC_MISMATCH","Microservice test scenario with 1 steps."
"failed","Sat May 09 02:39:37 CDT 2026","Sat May 09 02:39:50 CDT 2026","13596","ts-admin-travel-service","Flow_Scenario_1088 | DELETE /api/v1/admintravelservice/admintravel/{tripId}","[Valid] v1","trainticket_twostage_test.TrainTicketTwoStageTest_1778271990929.Flow_Scenario_1088","test_positive_flow_S1088_v1","test_positive_flow_S1088_v1","Microservice test scenario with 1 steps."
"failed","Sat May 09 02:00:08 CDT 2026","Sat May 09 02:00:21 CDT 2026","12826","ts-admin-basic-info-service","Flow_Scenario_3 | POST /api/v1/adminbasicservice/adminbasic/trains","[Valid] v6","trainticket_twostage_test.TrainTicketTwoStageTest_1778271990929.Flow_Scenario_3","test_positive_flow_S3_v6","test_positive_flow_S3_v6","Microservice test scenario with 1 steps."
"failed","Fri May 08 23:32:49 CDT 2026","Fri May 08 23:32:58 CDT 2026","9230","ts-order-other-service","Flow_Scenario_475 | POST /api/v1/orderOtherService/orderOther/refresh","[Fault: POST__api_v1_orderOtherService_orderOther_refresh] SPECIAL_CHARACTERS (v191)","trainticket_twostage_test.TrainTicketTwoStageTest_1778271990929.Flow_Scenario_475","test_negative_flow_S475_v191_fault_Root1_SPECIAL_CHARACTERS","test_negative_flow_S475_v191_fault_Root1_SPECIAL_CHARACTERS","Microservice test scenario with 1 steps."
"passed","Sat May 09 01:33:30 CDT 2026","Sat May 09 01:33:42 CDT 2026","12640","ts-admin-basic-info-service","Flow_Scenario_3 | POST /api/v1/adminbasicservice/adminbasic/trains","[Fault: POST__api_v1_adminbasicservice_adminbasic_trains] SPECIAL_CHARACTERS (v105)","trainticket_twostage_test.TrainTicketTwoStageTest_1778271990929.Flow_Scenario_3","test_negative_flow_S3_v105_fault_Root1_SPECIAL_CHARACTERS","test_negative_flow_S3_v105_fault_Root1_SPECIAL_CHARACTERS","Microservice test scenario with 1 steps."
"passed","Sat May 09 01:36:19 CDT 2026","Sat May 09 01:36:33 CDT 2026","13366","ts-admin-basic-info-service","Flow_Scenario_3 | POST /api/v1/adminbasicservice/adminbasic/trains","[Fault: POST__api_v1_adminbasicservice_adminbasic_trains] OVERFLOW (v45)","trainticket_twostage_test.TrainTicketTwoStageTest_1778271990929.Flow_Scenario_3","test_negative_flow_S3_v45_fault_Root1_OVERFLOW","test_negative_flow_S3_v45_fault_Root1_OVERFLOW","Microservice test scenario with 1 steps."
"passed","Sat May 09 02:04:55 CDT 2026","Sat May 09 02:05:09 CDT 2026","13532","ts-admin-basic-info-service","Flow_Scenario_3 | POST /api/v1/adminbasicservice/adminbasic/trains","[Fault: POST__api_v1_adminbasicservice_adminbasic_trains] SEMANTIC_MISMATCH (v81)","trainticket_twostage_test.TrainTicketTwoStageTest_1778271990929.Flow_Scenario_3","test_negative_flow_S3_v81_fault_Root1_SEMANTIC_MISMATCH","test_negative_flow_S3_v81_fault_Root1_SEMANTIC_MISMATCH","Microservice test scenario with 1 steps."
"failed","Sat May 09 01:11:59 CDT 2026","Sat May 09 01:12:15 CDT 2026","16534","ts-consign-service","Flow_Scenario_894 | GET /api/v1/consignservice/consigns/order/{id}","[Valid] v18","trainticket_twostage_test.TrainTicketTwoStageTest_1778271990929.Flow_Scenario_894","test_positive_flow_S894_v18","test_positive_flow_S894_v18","Microservice test scenario with 1 steps."
"passed","Sat May 09 00:57:15 CDT 2026","Sat May 09 00:57:28 CDT 2026","13244","ts-execute-service","Flow_Scenario_420 | GET /api/v1/executeservice/execute/execute/{orderId}","[Fault: GET__api_v1_executeservice_execute_execute__orderId_] SPECIAL_CHARACTERS (v73)","trainticket_twostage_test.TrainTicketTwoStageTest_1778271990929.Flow_Scenario_420","test_negative_flow_S420_v73_fault_Root1_SPECIAL_CHARACTERS","test_negative_flow_S420_v73_fault_Root1_SPECIAL_CHARACTERS","Microservice test scenario with 1 steps."
"failed","Sat May 09 00:25:34 CDT 2026","Sat May 09 00:25:42 CDT 2026","8343","ts-admin-basic-info-service","Flow_Scenario_1040 | POST /api/v1/adminbasicservice/adminbasic/stations","[Valid] v96","trainticket_twostage_test.TrainTicketTwoStageTest_1778271990929.Flow_Scenario_1040","test_positive_flow_S1040_v96","test_positive_flow_S1040_v96","Microservice test scenario with 1 steps."
"passed","Sat May 09 01:34:09 CDT 2026","Sat May 09 01:34:24 CDT 2026","14745","ts-admin-basic-info-service","Flow_Scenario_3 | POST /api/v1/adminbasicservice/adminbasic/trains","[Fault: POST__api_v1_adminbasicservice_adminbasic_trains] SEMANTIC_MISMATCH (v119)","trainticket_twostage_test.TrainTicketTwoStageTest_1778271990929.Flow_Scenario_3","test_negative_flow_S3_v119_fault_Root1_SEMANTIC_MISMATCH","test_negative_flow_S3_v119_fault_Root1_SEMANTIC_MISMATCH","Microservice test scenario with 1 steps."
"passed","Sat May 09 00:42:17 CDT 2026","Sat May 09 00:42:26 CDT 2026","9256","ts-travel2-service","Flow_Scenario_749 | POST /api/v1/travel2service/trips/left","[Fault: POST__api_v1_travel2service_trips_left] SPECIAL_CHARACTERS (v92)","trainticket_twostage_test.TrainTicketTwoStageTest_1778271990929.Flow_Scenario_749","test_negative_flow_S749_v92_fault_Root1_SPECIAL_CHARACTERS","test_negative_flow_S749_v92_fault_Root1_SPECIAL_CHARACTERS","Microservice test scenario with 1 steps."
"failed","Sat May 09 00:02:01 CDT 2026","Sat May 09 00:02:16 CDT 2026","14397","ts-travel-plan-service","Flow_Scenario_276 | POST /api/v1/travelplanservice/travelPlan/cheapest","[Valid] v15","trainticket_twostage_test.TrainTicketTwoStageTest_1778271990929.Flow_Scenario_276","test_positive_flow_S276_v15","test_positive_flow_S276_v15","Microservice test scenario with 1 steps."
"failed","Sat May 09 00:35:24 CDT 2026","Sat May 09 00:35:37 CDT 2026","12673","ts-travel2-service","Flow_Scenario_749 | POST /api/v1/travel2service/trips/left","[Fault: POST__api_v1_travel2service_trips_left] OVERFLOW (v33)","trainticket_twostage_test.TrainTicketTwoStageTest_1778271990929.Flow_Scenario_749","test_negative_flow_S749_v33_fault_Root1_OVERFLOW","test_negative_flow_S749_v33_fault_Root1_OVERFLOW","Microservice test scenario with 1 steps."
"failed","Sat May 09 00:30:46 CDT 2026","Sat May 09 00:30:51 CDT 2026","5100","ts-travel2-service","Flow_Scenario_749 | POST /api/v1/travel2service/trips/left","[Valid] v7","trainticket_twostage_test.TrainTicketTwoStageTest_1778271990929.Flow_Scenario_749","test_positive_flow_S749_v7","test_positive_flow_S749_v7","Microservice test scenario with 1 steps."
"failed","Sat May 09 00:33:00 CDT 2026","Sat May 09 00:33:14 CDT 2026","14122","ts-travel2-service","Flow_Scenario_749 | POST /api/v1/travel2service/trips/left","[Fault: POST__api_v1_travel2service_trips_left] TYPE_MISMATCH (v31)","trainticket_twostage_test.TrainTicketTwoStageTest_1778271990929.Flow_Scenario_749","test_negative_flow_S749_v31_fault_Root1_TYPE_MISMATCH","test_negative_flow_S749_v31_fault_Root1_TYPE_MISMATCH","Microservice test scenario with 1 steps."
"failed","Fri May 08 23:38:08 CDT 2026","Fri May 08 23:38:18 CDT 2026","9250","ts-order-other-service","Flow_Scenario_475 | POST /api/v1/orderOtherService/orderOther/refresh","[Fault: POST__api_v1_orderOtherService_orderOther_refresh] SPECIAL_CHARACTERS (v124)","trainticket_twostage_test.TrainTicketTwoStageTest_1778271990929.Flow_Scenario_475","test_negative_flow_S475_v124_fault_Root1_SPECIAL_CHARACTERS","test_negative_flow_S475_v124_fault_Root1_SPECIAL_CHARACTERS","Microservice test scenario with 1 steps."
"failed","Sat May 09 02:38:18 CDT 2026","Sat May 09 02:38:31 CDT 2026","13262","ts-admin-travel-service","Flow_Scenario_1088 | DELETE /api/v1/admintravelservice/admintravel/{tripId}","[Valid] v48","trainticket_twostage_test.TrainTicketTwoStageTest_1778271990929.Flow_Scenario_1088","test_positive_flow_S1088_v48","test_positive_flow_S1088_v48","Microservice test scenario with 1 steps."
"passed","Fri May 08 23:24:22 CDT 2026","Fri May 08 23:24:32 CDT 2026","9345","ts-order-other-service","Flow_Scenario_475 | POST /api/v1/orderOtherService/orderOther/refresh","[Valid] v8","trainticket_twostage_test.TrainTicketTwoStageTest_1778271990929.Flow_Scenario_475","test_positive_flow_S475_v8","test_positive_flow_S475_v8","Microservice test scenario with 1 steps."
"passed","Fri May 08 23:21:24 CDT 2026","Fri May 08 23:21:29 CDT 2026","5043","ts-order-other-service","Flow_Scenario_475 | POST /api/v1/orderOtherService/orderOther/refresh","[Fault: POST__api_v1_orderOtherService_orderOther_refresh] TYPE_MISMATCH (v154)","trainticket_twostage_test.TrainTicketTwoStageTest_1778271990929.Flow_Scenario_475","test_negative_flow_S475_v154_fault_Root1_TYPE_MISMATCH","test_negative_flow_S475_v154_fault_Root1_TYPE_MISMATCH","Microservice test scenario with 1 steps."
"passed","Sat May 09 01:35:53 CDT 2026","Sat May 09 01:36:07 CDT 2026","13506","ts-admin-basic-info-service","Flow_Scenario_3 | POST /api/v1/adminbasicservice/adminbasic/trains","[Fault: POST__api_v1_adminbasicservice_adminbasic_trains] SEMANTIC_MISMATCH (v139)","trainticket_twostage_test.TrainTicketTwoStageTest_1778271990929.Flow_Scenario_3","test_negative_flow_S3_v139_fault_Root1_SEMANTIC_MISMATCH","test_negative_flow_S3_v139_fault_Root1_SEMANTIC_MISMATCH","Microservice test scenario with 1 steps."
"passed","Sat May 09 01:09:48 CDT 2026","Sat May 09 01:10:01 CDT 2026","13812","ts-consign-service","Flow_Scenario_894 | GET /api/v1/consignservice/consigns/order/{id}","[Fault: GET__api_v1_consignservice_consigns_order__id_] TYPE_MISMATCH (v48)","trainticket_twostage_test.TrainTicketTwoStageTest_1778271990929.Flow_Scenario_894","test_negative_flow_S894_v48_fault_Root1_TYPE_MISMATCH","test_negative_flow_S894_v48_fault_Root1_TYPE_MISMATCH","Microservice test scenario with 1 steps."
"passed","Sat May 09 00:55:28 CDT 2026","Sat May 09 00:55:40 CDT 2026","12474","ts-execute-service","Flow_Scenario_420 | GET /api/v1/executeservice/execute/execute/{orderId}","[Fault: GET__api_v1_executeservice_execute_execute__orderId_] SEMANTIC_MISMATCH (v54)","trainticket_twostage_test.TrainTicketTwoStageTest_1778271990929.Flow_Scenario_420","test_negative_flow_S420_v54_fault_Root1_SEMANTIC_MISMATCH","test_negative_flow_S420_v54_fault_Root1_SEMANTIC_MISMATCH","Microservice test scenario with 1 steps."
"passed","Sat May 09 00:07:42 CDT 2026","Sat May 09 00:07:55 CDT 2026","12973","ts-travel-plan-service","Flow_Scenario_276 | POST /api/v1/travelplanservice/travelPlan/cheapest","[Fault: POST__api_v1_travelplanservice_travelPlan_cheapest] SEMANTIC_MISMATCH (v81)","trainticket_twostage_test.TrainTicketTwoStageTest_1778271990929.Flow_Scenario_276","test_negative_flow_S276_v81_fault_Root1_SEMANTIC_MISMATCH","test_negative_flow_S276_v81_fault_Root1_SEMANTIC_MISMATCH","Microservice test scenario with 1 steps."
"passed","Sat May 09 02:01:15 CDT 2026","Sat May 09 02:01:29 CDT 2026","13843","ts-admin-basic-info-service","Flow_Scenario_3 | POST /api/v1/adminbasicservice/adminbasic/trains","[Fault: POST__api_v1_adminbasicservice_adminbasic_trains] OVERFLOW (v114)","trainticket_twostage_test.TrainTicketTwoStageTest_1778271990929.Flow_Scenario_3","test_negative_flow_S3_v114_fault_Root1_OVERFLOW","test_negative_flow_S3_v114_fault_Root1_OVERFLOW","Microservice test scenario with 1 steps."
"passed","Sat May 09 00:03:03 CDT 2026","Sat May 09 00:03:13 CDT 2026","9428","ts-travel-plan-service","Flow_Scenario_276 | POST /api/v1/travelplanservice/travelPlan/cheapest","[Fault: POST__api_v1_travelplanservice_travelPlan_cheapest] SEMANTIC_MISMATCH (v36)","trainticket_twostage_test.TrainTicketTwoStageTest_1778271990929.Flow_Scenario_276","test_negative_flow_S276_v36_fault_Root1_SEMANTIC_MISMATCH","test_negative_flow_S276_v36_fault_Root1_SEMANTIC_MISMATCH","Microservice test scenario with 1 steps."
"passed","Sat May 09 00:38:20 CDT 2026","Sat May 09 00:38:26 CDT 2026","5087","ts-travel2-service","Flow_Scenario_749 | POST /api/v1/travel2service/trips/left","[Fault: POST__api_v1_travel2service_trips_left] SPECIAL_CHARACTERS (v110)","trainticket_twostage_test.TrainTicketTwoStageTest_1778271990929.Flow_Scenario_749","test_negative_flow_S749_v110_fault_Root1_SPECIAL_CHARACTERS","test_negative_flow_S749_v110_fault_Root1_SPECIAL_CHARACTERS","Microservice test scenario with 1 steps."
"failed","Sat May 09 02:09:55 CDT 2026","Sat May 09 02:10:07 CDT 2026","12536","ts-admin-basic-info-service","Flow_Scenario_3 | POST /api/v1/adminbasicservice/adminbasic/trains","[Valid] v18","trainticket_twostage_test.TrainTicketTwoStageTest_1778271990929.Flow_Scenario_3","test_positive_flow_S3_v18","test_positive_flow_S3_v18","Microservice test scenario with 1 steps."
"failed","Sat May 09 02:16:55 CDT 2026","Sat May 09 02:17:08 CDT 2026","12962","ts-admin-basic-info-service","Flow_Scenario_178 | PUT /api/v1/adminbasicservice/adminbasic/trains","[Valid] v29","trainticket_twostage_test.TrainTicketTwoStageTest_1778271990929.Flow_Scenario_178","test_positive_flow_S178_v29","test_positive_flow_S178_v29","Microservice test scenario with 1 steps."
"passed","Sat May 09 01:18:56 CDT 2026","Sat May 09 01:19:10 CDT 2026","13278","ts-consign-service","Flow_Scenario_894 | GET /api/v1/consignservice/consigns/order/{id}","[Fault: GET__api_v1_consignservice_consigns_order__id_] SPECIAL_CHARACTERS (v62)","trainticket_twostage_test.TrainTicketTwoStageTest_1778271990929.Flow_Scenario_894","test_negative_flow_S894_v62_fault_Root1_SPECIAL_CHARACTERS","test_negative_flow_S894_v62_fault_Root1_SPECIAL_CHARACTERS","Microservice test scenario with 1 steps."
"failed","Fri May 08 23:53:40 CDT 2026","Fri May 08 23:53:51 CDT 2026","10466","ts-order-other-service","Flow_Scenario_475 | POST /api/v1/orderOtherService/orderOther/refresh","[Fault: POST__api_v1_orderOtherService_orderOther_refresh] SEMANTIC_MISMATCH (v36)","trainticket_twostage_test.TrainTicketTwoStageTest_1778271990929.Flow_Scenario_475","test_negative_flow_S475_v36_fault_Root1_SEMANTIC_MISMATCH","test_negative_flow_S475_v36_fault_Root1_SEMANTIC_MISMATCH","Microservice test scenario with 1 steps."
"failed","Sat May 09 02:22:24 CDT 2026","Sat May 09 02:22:37 CDT 2026","12843","ts-admin-basic-info-service","Flow_Scenario_178 | PUT /api/v1/adminbasicservice/adminbasic/trains","[Valid] v54","trainticket_twostage_test.TrainTicketTwoStageTest_1778271990929.Flow_Scenario_178","test_positive_flow_S178_v54","test_positive_flow_S178_v54","Microservice test scenario with 1 steps."
"passed","Sat May 09 01:07:58 CDT 2026","Sat May 09 01:08:13 CDT 2026","15194","ts-consign-service","Flow_Scenario_894 | GET /api/v1/consignservice/consigns/order/{id}","[Fault: GET__api_v1_consignservice_consigns_order__id_] NULL_INPUT (v55)","trainticket_twostage_test.TrainTicketTwoStageTest_1778271990929.Flow_Scenario_894","test_negative_flow_S894_v55_fault_Root1_NULL_INPUT","test_negative_flow_S894_v55_fault_Root1_NULL_INPUT","Microservice test scenario with 1 steps."
"passed","Sat May 09 01:21:16 CDT 2026","Sat May 09 01:21:29 CDT 2026","13187","ts-consign-service","Flow_Scenario_894 | GET /api/v1/consignservice/consigns/order/{id}","[Fault: GET__api_v1_consignservice_consigns_order__id_] NULL_INPUT (v45)","trainticket_twostage_test.TrainTicketTwoStageTest_1778271990929.Flow_Scenario_894","test_negative_flow_S894_v45_fault_Root1_NULL_INPUT","test_negative_flow_S894_v45_fault_Root1_NULL_INPUT","Microservice test scenario with 1 steps."
"failed","Fri May 08 23:22:32 CDT 2026","Fri May 08 23:22:37 CDT 2026","5040","ts-order-other-service","Flow_Scenario_475 | POST /api/v1/orderOtherService/orderOther/refresh","[Fault: POST__api_v1_orderOtherService_orderOther_refresh] SPECIAL_CHARACTERS (v105)","trainticket_twostage_test.TrainTicketTwoStageTest_1778271990929.Flow_Scenario_475","test_negative_flow_S475_v105_fault_Root1_SPECIAL_CHARACTERS","test_negative_flow_S475_v105_fault_Root1_SPECIAL_CHARACTERS","Microservice test scenario with 1 steps."
"failed","Sat May 09 02:14:04 CDT 2026","Sat May 09 02:14:17 CDT 2026","12659","ts-admin-basic-info-service","Flow_Scenario_178 | PUT /api/v1/adminbasicservice/adminbasic/trains","[Valid] v16","trainticket_twostage_test.TrainTicketTwoStageTest_1778271990929.Flow_Scenario_178","test_positive_flow_S178_v16","test_positive_flow_S178_v16","Microservice test scenario with 1 steps."
"passed","Fri May 08 23:38:23 CDT 2026","Fri May 08 23:38:32 CDT 2026","9228","ts-order-other-service","Flow_Scenario_475 | POST /api/v1/orderOtherService/orderOther/refresh","[Fault: POST__api_v1_orderOtherService_orderOther_refresh] SEMANTIC_MISMATCH (v232)","trainticket_twostage_test.TrainTicketTwoStageTest_1778271990929.Flow_Scenario_475","test_negative_flow_S475_v232_fault_Root1_SEMANTIC_MISMATCH","test_negative_flow_S475_v232_fault_Root1_SEMANTIC_MISMATCH","Microservice test scenario with 1 steps."
"failed","Sat May 09 00:22:27 CDT 2026","Sat May 09 00:22:39 CDT 2026","11985","ts-admin-basic-info-service","Flow_Scenario_1040 | POST /api/v1/adminbasicservice/adminbasic/stations","[Valid] v29","trainticket_twostage_test.TrainTicketTwoStageTest_1778271990929.Flow_Scenario_1040","test_positive_flow_S1040_v29","test_positive_flow_S1040_v29","Microservice test scenario with 1 steps."
"failed","Fri May 08 23:32:00 CDT 2026","Fri May 08 23:32:09 CDT 2026","9282","ts-order-other-service","Flow_Scenario_475 | POST /api/v1/orderOtherService/orderOther/refresh","[Fault: POST__api_v1_orderOtherService_orderOther_refresh] SPECIAL_CHARACTERS (v80)","trainticket_twostage_test.TrainTicketTwoStageTest_1778271990929.Flow_Scenario_475","test_negative_flow_S475_v80_fault_Root1_SPECIAL_CHARACTERS","test_negative_flow_S475_v80_fault_Root1_SPECIAL_CHARACTERS","Microservice test scenario with 1 steps."
"failed","Sat May 09 00:02:16 CDT 2026","Sat May 09 00:02:27 CDT 2026","11184","ts-travel-plan-service","Flow_Scenario_276 | POST /api/v1/travelplanservice/travelPlan/cheapest","[Valid] v16","trainticket_twostage_test.TrainTicketTwoStageTest_1778271990929.Flow_Scenario_276","test_positive_flow_S276_v16","test_positive_flow_S276_v16","Microservice test scenario with 1 steps."
"passed","Fri May 08 23:24:17 CDT 2026","Fri May 08 23:24:22 CDT 2026","5052","ts-order-other-service","Flow_Scenario_475 | POST /api/v1/orderOtherService/orderOther/refresh","[Valid] v7","trainticket_twostage_test.TrainTicketTwoStageTest_1778271990929.Flow_Scenario_475","test_positive_flow_S475_v7","test_positive_flow_S475_v7","Microservice test scenario with 1 steps."
"failed","Fri May 08 23:33:36 CDT 2026","Fri May 08 23:33:45 CDT 2026","9225","ts-order-other-service","Flow_Scenario_475 | POST /api/v1/orderOtherService/orderOther/refresh","[Fault: POST__api_v1_orderOtherService_orderOther_refresh] SPECIAL_CHARACTERS (v151)","trainticket_twostage_test.TrainTicketTwoStageTest_1778271990929.Flow_Scenario_475","test_negative_flow_S475_v151_fault_Root1_SPECIAL_CHARACTERS","test_negative_flow_S475_v151_fault_Root1_SPECIAL_CHARACTERS","Microservice test scenario with 1 steps."
"passed","Fri May 08 23:34:48 CDT 2026","Fri May 08 23:34:53 CDT 2026","5049","ts-order-other-service","Flow_Scenario_475 | POST /api/v1/orderOtherService/orderOther/refresh","[Fault: POST__api_v1_orderOtherService_orderOther_refresh] TYPE_MISMATCH (v214)","trainticket_twostage_test.TrainTicketTwoStageTest_1778271990929.Flow_Scenario_475","test_negative_flow_S475_v214_fault_Root1_TYPE_MISMATCH","test_negative_flow_S475_v214_fault_Root1_TYPE_MISMATCH","Microservice test scenario with 1 steps."
"passed","Sat May 09 00:59:16 CDT 2026","Sat May 09 00:59:29 CDT 2026","12596","ts-execute-service","Flow_Scenario_420 | GET /api/v1/executeservice/execute/execute/{orderId}","[Fault: GET__api_v1_executeservice_execute_execute__orderId_] NULL_INPUT (v22)","trainticket_twostage_test.TrainTicketTwoStageTest_1778271990929.Flow_Scenario_420","test_negative_flow_S420_v22_fault_Root1_NULL_INPUT","test_negative_flow_S420_v22_fault_Root1_NULL_INPUT","Microservice test scenario with 1 steps."
"failed","Sat May 09 01:26:34 CDT 2026","Sat May 09 01:26:47 CDT 2026","13471","ts-admin-basic-info-service","Flow_Scenario_994 | PUT /api/v1/adminbasicservice/adminbasic/stations","[Valid] v16","trainticket_twostage_test.TrainTicketTwoStageTest_1778271990929.Flow_Scenario_994","test_positive_flow_S994_v16","test_positive_flow_S994_v16","Microservice test scenario with 1 steps."
"failed","Sat May 09 01:23:57 CDT 2026","Sat May 09 01:24:10 CDT 2026","13192","ts-admin-basic-info-service","Flow_Scenario_994 | PUT /api/v1/adminbasicservice/adminbasic/stations","[Valid] v3","trainticket_twostage_test.TrainTicketTwoStageTest_1778271990929.Flow_Scenario_994","test_positive_flow_S994_v3","test_positive_flow_S994_v3","Microservice test scenario with 1 steps."
"passed","Sat May 09 00:06:09 CDT 2026","Sat May 09 00:06:19 CDT 2026","9414","ts-travel-plan-service","Flow_Scenario_276 | POST /api/v1/travelplanservice/travelPlan/cheapest","[Fault: POST__api_v1_travelplanservice_travelPlan_cheapest] SPECIAL_CHARACTERS (v141)","trainticket_twostage_test.TrainTicketTwoStageTest_1778271990929.Flow_Scenario_276","test_negative_flow_S276_v141_fault_Root1_SPECIAL_CHARACTERS","test_negative_flow_S276_v141_fault_Root1_SPECIAL_CHARACTERS","Microservice test scenario with 1 steps."
"passed","Sat May 09 02:06:15 CDT 2026","Sat May 09 02:06:27 CDT 2026","12666","ts-admin-basic-info-service","Flow_Scenario_3 | POST /api/v1/adminbasicservice/adminbasic/trains","[Fault: POST__api_v1_adminbasicservice_adminbasic_trains] TYPE_MISMATCH (v58)","trainticket_twostage_test.TrainTicketTwoStageTest_1778271990929.Flow_Scenario_3","test_negative_flow_S3_v58_fault_Root1_TYPE_MISMATCH","test_negative_flow_S3_v58_fault_Root1_TYPE_MISMATCH","Microservice test scenario with 1 steps."
"passed","Sat May 09 00:53:53 CDT 2026","Sat May 09 00:54:07 CDT 2026","14687","ts-execute-service","Flow_Scenario_420 | GET /api/v1/executeservice/execute/execute/{orderId}","[Fault: GET__api_v1_executeservice_execute_execute__orderId_] SPECIAL_CHARACTERS (v36)","trainticket_twostage_test.TrainTicketTwoStageTest_1778271990929.Flow_Scenario_420","test_negative_flow_S420_v36_fault_Root1_SPECIAL_CHARACTERS","test_negative_flow_S420_v36_fault_Root1_SPECIAL_CHARACTERS","Microservice test scenario with 1 steps."
"passed","Sat May 09 01:45:57 CDT 2026","Sat May 09 01:46:11 CDT 2026","13852","ts-admin-basic-info-service","Flow_Scenario_3 | POST /api/v1/adminbasicservice/adminbasic/trains","[Fault: POST__api_v1_adminbasicservice_adminbasic_trains] OVERFLOW (v136)","trainticket_twostage_test.TrainTicketTwoStageTest_1778271990929.Flow_Scenario_3","test_negative_flow_S3_v136_fault_Root1_OVERFLOW","test_negative_flow_S3_v136_fault_Root1_OVERFLOW","Microservice test scenario with 1 steps."
"failed","Fri May 08 23:29:34 CDT 2026","Fri May 08 23:29:43 CDT 2026","9220","ts-order-other-service","Flow_Scenario_475 | POST /api/v1/orderOtherService/orderOther/refresh","[Fault: POST__api_v1_orderOtherService_orderOther_refresh] OVERFLOW (v210)","trainticket_twostage_test.TrainTicketTwoStageTest_1778271990929.Flow_Scenario_475","test_negative_flow_S475_v210_fault_Root1_OVERFLOW","test_negative_flow_S475_v210_fault_Root1_OVERFLOW","Microservice test scenario with 1 steps."
"passed","Sat May 09 00:19:11 CDT 2026","Sat May 09 00:19:21 CDT 2026","9472","ts-travel-plan-service","Flow_Scenario_276 | POST /api/v1/travelplanservice/travelPlan/cheapest","[Fault: POST__api_v1_travelplanservice_travelPlan_cheapest] SPECIAL_CHARACTERS (v144)","trainticket_twostage_test.TrainTicketTwoStageTest_1778271990929.Flow_Scenario_276","test_negative_flow_S276_v144_fault_Root1_SPECIAL_CHARACTERS","test_negative_flow_S276_v144_fault_Root1_SPECIAL_CHARACTERS","Microservice test scenario with 1 steps."
"passed","Sat May 09 00:11:08 CDT 2026","Sat May 09 00:11:21 CDT 2026","12412","ts-travel-plan-service","Flow_Scenario_276 | POST /api/v1/travelplanservice/travelPlan/cheapest","[Fault: POST__api_v1_travelplanservice_travelPlan_cheapest] TYPE_MISMATCH (v80)","trainticket_twostage_test.TrainTicketTwoStageTest_1778271990929.Flow_Scenario_276","test_negative_flow_S276_v80_fault_Root1_TYPE_MISMATCH","test_negative_flow_S276_v80_fault_Root1_TYPE_MISMATCH","Microservice test scenario with 1 steps."
"passed","Sat May 09 01:38:17 CDT 2026","Sat May 09 01:38:31 CDT 2026","13186","ts-admin-basic-info-service","Flow_Scenario_3 | POST /api/v1/adminbasicservice/adminbasic/trains","[Fault: POST__api_v1_adminbasicservice_adminbasic_trains] TYPE_MISMATCH (v34)","trainticket_twostage_test.TrainTicketTwoStageTest_1778271990929.Flow_Scenario_3","test_negative_flow_S3_v34_fault_Root1_TYPE_MISMATCH","test_negative_flow_S3_v34_fault_Root1_TYPE_MISMATCH","Microservice test scenario with 1 steps."
"failed","Sat May 09 00:40:03 CDT 2026","Sat May 09 00:40:12 CDT 2026","8497","ts-travel2-service","Flow_Scenario_749 | POST /api/v1/travel2service/trips/left","[Fault: POST__api_v1_travel2service_trips_left] SPECIAL_CHARACTERS (v143)","trainticket_twostage_test.TrainTicketTwoStageTest_1778271990929.Flow_Scenario_749","test_negative_flow_S749_v143_fault_Root1_SPECIAL_CHARACTERS","test_negative_flow_S749_v143_fault_Root1_SPECIAL_CHARACTERS","Microservice test scenario with 1 steps."
"passed","Sat May 09 01:46:11 CDT 2026","Sat May 09 01:46:24 CDT 2026","13484","ts-admin-basic-info-service","Flow_Scenario_3 | POST /api/v1/adminbasicservice/adminbasic/trains","[Fault: POST__api_v1_adminbasicservice_adminbasic_trains] SEMANTIC_MISMATCH (v131)","trainticket_twostage_test.TrainTicketTwoStageTest_1778271990929.Flow_Scenario_3","test_negative_flow_S3_v131_fault_Root1_SEMANTIC_MISMATCH","test_negative_flow_S3_v131_fault_Root1_SEMANTIC_MISMATCH","Microservice test scenario with 1 steps."
"passed","Sat May 09 01:09:21 CDT 2026","Sat May 09 01:09:34 CDT 2026","13061","ts-consign-service","Flow_Scenario_894 | GET /api/v1/consignservice/consigns/order/{id}","[Fault: GET__api_v1_consignservice_consigns_order__id_] TYPE_MISMATCH (v58)","trainticket_twostage_test.TrainTicketTwoStageTest_1778271990929.Flow_Scenario_894","test_negative_flow_S894_v58_fault_Root1_TYPE_MISMATCH","test_negative_flow_S894_v58_fault_Root1_TYPE_MISMATCH","Microservice test scenario with 1 steps."
"passed","Fri May 08 23:43:06 CDT 2026","Fri May 08 23:43:15 CDT 2026","9208","ts-order-other-service","Flow_Scenario_475 | POST /api/v1/orderOtherService/orderOther/refresh","[Valid] v11","trainticket_twostage_test.TrainTicketTwoStageTest_1778271990929.Flow_Scenario_475","test_positive_flow_S475_v11","test_positive_flow_S475_v11","Microservice test scenario with 1 steps."
"passed","Sat May 09 00:56:31 CDT 2026","Sat May 09 00:56:45 CDT 2026","14059","ts-execute-service","Flow_Scenario_420 | GET /api/v1/executeservice/execute/execute/{orderId}","[Fault: GET__api_v1_executeservice_execute_execute__orderId_] OVERFLOW (v27)","trainticket_twostage_test.TrainTicketTwoStageTest_1778271990929.Flow_Scenario_420","test_negative_flow_S420_v27_fault_Root1_OVERFLOW","test_negative_flow_S420_v27_fault_Root1_OVERFLOW","Microservice test scenario with 1 steps."
"passed","Sat May 09 02:06:02 CDT 2026","Sat May 09 02:06:15 CDT 2026","12732","ts-admin-basic-info-service","Flow_Scenario_3 | POST /api/v1/adminbasicservice/adminbasic/trains","[Fault: POST__api_v1_adminbasicservice_adminbasic_trains] SEMANTIC_MISMATCH (v43)","trainticket_twostage_test.TrainTicketTwoStageTest_1778271990929.Flow_Scenario_3","test_negative_flow_S3_v43_fault_Root1_SEMANTIC_MISMATCH","test_negative_flow_S3_v43_fault_Root1_SEMANTIC_MISMATCH","Microservice test scenario with 1 steps."
"failed","Sat May 09 02:35:48 CDT 2026","Sat May 09 02:35:57 CDT 2026","8778","ts-admin-basic-info-service","Flow_Scenario_178 | PUT /api/v1/adminbasicservice/adminbasic/trains","[Explore 400]","trainticket_twostage_test.TrainTicketTwoStageTest_1778271990929.Flow_Scenario_178","test_positive_flow_S178_v1_explore_400","test_positive_flow_S178_v1_explore_400","Microservice test scenario with 1 steps."
"failed","Sat May 09 02:20:53 CDT 2026","Sat May 09 02:21:05 CDT 2026","12319","ts-admin-basic-info-service","Flow_Scenario_178 | PUT /api/v1/adminbasicservice/adminbasic/trains","[Valid] v47","trainticket_twostage_test.TrainTicketTwoStageTest_1778271990929.Flow_Scenario_178","test_positive_flow_S178_v47","test_positive_flow_S178_v47","Microservice test scenario with 1 steps."
"failed","Fri May 08 23:25:10 CDT 2026","Fri May 08 23:25:20 CDT 2026","9235","ts-order-other-service","Flow_Scenario_475 | POST /api/v1/orderOtherService/orderOther/refresh","[Fault: POST__api_v1_orderOtherService_orderOther_refresh] TYPE_MISMATCH (v128)","trainticket_twostage_test.TrainTicketTwoStageTest_1778271990929.Flow_Scenario_475","test_negative_flow_S475_v128_fault_Root1_TYPE_MISMATCH","test_negative_flow_S475_v128_fault_Root1_TYPE_MISMATCH","Microservice test scenario with 1 steps."
"passed","Fri May 08 23:35:26 CDT 2026","Fri May 08 23:35:36 CDT 2026","9247","ts-order-other-service","Flow_Scenario_475 | POST /api/v1/orderOtherService/orderOther/refresh","[Fault: POST__api_v1_orderOtherService_orderOther_refresh] SEMANTIC_MISMATCH (v231)","trainticket_twostage_test.TrainTicketTwoStageTest_1778271990929.Flow_Scenario_475","test_negative_flow_S475_v231_fault_Root1_SEMANTIC_MISMATCH","test_negative_flow_S475_v231_fault_Root1_SEMANTIC_MISMATCH","Microservice test scenario with 1 steps."
"failed","Sat May 09 02:21:31 CDT 2026","Sat May 09 02:21:47 CDT 2026","15866","ts-admin-basic-info-service","Flow_Scenario_178 | PUT /api/v1/adminbasicservice/adminbasic/trains","[Valid] v50","trainticket_twostage_test.TrainTicketTwoStageTest_1778271990929.Flow_Scenario_178","test_positive_flow_S178_v50","test_positive_flow_S178_v50","Microservice test scenario with 1 steps."
"failed","Fri May 08 23:20:33 CDT 2026","Fri May 08 23:20:42 CDT 2026","9148","ts-order-other-service","Flow_Scenario_475 | POST /api/v1/orderOtherService/orderOther/refresh","[Fault: POST__api_v1_orderOtherService_orderOther_refresh] SPECIAL_CHARACTERS (v34)","trainticket_twostage_test.TrainTicketTwoStageTest_1778271990929.Flow_Scenario_475","test_negative_flow_S475_v34_fault_Root1_SPECIAL_CHARACTERS","test_negative_flow_S475_v34_fault_Root1_SPECIAL_CHARACTERS","Microservice test scenario with 1 steps."
"passed","Sat May 09 00:17:58 CDT 2026","Sat May 09 00:18:07 CDT 2026","9341","ts-travel-plan-service","Flow_Scenario_276 | POST /api/v1/travelplanservice/travelPlan/cheapest","[Fault: POST__api_v1_travelplanservice_travelPlan_cheapest] SPECIAL_CHARACTERS (v142)","trainticket_twostage_test.TrainTicketTwoStageTest_1778271990929.Flow_Scenario_276","test_negative_flow_S276_v142_fault_Root1_SPECIAL_CHARACTERS","test_negative_flow_S276_v142_fault_Root1_SPECIAL_CHARACTERS","Microservice test scenario with 1 steps."
"passed","Sat May 09 00:12:38 CDT 2026","Sat May 09 00:12:51 CDT 2026","13354","ts-travel-plan-service","Flow_Scenario_276 | POST /api/v1/travelplanservice/travelPlan/cheapest","[Fault: POST__api_v1_travelplanservice_travelPlan_cheapest] SPECIAL_CHARACTERS (v54)","trainticket_twostage_test.TrainTicketTwoStageTest_1778271990929.Flow_Scenario_276","test_negative_flow_S276_v54_fault_Root1_SPECIAL_CHARACTERS","test_negative_flow_S276_v54_fault_Root1_SPECIAL_CHARACTERS","Microservice test scenario with 1 steps."
"failed","Sat May 09 00:46:39 CDT 2026","Sat May 09 00:46:54 CDT 2026","14236","ts-travel2-service","Flow_Scenario_749 | POST /api/v1/travel2service/trips/left","[Fault: POST__api_v1_travel2service_trips_left] TYPE_MISMATCH (v115)","trainticket_twostage_test.TrainTicketTwoStageTest_1778271990929.Flow_Scenario_749","test_negative_flow_S749_v115_fault_Root1_TYPE_MISMATCH","test_negative_flow_S749_v115_fault_Root1_TYPE_MISMATCH","Microservice test scenario with 1 steps."
"failed","Sat May 09 02:19:32 CDT 2026","Sat May 09 02:19:45 CDT 2026","13176","ts-admin-basic-info-service","Flow_Scenario_178 | PUT /api/v1/adminbasicservice/adminbasic/trains","[Valid] v41","trainticket_twostage_test.TrainTicketTwoStageTest_1778271990929.Flow_Scenario_178","test_positive_flow_S178_v41","test_positive_flow_S178_v41","Microservice test scenario with 1 steps."
"failed","Sat May 09 01:01:26 CDT 2026","Sat May 09 01:01:39 CDT 2026","12422","ts-consign-service","Flow_Scenario_894 | GET /api/v1/consignservice/consigns/order/{id}","[Valid] v100","trainticket_twostage_test.TrainTicketTwoStageTest_1778271990929.Flow_Scenario_894","test_positive_flow_S894_v100","test_positive_flow_S894_v100","Microservice test scenario with 1 steps."
"failed","Sat May 09 00:01:22 CDT 2026","Sat May 09 00:01:33 CDT 2026","10590","ts-travel-plan-service","Flow_Scenario_276 | POST /api/v1/travelplanservice/travelPlan/cheapest","[Valid] v11","trainticket_twostage_test.TrainTicketTwoStageTest_1778271990929.Flow_Scenario_276","test_positive_flow_S276_v11","test_positive_flow_S276_v11","Microservice test scenario with 1 steps."
"passed","Fri May 08 23:53:56 CDT 2026","Fri May 08 23:54:05 CDT 2026","9202","ts-travel-plan-service","Flow_Scenario_276 | POST /api/v1/travelplanservice/travelPlan/cheapest","[Fault: POST__api_v1_travelplanservice_travelPlan_cheapest] TYPE_MISMATCH (v35)","trainticket_twostage_test.TrainTicketTwoStageTest_1778271990929.Flow_Scenario_276","test_negative_flow_S276_v35_fault_Root1_TYPE_MISMATCH","test_negative_flow_S276_v35_fault_Root1_TYPE_MISMATCH","Microservice test scenario with 1 steps."
"passed","Sat May 09 01:48:11 CDT 2026","Sat May 09 01:48:21 CDT 2026","9115","ts-admin-basic-info-service","Flow_Scenario_3 | POST /api/v1/adminbasicservice/adminbasic/trains","[Fault: POST__api_v1_adminbasicservice_adminbasic_trains] TYPE_MISMATCH (v72)","trainticket_twostage_test.TrainTicketTwoStageTest_1778271990929.Flow_Scenario_3","test_negative_flow_S3_v72_fault_Root1_TYPE_MISMATCH","test_negative_flow_S3_v72_fault_Root1_TYPE_MISMATCH","Microservice test scenario with 1 steps."
"failed","Fri May 08 23:52:09 CDT 2026","Fri May 08 23:52:19 CDT 2026","9267","ts-order-other-service","Flow_Scenario_475 | POST /api/v1/orderOtherService/orderOther/refresh","[Fault: POST__api_v1_orderOtherService_orderOther_refresh] OVERFLOW (v29)","trainticket_twostage_test.TrainTicketTwoStageTest_1778271990929.Flow_Scenario_475","test_negative_flow_S475_v29_fault_Root1_OVERFLOW","test_negative_flow_S475_v29_fault_Root1_OVERFLOW","Microservice test scenario with 1 steps."
"failed","Sat May 09 02:37:14 CDT 2026","Sat May 09 02:37:27 CDT 2026","12830","ts-admin-travel-service","Flow_Scenario_1088 | DELETE /api/v1/admintravelservice/admintravel/{tripId}","[Valid] v25","trainticket_twostage_test.TrainTicketTwoStageTest_1778271990929.Flow_Scenario_1088","test_positive_flow_S1088_v25","test_positive_flow_S1088_v25","Microservice test scenario with 1 steps."
"failed","Sat May 09 02:17:33 CDT 2026","Sat May 09 02:17:49 CDT 2026","15992","ts-admin-basic-info-service","Flow_Scenario_178 | PUT /api/v1/adminbasicservice/adminbasic/trains","[Valid] v32","trainticket_twostage_test.TrainTicketTwoStageTest_1778271990929.Flow_Scenario_178","test_positive_flow_S178_v32","test_positive_flow_S178_v32","Microservice test scenario with 1 steps."
"passed","Sat May 09 00:11:43 CDT 2026","Sat May 09 00:11:58 CDT 2026","14042","ts-travel-plan-service","Flow_Scenario_276 | POST /api/v1/travelplanservice/travelPlan/cheapest","[Fault: POST__api_v1_travelplanservice_travelPlan_cheapest] SPECIAL_CHARACTERS (v94)","trainticket_twostage_test.TrainTicketTwoStageTest_1778271990929.Flow_Scenario_276","test_negative_flow_S276_v94_fault_Root1_SPECIAL_CHARACTERS","test_negative_flow_S276_v94_fault_Root1_SPECIAL_CHARACTERS","Microservice test scenario with 1 steps."
"passed","Sat May 09 00:06:31 CDT 2026","Sat May 09 00:06:39 CDT 2026","8167","ts-travel-plan-service","Flow_Scenario_276 | POST /api/v1/travelplanservice/travelPlan/cheapest","[Fault: POST__api_v1_travelplanservice_travelPlan_cheapest] OVERFLOW (v75)","trainticket_twostage_test.TrainTicketTwoStageTest_1778271990929.Flow_Scenario_276","test_negative_flow_S276_v75_fault_Root1_OVERFLOW","test_negative_flow_S276_v75_fault_Root1_OVERFLOW","Microservice test scenario with 1 steps."
"passed","Sat May 09 00:17:39 CDT 2026","Sat May 09 00:17:48 CDT 2026","9276","ts-travel-plan-service","Flow_Scenario_276 | POST /api/v1/travelplanservice/travelPlan/cheapest","[Fault: POST__api_v1_travelplanservice_travelPlan_cheapest] TYPE_MISMATCH (v127)","trainticket_twostage_test.TrainTicketTwoStageTest_1778271990929.Flow_Scenario_276","test_negative_flow_S276_v127_fault_Root1_TYPE_MISMATCH","test_negative_flow_S276_v127_fault_Root1_TYPE_MISMATCH","Microservice test scenario with 1 steps."
"passed","Fri May 08 23:44:38 CDT 2026","Fri May 08 23:44:43 CDT 2026","5046","ts-order-other-service","Flow_Scenario_475 | POST /api/v1/orderOtherService/orderOther/refresh","[Fault: POST__api_v1_orderOtherService_orderOther_refresh] TYPE_MISMATCH (v91)","trainticket_twostage_test.TrainTicketTwoStageTest_1778271990929.Flow_Scenario_475","test_negative_flow_S475_v91_fault_Root1_TYPE_MISMATCH","test_negative_flow_S475_v91_fault_Root1_TYPE_MISMATCH","Microservice test scenario with 1 steps."
"failed","Fri May 08 23:23:24 CDT 2026","Fri May 08 23:23:29 CDT 2026","5053","ts-order-other-service","Flow_Scenario_475 | POST /api/v1/orderOtherService/orderOther/refresh","[Fault: POST__api_v1_orderOtherService_orderOther_refresh] SPECIAL_CHARACTERS (v98)","trainticket_twostage_test.TrainTicketTwoStageTest_1778271990929.Flow_Scenario_475","test_negative_flow_S475_v98_fault_Root1_SPECIAL_CHARACTERS","test_negative_flow_S475_v98_fault_Root1_SPECIAL_CHARACTERS","Microservice test scenario with 1 steps."
"failed","Fri May 08 23:35:12 CDT 2026","Fri May 08 23:35:21 CDT 2026","9296","ts-order-other-service","Flow_Scenario_475 | POST /api/v1/orderOtherService/orderOther/refresh","[Fault: POST__api_v1_orderOtherService_orderOther_refresh] SEMANTIC_MISMATCH (v137)","trainticket_twostage_test.TrainTicketTwoStageTest_1778271990929.Flow_Scenario_475","test_negative_flow_S475_v137_fault_Root1_SEMANTIC_MISMATCH","test_negative_flow_S475_v137_fault_Root1_SEMANTIC_MISMATCH","Microservice test scenario with 1 steps."
"passed","Sat May 09 01:23:06 CDT 2026","Sat May 09 01:23:18 CDT 2026","12460","ts-consign-service","Flow_Scenario_894 | GET /api/v1/consignservice/consigns/order/{id}","[Fault: GET__api_v1_consignservice_consigns_order__id_] SEMANTIC_MISMATCH (v38)","trainticket_twostage_test.TrainTicketTwoStageTest_1778271990929.Flow_Scenario_894","test_negative_flow_S894_v38_fault_Root1_SEMANTIC_MISMATCH","test_negative_flow_S894_v38_fault_Root1_SEMANTIC_MISMATCH","Microservice test scenario with 1 steps."
"failed","Sat May 09 00:44:26 CDT 2026","Sat May 09 00:44:31 CDT 2026","5090","ts-travel2-service","Flow_Scenario_749 | POST /api/v1/travel2service/trips/left","[Fault: POST__api_v1_travel2service_trips_left] TYPE_MISMATCH (v23)","trainticket_twostage_test.TrainTicketTwoStageTest_1778271990929.Flow_Scenario_749","test_negative_flow_S749_v23_fault_Root1_TYPE_MISMATCH","test_negative_flow_S749_v23_fault_Root1_TYPE_MISMATCH","Microservice test scenario with 1 steps."
"passed","Sat May 09 00:00:36 CDT 2026","Sat May 09 00:00:49 CDT 2026","13392","ts-travel-plan-service","Flow_Scenario_276 | POST /api/v1/travelplanservice/travelPlan/cheapest","[Fault: POST__api_v1_travelplanservice_travelPlan_cheapest] OVERFLOW (v33)","trainticket_twostage_test.TrainTicketTwoStageTest_1778271990929.Flow_Scenario_276","test_negative_flow_S276_v33_fault_Root1_OVERFLOW","test_negative_flow_S276_v33_fault_Root1_OVERFLOW","Microservice test scenario with 1 steps."
"failed","Sat May 09 00:41:15 CDT 2026","Sat May 09 00:41:25 CDT 2026","9656","ts-travel2-service","Flow_Scenario_749 | POST /api/v1/travel2service/trips/left","[Fault: POST__api_v1_travel2service_trips_left] SEMANTIC_MISMATCH (v95)","trainticket_twostage_test.TrainTicketTwoStageTest_1778271990929.Flow_Scenario_749","test_negative_flow_S749_v95_fault_Root1_SEMANTIC_MISMATCH","test_negative_flow_S749_v95_fault_Root1_SEMANTIC_MISMATCH","Microservice test scenario with 1 steps."
"failed","Fri May 08 23:26:36 CDT 2026","Fri May 08 23:26:41 CDT 2026","5059","ts-order-other-service","Flow_Scenario_475 | POST /api/v1/orderOtherService/orderOther/refresh","[Fault: POST__api_v1_orderOtherService_orderOther_refresh] TYPE_MISMATCH (v248)","trainticket_twostage_test.TrainTicketTwoStageTest_1778271990929.Flow_Scenario_475","test_negative_flow_S475_v248_fault_Root1_TYPE_MISMATCH","test_negative_flow_S475_v248_fault_Root1_TYPE_MISMATCH","Microservice test scenario with 1 steps."
"passed","Sat May 09 00:46:21 CDT 2026","Sat May 09 00:46:30 CDT 2026","9298","ts-travel2-service","Flow_Scenario_749 | POST /api/v1/travel2service/trips/left","[Fault: POST__api_v1_travel2service_trips_left] SEMANTIC_MISMATCH (v133)","trainticket_twostage_test.TrainTicketTwoStageTest_1778271990929.Flow_Scenario_749","test_negative_flow_S749_v133_fault_Root1_SEMANTIC_MISMATCH","test_negative_flow_S749_v133_fault_Root1_SEMANTIC_MISMATCH","Microservice test scenario with 1 steps."
"failed","Sat May 09 01:11:46 CDT 2026","Sat May 09 01:11:59 CDT 2026","12370","ts-consign-service","Flow_Scenario_894 | GET /api/v1/consignservice/consigns/order/{id}","[Valid] v17","trainticket_twostage_test.TrainTicketTwoStageTest_1778271990929.Flow_Scenario_894","test_positive_flow_S894_v17","test_positive_flow_S894_v17","Microservice test scenario with 1 steps."
"failed","Fri May 08 23:37:34 CDT 2026","Fri May 08 23:37:44 CDT 2026","10226","ts-order-other-service","Flow_Scenario_475 | POST /api/v1/orderOtherService/orderOther/refresh","[Fault: POST__api_v1_orderOtherService_orderOther_refresh] SEMANTIC_MISMATCH (v122)","trainticket_twostage_test.TrainTicketTwoStageTest_1778271990929.Flow_Scenario_475","test_negative_flow_S475_v122_fault_Root1_SEMANTIC_MISMATCH","test_negative_flow_S475_v122_fault_Root1_SEMANTIC_MISMATCH","Microservice test scenario with 1 steps."
"passed","Sat May 09 01:22:38 CDT 2026","Sat May 09 01:22:52 CDT 2026","13601","ts-consign-service","Flow_Scenario_894 | GET /api/v1/consignservice/consigns/order/{id}","[Fault: GET__api_v1_consignservice_consigns_order__id_] OVERFLOW (v21)","trainticket_twostage_test.TrainTicketTwoStageTest_1778271990929.Flow_Scenario_894","test_negative_flow_S894_v21_fault_Root1_OVERFLOW","test_negative_flow_S894_v21_fault_Root1_OVERFLOW","Microservice test scenario with 1 steps."
"failed","Fri May 08 23:33:45 CDT 2026","Fri May 08 23:33:51 CDT 2026","5051","ts-order-other-service","Flow_Scenario_475 | POST /api/v1/orderOtherService/orderOther/refresh","[Fault: POST__api_v1_orderOtherService_orderOther_refresh] SPECIAL_CHARACTERS (v182)","trainticket_twostage_test.TrainTicketTwoStageTest_1778271990929.Flow_Scenario_475","test_negative_flow_S475_v182_fault_Root1_SPECIAL_CHARACTERS","test_negative_flow_S475_v182_fault_Root1_SPECIAL_CHARACTERS","Microservice test scenario with 1 steps."
"failed","Fri May 08 23:50:18 CDT 2026","Fri May 08 23:50:23 CDT 2026","5049","ts-order-other-service","Flow_Scenario_475 | POST /api/v1/orderOtherService/orderOther/refresh","[Fault: POST__api_v1_orderOtherService_orderOther_refresh] SPECIAL_CHARACTERS (v239)","trainticket_twostage_test.TrainTicketTwoStageTest_1778271990929.Flow_Scenario_475","test_negative_flow_S475_v239_fault_Root1_SPECIAL_CHARACTERS","test_negative_flow_S475_v239_fault_Root1_SPECIAL_CHARACTERS","Microservice test scenario with 1 steps."
"failed","Fri May 08 23:26:46 CDT 2026","Fri May 08 23:26:55 CDT 2026","9252","ts-order-other-service","Flow_Scenario_475 | POST /api/v1/orderOtherService/orderOther/refresh","[Fault: POST__api_v1_orderOtherService_orderOther_refresh] SPECIAL_CHARACTERS (v272)","trainticket_twostage_test.TrainTicketTwoStageTest_1778271990929.Flow_Scenario_475","test_negative_flow_S475_v272_fault_Root1_SPECIAL_CHARACTERS","test_negative_flow_S475_v272_fault_Root1_SPECIAL_CHARACTERS","Microservice test scenario with 1 steps."
"passed","Sat May 09 00:44:31 CDT 2026","Sat May 09 00:44:36 CDT 2026","5160","ts-travel2-service","Flow_Scenario_749 | POST /api/v1/travel2service/trips/left","[Fault: POST__api_v1_travel2service_trips_left] SPECIAL_CHARACTERS (v85)","trainticket_twostage_test.TrainTicketTwoStageTest_1778271990929.Flow_Scenario_749","test_negative_flow_S749_v85_fault_Root1_SPECIAL_CHARACTERS","test_negative_flow_S749_v85_fault_Root1_SPECIAL_CHARACTERS","Microservice test scenario with 1 steps."
"failed","Fri May 08 23:30:22 CDT 2026","Fri May 08 23:30:31 CDT 2026","9247","ts-order-other-service","Flow_Scenario_475 | POST /api/v1/orderOtherService/orderOther/refresh","[Fault: POST__api_v1_orderOtherService_orderOther_refresh] SEMANTIC_MISMATCH (v78)","trainticket_twostage_test.TrainTicketTwoStageTest_1778271990929.Flow_Scenario_475","test_negative_flow_S475_v78_fault_Root1_SEMANTIC_MISMATCH","test_negative_flow_S475_v78_fault_Root1_SEMANTIC_MISMATCH","Microservice test scenario with 1 steps."
"passed","Fri May 08 23:41:10 CDT 2026","Fri May 08 23:41:15 CDT 2026","5046","ts-order-other-service","Flow_Scenario_475 | POST /api/v1/orderOtherService/orderOther/refresh","[Fault: POST__api_v1_orderOtherService_orderOther_refresh] OVERFLOW (v222)","trainticket_twostage_test.TrainTicketTwoStageTest_1778271990929.Flow_Scenario_475","test_negative_flow_S475_v222_fault_Root1_OVERFLOW","test_negative_flow_S475_v222_fault_Root1_OVERFLOW","Microservice test scenario with 1 steps."
"passed","Sat May 09 01:43:21 CDT 2026","Sat May 09 01:43:34 CDT 2026","13372","ts-admin-basic-info-service","Flow_Scenario_3 | POST /api/v1/adminbasicservice/adminbasic/trains","[Fault: POST__api_v1_adminbasicservice_adminbasic_trains] TYPE_MISMATCH (v76)","trainticket_twostage_test.TrainTicketTwoStageTest_1778271990929.Flow_Scenario_3","test_negative_flow_S3_v76_fault_Root1_TYPE_MISMATCH","test_negative_flow_S3_v76_fault_Root1_TYPE_MISMATCH","Microservice test scenario with 1 steps."
"passed","Sat May 09 01:57:45 CDT 2026","Sat May 09 01:57:58 CDT 2026","13540","ts-admin-basic-info-service","Flow_Scenario_3 | POST /api/v1/adminbasicservice/adminbasic/trains","[Fault: POST__api_v1_adminbasicservice_adminbasic_trains] SEMANTIC_MISMATCH (v135)","trainticket_twostage_test.TrainTicketTwoStageTest_1778271990929.Flow_Scenario_3","test_negative_flow_S3_v135_fault_Root1_SEMANTIC_MISMATCH","test_negative_flow_S3_v135_fault_Root1_SEMANTIC_MISMATCH","Microservice test scenario with 1 steps."
"failed","Fri May 08 23:23:10 CDT 2026","Fri May 08 23:23:19 CDT 2026","9234","ts-order-other-service","Flow_Scenario_475 | POST /api/v1/orderOtherService/orderOther/refresh","[Fault: POST__api_v1_orderOtherService_orderOther_refresh] SPECIAL_CHARACTERS (v270)","trainticket_twostage_test.TrainTicketTwoStageTest_1778271990929.Flow_Scenario_475","test_negative_flow_S475_v270_fault_Root1_SPECIAL_CHARACTERS","test_negative_flow_S475_v270_fault_Root1_SPECIAL_CHARACTERS","Microservice test scenario with 1 steps."
"passed","Sat May 09 00:05:34 CDT 2026","Sat May 09 00:05:47 CDT 2026","13179","ts-travel-plan-service","Flow_Scenario_276 | POST /api/v1/travelplanservice/travelPlan/cheapest","[Fault: POST__api_v1_travelplanservice_travelPlan_cheapest] SPECIAL_CHARACTERS (v59)","trainticket_twostage_test.TrainTicketTwoStageTest_1778271990929.Flow_Scenario_276","test_negative_flow_S276_v59_fault_Root1_SPECIAL_CHARACTERS","test_negative_flow_S276_v59_fault_Root1_SPECIAL_CHARACTERS","Microservice test scenario with 1 steps."
"failed","Sat May 09 00:43:29 CDT 2026","Sat May 09 00:43:39 CDT 2026","10290","ts-travel2-service","Flow_Scenario_749 | POST /api/v1/travel2service/trips/left","[Fault: POST__api_v1_travel2service_trips_left] SEMANTIC_MISMATCH (v42)","trainticket_twostage_test.TrainTicketTwoStageTest_1778271990929.Flow_Scenario_749","test_negative_flow_S749_v42_fault_Root1_SEMANTIC_MISMATCH","test_negative_flow_S749_v42_fault_Root1_SEMANTIC_MISMATCH","Microservice test scenario with 1 steps."
"failed","Sat May 09 00:36:10 CDT 2026","Sat May 09 00:36:15 CDT 2026","5085","ts-travel2-service","Flow_Scenario_749 | POST /api/v1/travel2service/trips/left","[Fault: POST__api_v1_travel2service_trips_left] SEMANTIC_MISMATCH (v123)","trainticket_twostage_test.TrainTicketTwoStageTest_1778271990929.Flow_Scenario_749","test_negative_flow_S749_v123_fault_Root1_SEMANTIC_MISMATCH","test_negative_flow_S749_v123_fault_Root1_SEMANTIC_MISMATCH","Microservice test scenario with 1 steps."
"failed","Fri May 08 23:28:22 CDT 2026","Fri May 08 23:28:31 CDT 2026","9216","ts-order-other-service","Flow_Scenario_475 | POST /api/v1/orderOtherService/orderOther/refresh","[Fault: POST__api_v1_orderOtherService_orderOther_refresh] OVERFLOW (v71)","trainticket_twostage_test.TrainTicketTwoStageTest_1778271990929.Flow_Scenario_475","test_negative_flow_S475_v71_fault_Root1_OVERFLOW","test_negative_flow_S475_v71_fault_Root1_OVERFLOW","Microservice test scenario with 1 steps."
"passed","Sat May 09 00:10:20 CDT 2026","Sat May 09 00:10:37 CDT 2026","17152","ts-travel-plan-service","Flow_Scenario_276 | POST /api/v1/travelplanservice/travelPlan/cheapest","[Fault: POST__api_v1_travelplanservice_travelPlan_cheapest] SEMANTIC_MISMATCH (v111)","trainticket_twostage_test.TrainTicketTwoStageTest_1778271990929.Flow_Scenario_276","test_negative_flow_S276_v111_fault_Root1_SEMANTIC_MISMATCH","test_negative_flow_S276_v111_fault_Root1_SEMANTIC_MISMATCH","Microservice test scenario with 1 steps."
"failed","Sat May 09 02:32:20 CDT 2026","Sat May 09 02:32:33 CDT 2026","12628","ts-admin-basic-info-service","Flow_Scenario_178 | PUT /api/v1/adminbasicservice/adminbasic/trains","[Valid] v3","trainticket_twostage_test.TrainTicketTwoStageTest_1778271990929.Flow_Scenario_178","test_positive_flow_S178_v3","test_positive_flow_S178_v3","Microservice test scenario with 1 steps."
"passed","Sat May 09 01:19:23 CDT 2026","Sat May 09 01:19:38 CDT 2026","14130","ts-consign-service","Flow_Scenario_894 | GET /api/v1/consignservice/consigns/order/{id}","[Fault: GET__api_v1_consignservice_consigns_order__id_] SPECIAL_CHARACTERS (v73)","trainticket_twostage_test.TrainTicketTwoStageTest_1778271990929.Flow_Scenario_894","test_negative_flow_S894_v73_fault_Root1_SPECIAL_CHARACTERS","test_negative_flow_S894_v73_fault_Root1_SPECIAL_CHARACTERS","Microservice test scenario with 1 steps."
"failed","Sat May 09 00:07:16 CDT 2026","Sat May 09 00:07:28 CDT 2026","12743","ts-travel-plan-service","Flow_Scenario_276 | POST /api/v1/travelplanservice/travelPlan/cheapest","[Fault: POST__api_v1_travelplanservice_travelPlan_cheapest] SPECIAL_CHARACTERS (v123)","trainticket_twostage_test.TrainTicketTwoStageTest_1778271990929.Flow_Scenario_276","test_negative_flow_S276_v123_fault_Root1_SPECIAL_CHARACTERS","test_negative_flow_S276_v123_fault_Root1_SPECIAL_CHARACTERS","Microservice test scenario with 1 steps."
"failed","Sat May 09 02:38:05 CDT 2026","Sat May 09 02:38:18 CDT 2026","13236","ts-admin-travel-service","Flow_Scenario_1088 | DELETE /api/v1/admintravelservice/admintravel/{tripId}","[Valid] v41","trainticket_twostage_test.TrainTicketTwoStageTest_1778271990929.Flow_Scenario_1088","test_positive_flow_S1088_v41","test_positive_flow_S1088_v41","Microservice test scenario with 1 steps."
"failed","Sat May 09 02:34:38 CDT 2026","Sat May 09 02:34:47 CDT 2026","9082","ts-admin-basic-info-service","Flow_Scenario_178 | PUT /api/v1/adminbasicservice/adminbasic/trains","[Explore 422]","trainticket_twostage_test.TrainTicketTwoStageTest_1778271990929.Flow_Scenario_178","test_positive_flow_S178_v3_explore_422","test_positive_flow_S178_v3_explore_422","Microservice test scenario with 1 steps."
"failed","Fri May 08 23:23:05 CDT 2026","Fri May 08 23:23:10 CDT 2026","5063","ts-order-other-service","Flow_Scenario_475 | POST /api/v1/orderOtherService/orderOther/refresh","[Fault: POST__api_v1_orderOtherService_orderOther_refresh] TYPE_MISMATCH (v160)","trainticket_twostage_test.TrainTicketTwoStageTest_1778271990929.Flow_Scenario_475","test_negative_flow_S475_v160_fault_Root1_TYPE_MISMATCH","test_negative_flow_S475_v160_fault_Root1_TYPE_MISMATCH","Microservice test scenario with 1 steps."
"passed","Sat May 09 01:00:21 CDT 2026","Sat May 09 01:00:35 CDT 2026","14161","ts-execute-service","Flow_Scenario_420 | GET /api/v1/executeservice/execute/execute/{orderId}","[Fault: GET__api_v1_executeservice_execute_execute__orderId_] NULL_INPUT (v40)","trainticket_twostage_test.TrainTicketTwoStageTest_1778271990929.Flow_Scenario_420","test_negative_flow_S420_v40_fault_Root1_NULL_INPUT","test_negative_flow_S420_v40_fault_Root1_NULL_INPUT","Microservice test scenario with 1 steps."
"failed","Fri May 08 23:55:53 CDT 2026","Fri May 08 23:56:01 CDT 2026","8283","ts-travel-plan-service","Flow_Scenario_276 | POST /api/v1/travelplanservice/travelPlan/cheapest","[Valid] v3","trainticket_twostage_test.TrainTicketTwoStageTest_1778271990929.Flow_Scenario_276","test_positive_flow_S276_v3","test_positive_flow_S276_v3","Microservice test scenario with 1 steps."
"failed","Sat May 09 02:30:22 CDT 2026","Sat May 09 02:30:36 CDT 2026","13220","ts-admin-basic-info-service","Flow_Scenario_178 | PUT /api/v1/adminbasicservice/adminbasic/trains","[Valid] v92","trainticket_twostage_test.TrainTicketTwoStageTest_1778271990929.Flow_Scenario_178","test_positive_flow_S178_v92","test_positive_flow_S178_v92","Microservice test scenario with 1 steps."
"passed","Sat May 09 00:48:12 CDT 2026","Sat May 09 00:48:17 CDT 2026","5083","ts-travel2-service","Flow_Scenario_749 | POST /api/v1/travel2service/trips/left","[Fault: POST__api_v1_travel2service_trips_left] SPECIAL_CHARACTERS (v102)","trainticket_twostage_test.TrainTicketTwoStageTest_1778271990929.Flow_Scenario_749","test_negative_flow_S749_v102_fault_Root1_SPECIAL_CHARACTERS","test_negative_flow_S749_v102_fault_Root1_SPECIAL_CHARACTERS","Microservice test scenario with 1 steps."
"failed","Sat May 09 02:28:39 CDT 2026","Sat May 09 02:28:52 CDT 2026","13412","ts-admin-basic-info-service","Flow_Scenario_178 | PUT /api/v1/adminbasicservice/adminbasic/trains","[Valid] v84","trainticket_twostage_test.TrainTicketTwoStageTest_1778271990929.Flow_Scenario_178","test_positive_flow_S178_v84","test_positive_flow_S178_v84","Microservice test scenario with 1 steps."
"failed","Sat May 09 01:25:29 CDT 2026","Sat May 09 01:25:41 CDT 2026","12564","ts-admin-basic-info-service","Flow_Scenario_994 | PUT /api/v1/adminbasicservice/adminbasic/stations","[Valid] v11","trainticket_twostage_test.TrainTicketTwoStageTest_1778271990929.Flow_Scenario_994","test_positive_flow_S994_v11","test_positive_flow_S994_v11","Microservice test scenario with 1 steps."
"passed","Fri May 08 23:57:35 CDT 2026","Fri May 08 23:57:43 CDT 2026","8310","ts-travel-plan-service","Flow_Scenario_276 | POST /api/v1/travelplanservice/travelPlan/cheapest","[Fault: POST__api_v1_travelplanservice_travelPlan_cheapest] OVERFLOW (v63)","trainticket_twostage_test.TrainTicketTwoStageTest_1778271990929.Flow_Scenario_276","test_negative_flow_S276_v63_fault_Root1_OVERFLOW","test_negative_flow_S276_v63_fault_Root1_OVERFLOW","Microservice test scenario with 1 steps."
"passed","Fri May 08 23:42:37 CDT 2026","Fri May 08 23:42:47 CDT 2026","9250","ts-order-other-service","Flow_Scenario_475 | POST /api/v1/orderOtherService/orderOther/refresh","[Fault: POST__api_v1_orderOtherService_orderOther_refresh] TYPE_MISMATCH (v167)","trainticket_twostage_test.TrainTicketTwoStageTest_1778271990929.Flow_Scenario_475","test_negative_flow_S475_v167_fault_Root1_TYPE_MISMATCH","test_negative_flow_S475_v167_fault_Root1_TYPE_MISMATCH","Microservice test scenario with 1 steps."
"passed","Sat May 09 01:46:51 CDT 2026","Sat May 09 01:47:04 CDT 2026","13478","ts-admin-basic-info-service","Flow_Scenario_3 | POST /api/v1/adminbasicservice/adminbasic/trains","[Fault: POST__api_v1_adminbasicservice_adminbasic_trains] OVERFLOW (v74)","trainticket_twostage_test.TrainTicketTwoStageTest_1778271990929.Flow_Scenario_3","test_negative_flow_S3_v74_fault_Root1_OVERFLOW","test_negative_flow_S3_v74_fault_Root1_OVERFLOW","Microservice test scenario with 1 steps."
"failed","Fri May 08 23:39:44 CDT 2026","Fri May 08 23:39:53 CDT 2026","9213","ts-order-other-service","Flow_Scenario_475 | POST /api/v1/orderOtherService/orderOther/refresh","[Fault: POST__api_v1_orderOtherService_orderOther_refresh] SPECIAL_CHARACTERS (v46)","trainticket_twostage_test.TrainTicketTwoStageTest_1778271990929.Flow_Scenario_475","test_negative_flow_S475_v46_fault_Root1_SPECIAL_CHARACTERS","test_negative_flow_S475_v46_fault_Root1_SPECIAL_CHARACTERS","Microservice test scenario with 1 steps."
"passed","Sat May 09 02:11:11 CDT 2026","Sat May 09 02:11:24 CDT 2026","13090","ts-admin-basic-info-service","Flow_Scenario_3 | POST /api/v1/adminbasicservice/adminbasic/trains","[Fault: POST__api_v1_adminbasicservice_adminbasic_trains] SEMANTIC_MISMATCH (v157)","trainticket_twostage_test.TrainTicketTwoStageTest_1778271990929.Flow_Scenario_3","test_negative_flow_S3_v157_fault_Root1_SEMANTIC_MISMATCH","test_negative_flow_S3_v157_fault_Root1_SEMANTIC_MISMATCH","Microservice test scenario with 1 steps."
"failed","Fri May 08 23:25:34 CDT 2026","Fri May 08 23:25:43 CDT 2026","9252","ts-order-other-service","Flow_Scenario_475 | POST /api/v1/orderOtherService/orderOther/refresh","[Fault: POST__api_v1_orderOtherService_orderOther_refresh] SEMANTIC_MISMATCH (v262)","trainticket_twostage_test.TrainTicketTwoStageTest_1778271990929.Flow_Scenario_475","test_negative_flow_S475_v262_fault_Root1_SEMANTIC_MISMATCH","test_negative_flow_S475_v262_fault_Root1_SEMANTIC_MISMATCH","Microservice test scenario with 1 steps."
"passed","Sat May 09 00:04:15 CDT 2026","Sat May 09 00:04:26 CDT 2026","11352","ts-travel-plan-service","Flow_Scenario_276 | POST /api/v1/travelplanservice/travelPlan/cheapest","[Fault: POST__api_v1_travelplanservice_travelPlan_cheapest] SPECIAL_CHARACTERS (v68)","trainticket_twostage_test.TrainTicketTwoStageTest_1778271990929.Flow_Scenario_276","test_negative_flow_S276_v68_fault_Root1_SPECIAL_CHARACTERS","test_negative_flow_S276_v68_fault_Root1_SPECIAL_CHARACTERS","Microservice test scenario with 1 steps."
"passed","Fri May 08 23:29:58 CDT 2026","Fri May 08 23:30:07 CDT 2026","9251","ts-order-other-service","Flow_Scenario_475 | POST /api/v1/orderOtherService/orderOther/refresh","[Fault: POST__api_v1_orderOtherService_orderOther_refresh] TYPE_MISMATCH (v63)","trainticket_twostage_test.TrainTicketTwoStageTest_1778271990929.Flow_Scenario_475","test_negative_flow_S475_v63_fault_Root1_TYPE_MISMATCH","test_negative_flow_S475_v63_fault_Root1_TYPE_MISMATCH","Microservice test scenario with 1 steps."
"passed","Sat May 09 00:40:12 CDT 2026","Sat May 09 00:40:21 CDT 2026","9337","ts-travel2-service","Flow_Scenario_749 | POST /api/v1/travel2service/trips/left","[Fault: POST__api_v1_travel2service_trips_left] OVERFLOW (v117)","trainticket_twostage_test.TrainTicketTwoStageTest_1778271990929.Flow_Scenario_749","test_negative_flow_S749_v117_fault_Root1_OVERFLOW","test_negative_flow_S749_v117_fault_Root1_OVERFLOW","Microservice test scenario with 1 steps."
"passed","Sat May 09 01:36:07 CDT 2026","Sat May 09 01:36:19 CDT 2026","12565","ts-admin-basic-info-service","Flow_Scenario_3 | POST /api/v1/adminbasicservice/adminbasic/trains","[Fault: POST__api_v1_adminbasicservice_adminbasic_trains] SPECIAL_CHARACTERS (v169)","trainticket_twostage_test.TrainTicketTwoStageTest_1778271990929.Flow_Scenario_3","test_negative_flow_S3_v169_fault_Root1_SPECIAL_CHARACTERS","test_negative_flow_S3_v169_fault_Root1_SPECIAL_CHARACTERS","Microservice test scenario with 1 steps."
"failed","Sat May 09 00:21:36 CDT 2026","Sat May 09 00:21:49 CDT 2026","12801","ts-admin-basic-info-service","Flow_Scenario_1040 | POST /api/v1/adminbasicservice/adminbasic/stations","[Valid] v24","trainticket_twostage_test.TrainTicketTwoStageTest_1778271990929.Flow_Scenario_1040","test_positive_flow_S1040_v24","test_positive_flow_S1040_v24","Microservice test scenario with 1 steps."
"failed","Sat May 09 01:17:36 CDT 2026","Sat May 09 01:17:49 CDT 2026","13010","ts-consign-service","Flow_Scenario_894 | GET /api/v1/consignservice/consigns/order/{id}","[Valid] v97","trainticket_twostage_test.TrainTicketTwoStageTest_1778271990929.Flow_Scenario_894","test_positive_flow_S894_v97","test_positive_flow_S894_v97","Microservice test scenario with 1 steps."
"failed","Sat May 09 01:13:31 CDT 2026","Sat May 09 01:13:43 CDT 2026","12897","ts-consign-service","Flow_Scenario_894 | GET /api/v1/consignservice/consigns/order/{id}","[Valid] v78","trainticket_twostage_test.TrainTicketTwoStageTest_1778271990929.Flow_Scenario_894","test_positive_flow_S894_v78","test_positive_flow_S894_v78","Microservice test scenario with 1 steps."
"passed","Sat May 09 00:36:38 CDT 2026","Sat May 09 00:36:47 CDT 2026","9250","ts-travel2-service","Flow_Scenario_749 | POST /api/v1/travel2service/trips/left","[Fault: POST__api_v1_travel2service_trips_left] SEMANTIC_MISMATCH (v139)","trainticket_twostage_test.TrainTicketTwoStageTest_1778271990929.Flow_Scenario_749","test_negative_flow_S749_v139_fault_Root1_SEMANTIC_MISMATCH","test_negative_flow_S749_v139_fault_Root1_SEMANTIC_MISMATCH","Microservice test scenario with 1 steps."
"failed","Sat May 09 00:21:58 CDT 2026","Sat May 09 00:22:07 CDT 2026","8388","ts-admin-basic-info-service","Flow_Scenario_1040 | POST /api/v1/adminbasicservice/adminbasic/stations","[Valid] v26","trainticket_twostage_test.TrainTicketTwoStageTest_1778271990929.Flow_Scenario_1040","test_positive_flow_S1040_v26","test_positive_flow_S1040_v26","Microservice test scenario with 1 steps."
"failed","Sat May 09 02:20:39 CDT 2026","Sat May 09 02:20:53 CDT 2026","14170","ts-admin-basic-info-service","Flow_Scenario_178 | PUT /api/v1/adminbasicservice/adminbasic/trains","[Valid] v46","trainticket_twostage_test.TrainTicketTwoStageTest_1778271990929.Flow_Scenario_178","test_positive_flow_S178_v46","test_positive_flow_S178_v46","Microservice test scenario with 1 steps."
"passed","Sat May 09 01:42:12 CDT 2026","Sat May 09 01:42:26 CDT 2026","13975","ts-admin-basic-info-service","Flow_Scenario_3 | POST /api/v1/adminbasicservice/adminbasic/trains","[Fault: POST__api_v1_adminbasicservice_adminbasic_trains] SPECIAL_CHARACTERS (v171)","trainticket_twostage_test.TrainTicketTwoStageTest_1778271990929.Flow_Scenario_3","test_negative_flow_S3_v171_fault_Root1_SPECIAL_CHARACTERS","test_negative_flow_S3_v171_fault_Root1_SPECIAL_CHARACTERS","Microservice test scenario with 1 steps."
"passed","Sat May 09 00:30:28 CDT 2026","Sat May 09 00:30:37 CDT 2026","9258","ts-travel2-service","Flow_Scenario_749 | POST /api/v1/travel2service/trips/left","[Valid] v5","trainticket_twostage_test.TrainTicketTwoStageTest_1778271990929.Flow_Scenario_749","test_positive_flow_S749_v5","test_positive_flow_S749_v5","Microservice test scenario with 1 steps."
"passed","Sat May 09 00:15:50 CDT 2026","Sat May 09 00:16:00 CDT 2026","9164","ts-travel-plan-service","Flow_Scenario_276 | POST /api/v1/travelplanservice/travelPlan/cheapest","[Fault: POST__api_v1_travelplanservice_travelPlan_cheapest] SEMANTIC_MISMATCH (v28)","trainticket_twostage_test.TrainTicketTwoStageTest_1778271990929.Flow_Scenario_276","test_negative_flow_S276_v28_fault_Root1_SEMANTIC_MISMATCH","test_negative_flow_S276_v28_fault_Root1_SEMANTIC_MISMATCH","Microservice test scenario with 1 steps."
"passed","Sat May 09 00:08:08 CDT 2026","Sat May 09 00:08:21 CDT 2026","13312","ts-travel-plan-service","Flow_Scenario_276 | POST /api/v1/travelplanservice/travelPlan/cheapest","[Fault: POST__api_v1_travelplanservice_travelPlan_cheapest] TYPE_MISMATCH (v27)","trainticket_twostage_test.TrainTicketTwoStageTest_1778271990929.Flow_Scenario_276","test_negative_flow_S276_v27_fault_Root1_TYPE_MISMATCH","test_negative_flow_S276_v27_fault_Root1_TYPE_MISMATCH","Microservice test scenario with 1 steps."
"passed","Sat May 09 00:57:28 CDT 2026","Sat May 09 00:57:42 CDT 2026","13719","ts-execute-service","Flow_Scenario_420 | GET /api/v1/executeservice/execute/execute/{orderId}","[Fault: GET__api_v1_executeservice_execute_execute__orderId_] NULL_INPUT (v28)","trainticket_twostage_test.TrainTicketTwoStageTest_1778271990929.Flow_Scenario_420","test_negative_flow_S420_v28_fault_Root1_NULL_INPUT","test_negative_flow_S420_v28_fault_Root1_NULL_INPUT","Microservice test scenario with 1 steps."
"failed","Sat May 09 01:10:56 CDT 2026","Sat May 09 01:11:08 CDT 2026","12471","ts-consign-service","Flow_Scenario_894 | GET /api/v1/consignservice/consigns/order/{id}","[Valid] v13","trainticket_twostage_test.TrainTicketTwoStageTest_1778271990929.Flow_Scenario_894","test_positive_flow_S894_v13","test_positive_flow_S894_v13","Microservice test scenario with 1 steps."
"failed","Fri May 08 23:21:48 CDT 2026","Fri May 08 23:21:58 CDT 2026","9231","ts-order-other-service","Flow_Scenario_475 | POST /api/v1/orderOtherService/orderOther/refresh","[Fault: POST__api_v1_orderOtherService_orderOther_refresh] TYPE_MISMATCH (v113)","trainticket_twostage_test.TrainTicketTwoStageTest_1778271990929.Flow_Scenario_475","test_negative_flow_S475_v113_fault_Root1_TYPE_MISMATCH","test_negative_flow_S475_v113_fault_Root1_TYPE_MISMATCH","Microservice test scenario with 1 steps."
"failed","Sat May 09 02:17:20 CDT 2026","Sat May 09 02:17:33 CDT 2026","12971","ts-admin-basic-info-service","Flow_Scenario_178 | PUT /api/v1/adminbasicservice/adminbasic/trains","[Valid] v31","trainticket_twostage_test.TrainTicketTwoStageTest_1778271990929.Flow_Scenario_178","test_positive_flow_S178_v31","test_positive_flow_S178_v31","Microservice test scenario with 1 steps."
"passed","Sat May 09 00:18:48 CDT 2026","Sat May 09 00:18:54 CDT 2026","5154","ts-travel-plan-service","Flow_Scenario_276 | POST /api/v1/travelplanservice/travelPlan/cheapest","[Fault: POST__api_v1_travelplanservice_travelPlan_cheapest] SEMANTIC_MISMATCH (v87)","trainticket_twostage_test.TrainTicketTwoStageTest_1778271990929.Flow_Scenario_276","test_negative_flow_S276_v87_fault_Root1_SEMANTIC_MISMATCH","test_negative_flow_S276_v87_fault_Root1_SEMANTIC_MISMATCH","Microservice test scenario with 1 steps."
"passed","Sat May 09 00:31:53 CDT 2026","Sat May 09 00:32:02 CDT 2026","9256","ts-travel2-service","Flow_Scenario_749 | POST /api/v1/travel2service/trips/left","[Fault: POST__api_v1_travel2service_trips_left] OVERFLOW (v63)","trainticket_twostage_test.TrainTicketTwoStageTest_1778271990929.Flow_Scenario_749","test_negative_flow_S749_v63_fault_Root1_OVERFLOW","test_negative_flow_S749_v63_fault_Root1_OVERFLOW","Microservice test scenario with 1 steps."
"failed","Sat May 09 01:00:35 CDT 2026","Sat May 09 01:00:48 CDT 2026","12995","ts-admin-order-service","Flow_Scenario_1 | GET /api/v1/adminorderservice/adminorder","[Explore 400]","trainticket_twostage_test.TrainTicketTwoStageTest_1778271990929.Flow_Scenario_1","test_positive_flow_S1_v1_explore_400","test_positive_flow_S1_v1_explore_400","Microservice test scenario with 1 steps."
"failed","Sat May 09 02:16:42 CDT 2026","Sat May 09 02:16:55 CDT 2026","12793","ts-admin-basic-info-service","Flow_Scenario_178 | PUT /api/v1/adminbasicservice/adminbasic/trains","[Valid] v28","trainticket_twostage_test.TrainTicketTwoStageTest_1778271990929.Flow_Scenario_178","test_positive_flow_S178_v28","test_positive_flow_S178_v28","Microservice test scenario with 1 steps."
"passed","Sat May 09 01:01:51 CDT 2026","Sat May 09 01:02:03 CDT 2026","12220","ts-consign-service","Flow_Scenario_894 | GET /api/v1/consignservice/consigns/order/{id}","[Fault: GET__api_v1_consignservice_consigns_order__id_] SPECIAL_CHARACTERS (v30)","trainticket_twostage_test.TrainTicketTwoStageTest_1778271990929.Flow_Scenario_894","test_negative_flow_S894_v30_fault_Root1_SPECIAL_CHARACTERS","test_negative_flow_S894_v30_fault_Root1_SPECIAL_CHARACTERS","Microservice test scenario with 1 steps."
"failed","Sat May 09 00:26:24 CDT 2026","Sat May 09 00:26:33 CDT 2026","8530","ts-admin-basic-info-service","Flow_Scenario_1040 | POST /api/v1/adminbasicservice/adminbasic/stations","[Valid] v3","trainticket_twostage_test.TrainTicketTwoStageTest_1778271990929.Flow_Scenario_1040","test_positive_flow_S1040_v3","test_positive_flow_S1040_v3","Microservice test scenario with 1 steps."
"passed","Sat May 09 00:00:04 CDT 2026","Sat May 09 00:00:14 CDT 2026","9478","ts-travel-plan-service","Flow_Scenario_276 | POST /api/v1/travelplanservice/travelPlan/cheapest","[Fault: POST__api_v1_travelplanservice_travelPlan_cheapest] SEMANTIC_MISMATCH (v74)","trainticket_twostage_test.TrainTicketTwoStageTest_1778271990929.Flow_Scenario_276","test_negative_flow_S276_v74_fault_Root1_SEMANTIC_MISMATCH","test_negative_flow_S276_v74_fault_Root1_SEMANTIC_MISMATCH","Microservice test scenario with 1 steps."
"failed","Sat May 09 00:32:12 CDT 2026","Sat May 09 00:32:17 CDT 2026","5154","ts-travel2-service","Flow_Scenario_749 | POST /api/v1/travel2service/trips/left","[Fault: POST__api_v1_travel2service_trips_left] SEMANTIC_MISMATCH (v32)","trainticket_twostage_test.TrainTicketTwoStageTest_1778271990929.Flow_Scenario_749","test_negative_flow_S749_v32_fault_Root1_SEMANTIC_MISMATCH","test_negative_flow_S749_v32_fault_Root1_SEMANTIC_MISMATCH","Microservice test scenario with 1 steps."
"failed","Sat May 09 02:13:24 CDT 2026","Sat May 09 02:13:37 CDT 2026","13282","ts-admin-basic-info-service","Flow_Scenario_178 | PUT /api/v1/adminbasicservice/adminbasic/trains","[Valid] v13","trainticket_twostage_test.TrainTicketTwoStageTest_1778271990929.Flow_Scenario_178","test_positive_flow_S178_v13","test_positive_flow_S178_v13","Microservice test scenario with 1 steps."
"passed","Sat May 09 01:38:31 CDT 2026","Sat May 09 01:38:45 CDT 2026","14093","ts-admin-basic-info-service","Flow_Scenario_3 | POST /api/v1/adminbasicservice/adminbasic/trains","[Fault: POST__api_v1_adminbasicservice_adminbasic_trains] SEMANTIC_MISMATCH (v65)","trainticket_twostage_test.TrainTicketTwoStageTest_1778271990929.Flow_Scenario_3","test_negative_flow_S3_v65_fault_Root1_SEMANTIC_MISMATCH","test_negative_flow_S3_v65_fault_Root1_SEMANTIC_MISMATCH","Microservice test scenario with 1 steps."
"failed","Sat May 09 02:31:27 CDT 2026","Sat May 09 02:31:40 CDT 2026","12891","ts-admin-basic-info-service","Flow_Scenario_178 | PUT /api/v1/adminbasicservice/adminbasic/trains","[Valid] v98","trainticket_twostage_test.TrainTicketTwoStageTest_1778271990929.Flow_Scenario_178","test_positive_flow_S178_v98","test_positive_flow_S178_v98","Microservice test scenario with 1 steps."
"failed","Fri May 08 23:51:59 CDT 2026","Fri May 08 23:52:04 CDT 2026","5047","ts-order-other-service","Flow_Scenario_475 | POST /api/v1/orderOtherService/orderOther/refresh","[Fault: POST__api_v1_orderOtherService_orderOther_refresh] TYPE_MISMATCH (v66)","trainticket_twostage_test.TrainTicketTwoStageTest_1778271990929.Flow_Scenario_475","test_negative_flow_S475_v66_fault_Root1_TYPE_MISMATCH","test_negative_flow_S475_v66_fault_Root1_TYPE_MISMATCH","Microservice test scenario with 1 steps."
"failed","Sat May 09 00:25:42 CDT 2026","Sat May 09 00:25:51 CDT 2026","8721","ts-admin-basic-info-service","Flow_Scenario_1040 | POST /api/v1/adminbasicservice/adminbasic/stations","[Valid] v97","trainticket_twostage_test.TrainTicketTwoStageTest_1778271990929.Flow_Scenario_1040","test_positive_flow_S1040_v97","test_positive_flow_S1040_v97","Microservice test scenario with 1 steps."
"passed","Sat May 09 00:51:24 CDT 2026","Sat May 09 00:51:37 CDT 2026","13403","ts-execute-service","Flow_Scenario_420 | GET /api/v1/executeservice/execute/execute/{orderId}","[Fault: GET__api_v1_executeservice_execute_execute__orderId_] SPECIAL_CHARACTERS (v72)","trainticket_twostage_test.TrainTicketTwoStageTest_1778271990929.Flow_Scenario_420","test_negative_flow_S420_v72_fault_Root1_SPECIAL_CHARACTERS","test_negative_flow_S420_v72_fault_Root1_SPECIAL_CHARACTERS","Microservice test scenario with 1 steps."
"failed","Sat May 09 01:24:23 CDT 2026","Sat May 09 01:24:36 CDT 2026","13395","ts-admin-basic-info-service","Flow_Scenario_994 | PUT /api/v1/adminbasicservice/adminbasic/stations","[Valid] v5","trainticket_twostage_test.TrainTicketTwoStageTest_1778271990929.Flow_Scenario_994","test_positive_flow_S994_v5","test_positive_flow_S994_v5","Microservice test scenario with 1 steps."
"failed","Sat May 09 00:20:30 CDT 2026","Sat May 09 00:20:43 CDT 2026","12891","ts-admin-basic-info-service","Flow_Scenario_1040 | POST /api/v1/adminbasicservice/adminbasic/stations","[Valid] v17","trainticket_twostage_test.TrainTicketTwoStageTest_1778271990929.Flow_Scenario_1040","test_positive_flow_S1040_v17","test_positive_flow_S1040_v17","Microservice test scenario with 1 steps."
"failed","Fri May 08 23:34:05 CDT 2026","Fri May 08 23:34:10 CDT 2026","5048","ts-order-other-service","Flow_Scenario_475 | POST /api/v1/orderOtherService/orderOther/refresh","[Fault: POST__api_v1_orderOtherService_orderOther_refresh] OVERFLOW (v79)","trainticket_twostage_test.TrainTicketTwoStageTest_1778271990929.Flow_Scenario_475","test_negative_flow_S475_v79_fault_Root1_OVERFLOW","test_negative_flow_S475_v79_fault_Root1_OVERFLOW","Microservice test scenario with 1 steps."
"passed","Sat May 09 01:34:24 CDT 2026","Sat May 09 01:34:33 CDT 2026","9220","ts-admin-basic-info-service","Flow_Scenario_3 | POST /api/v1/adminbasicservice/adminbasic/trains","[Fault: POST__api_v1_adminbasicservice_adminbasic_trains] SPECIAL_CHARACTERS (v167)","trainticket_twostage_test.TrainTicketTwoStageTest_1778271990929.Flow_Scenario_3","test_negative_flow_S3_v167_fault_Root1_SPECIAL_CHARACTERS","test_negative_flow_S3_v167_fault_Root1_SPECIAL_CHARACTERS","Microservice test scenario with 1 steps."
"failed","Sat May 09 00:23:00 CDT 2026","Sat May 09 00:23:09 CDT 2026","8620","ts-admin-basic-info-service","Flow_Scenario_1040 | POST /api/v1/adminbasicservice/adminbasic/stations","[Valid] v33","trainticket_twostage_test.TrainTicketTwoStageTest_1778271990929.Flow_Scenario_1040","test_positive_flow_S1040_v33","test_positive_flow_S1040_v33","Microservice test scenario with 1 steps."
"failed","Sat May 09 02:31:54 CDT 2026","Sat May 09 02:32:07 CDT 2026","12585","ts-admin-basic-info-service","Flow_Scenario_178 | PUT /api/v1/adminbasicservice/adminbasic/trains","[Valid] v1","trainticket_twostage_test.TrainTicketTwoStageTest_1778271990929.Flow_Scenario_178","test_positive_flow_S178_v1","test_positive_flow_S178_v1","Microservice test scenario with 1 steps."
"passed","Sat May 09 00:36:29 CDT 2026","Sat May 09 00:36:38 CDT 2026","9298","ts-travel2-service","Flow_Scenario_749 | POST /api/v1/travel2service/trips/left","[Fault: POST__api_v1_travel2service_trips_left] TYPE_MISMATCH (v77)","trainticket_twostage_test.TrainTicketTwoStageTest_1778271990929.Flow_Scenario_749","test_negative_flow_S749_v77_fault_Root1_TYPE_MISMATCH","test_negative_flow_S749_v77_fault_Root1_TYPE_MISMATCH","Microservice test scenario with 1 steps."
"failed","Sat May 09 00:38:26 CDT 2026","Sat May 09 00:38:35 CDT 2026","9329","ts-travel2-service","Flow_Scenario_749 | POST /api/v1/travel2service/trips/left","[Fault: POST__api_v1_travel2service_trips_left] OVERFLOW (v113)","trainticket_twostage_test.TrainTicketTwoStageTest_1778271990929.Flow_Scenario_749","test_negative_flow_S749_v113_fault_Root1_OVERFLOW","test_negative_flow_S749_v113_fault_Root1_OVERFLOW","Microservice test scenario with 1 steps."
"failed","Fri May 08 23:33:03 CDT 2026","Fri May 08 23:33:13 CDT 2026","9875","ts-order-other-service","Flow_Scenario_475 | POST /api/v1/orderOtherService/orderOther/refresh","[Fault: POST__api_v1_orderOtherService_orderOther_refresh] SPECIAL_CHARACTERS (v140)","trainticket_twostage_test.TrainTicketTwoStageTest_1778271990929.Flow_Scenario_475","test_negative_flow_S475_v140_fault_Root1_SPECIAL_CHARACTERS","test_negative_flow_S475_v140_fault_Root1_SPECIAL_CHARACTERS","Microservice test scenario with 1 steps."
"passed","Sat May 09 01:57:19 CDT 2026","Sat May 09 01:57:32 CDT 2026","13199","ts-admin-basic-info-service","Flow_Scenario_3 | POST /api/v1/adminbasicservice/adminbasic/trains","[Fault: POST__api_v1_adminbasicservice_adminbasic_trains] OVERFLOW (v33)","trainticket_twostage_test.TrainTicketTwoStageTest_1778271990929.Flow_Scenario_3","test_negative_flow_S3_v33_fault_Root1_OVERFLOW","test_negative_flow_S3_v33_fault_Root1_OVERFLOW","Microservice test scenario with 1 steps."
"failed","Fri May 08 23:51:31 CDT 2026","Fri May 08 23:51:36 CDT 2026","5053","ts-order-other-service","Flow_Scenario_475 | POST /api/v1/orderOtherService/orderOther/refresh","[Fault: POST__api_v1_orderOtherService_orderOther_refresh] SEMANTIC_MISMATCH (v218)","trainticket_twostage_test.TrainTicketTwoStageTest_1778271990929.Flow_Scenario_475","test_negative_flow_S475_v218_fault_Root1_SEMANTIC_MISMATCH","test_negative_flow_S475_v218_fault_Root1_SEMANTIC_MISMATCH","Microservice test scenario with 1 steps."
"failed","Sat May 09 02:23:53 CDT 2026","Sat May 09 02:24:06 CDT 2026","13042","ts-admin-basic-info-service","Flow_Scenario_178 | PUT /api/v1/adminbasicservice/adminbasic/trains","[Valid] v61","trainticket_twostage_test.TrainTicketTwoStageTest_1778271990929.Flow_Scenario_178","test_positive_flow_S178_v61","test_positive_flow_S178_v61","Microservice test scenario with 1 steps."
"passed","Sat May 09 00:13:53 CDT 2026","Sat May 09 00:14:07 CDT 2026","13707","ts-travel-plan-service","Flow_Scenario_276 | POST /api/v1/travelplanservice/travelPlan/cheapest","[Fault: POST__api_v1_travelplanservice_travelPlan_cheapest] TYPE_MISMATCH (v69)","trainticket_twostage_test.TrainTicketTwoStageTest_1778271990929.Flow_Scenario_276","test_negative_flow_S276_v69_fault_Root1_TYPE_MISMATCH","test_negative_flow_S276_v69_fault_Root1_TYPE_MISMATCH","Microservice test scenario with 1 steps."
"passed","Sat May 09 00:12:07 CDT 2026","Sat May 09 00:12:16 CDT 2026","8759","ts-travel-plan-service","Flow_Scenario_276 | POST /api/v1/travelplanservice/travelPlan/cheapest","[Fault: POST__api_v1_travelplanservice_travelPlan_cheapest] TYPE_MISMATCH (v38)","trainticket_twostage_test.TrainTicketTwoStageTest_1778271990929.Flow_Scenario_276","test_negative_flow_S276_v38_fault_Root1_TYPE_MISMATCH","test_negative_flow_S276_v38_fault_Root1_TYPE_MISMATCH","Microservice test scenario with 1 steps."
"passed","Sat May 09 00:52:59 CDT 2026","Sat May 09 00:53:12 CDT 2026","12703","ts-execute-service","Flow_Scenario_420 | GET /api/v1/executeservice/execute/execute/{orderId}","[Fault: GET__api_v1_executeservice_execute_execute__orderId_] SEMANTIC_MISMATCH (v32)","trainticket_twostage_test.TrainTicketTwoStageTest_1778271990929.Flow_Scenario_420","test_negative_flow_S420_v32_fault_Root1_SEMANTIC_MISMATCH","test_negative_flow_S420_v32_fault_Root1_SEMANTIC_MISMATCH","Microservice test scenario with 1 steps."
"failed","Fri May 08 23:49:21 CDT 2026","Fri May 08 23:49:30 CDT 2026","9232","ts-order-other-service","Flow_Scenario_475 | POST /api/v1/orderOtherService/orderOther/refresh","[Fault: POST__api_v1_orderOtherService_orderOther_refresh] SEMANTIC_MISMATCH (v92)","trainticket_twostage_test.TrainTicketTwoStageTest_1778271990929.Flow_Scenario_475","test_negative_flow_S475_v92_fault_Root1_SEMANTIC_MISMATCH","test_negative_flow_S475_v92_fault_Root1_SEMANTIC_MISMATCH","Microservice test scenario with 1 steps."
"passed","Sat May 09 01:53:34 CDT 2026","Sat May 09 01:53:47 CDT 2026","13033","ts-admin-basic-info-service","Flow_Scenario_3 | POST /api/v1/adminbasicservice/adminbasic/trains","[Fault: POST__api_v1_adminbasicservice_adminbasic_trains] SPECIAL_CHARACTERS (v89)","trainticket_twostage_test.TrainTicketTwoStageTest_1778271990929.Flow_Scenario_3","test_negative_flow_S3_v89_fault_Root1_SPECIAL_CHARACTERS","test_negative_flow_S3_v89_fault_Root1_SPECIAL_CHARACTERS","Microservice test scenario with 1 steps."
"failed","Sat May 09 02:25:12 CDT 2026","Sat May 09 02:25:25 CDT 2026","12655","ts-admin-basic-info-service","Flow_Scenario_178 | PUT /api/v1/adminbasicservice/adminbasic/trains","[Valid] v67","trainticket_twostage_test.TrainTicketTwoStageTest_1778271990929.Flow_Scenario_178","test_positive_flow_S178_v67","test_positive_flow_S178_v67","Microservice test scenario with 1 steps."
"passed","Sat May 09 00:10:37 CDT 2026","Sat May 09 00:10:46 CDT 2026","8842","ts-travel-plan-service","Flow_Scenario_276 | POST /api/v1/travelplanservice/travelPlan/cheapest","[Fault: POST__api_v1_travelplanservice_travelPlan_cheapest] SPECIAL_CHARACTERS (v61)","trainticket_twostage_test.TrainTicketTwoStageTest_1778271990929.Flow_Scenario_276","test_negative_flow_S276_v61_fault_Root1_SPECIAL_CHARACTERS","test_negative_flow_S276_v61_fault_Root1_SPECIAL_CHARACTERS","Microservice test scenario with 1 steps."
"failed","Sat May 09 02:33:01 CDT 2026","Sat May 09 02:33:15 CDT 2026","14071","ts-admin-basic-info-service","Flow_Scenario_178 | PUT /api/v1/adminbasicservice/adminbasic/trains","[Valid] v6","trainticket_twostage_test.TrainTicketTwoStageTest_1778271990929.Flow_Scenario_178","test_positive_flow_S178_v6","test_positive_flow_S178_v6","Microservice test scenario with 1 steps."
"passed","Sat May 09 01:10:01 CDT 2026","Sat May 09 01:10:15 CDT 2026","13327","ts-consign-service","Flow_Scenario_894 | GET /api/v1/consignservice/consigns/order/{id}","[Fault: GET__api_v1_consignservice_consigns_order__id_] SEMANTIC_MISMATCH (v32)","trainticket_twostage_test.TrainTicketTwoStageTest_1778271990929.Flow_Scenario_894","test_negative_flow_S894_v32_fault_Root1_SEMANTIC_MISMATCH","test_negative_flow_S894_v32_fault_Root1_SEMANTIC_MISMATCH","Microservice test scenario with 1 steps."
"passed","Fri May 08 23:43:55 CDT 2026","Fri May 08 23:44:04 CDT 2026","9242","ts-order-other-service","Flow_Scenario_475 | POST /api/v1/orderOtherService/orderOther/refresh","[Valid] v17","trainticket_twostage_test.TrainTicketTwoStageTest_1778271990929.Flow_Scenario_475","test_positive_flow_S475_v17","test_positive_flow_S475_v17","Microservice test scenario with 1 steps."
"passed","Fri May 08 23:34:33 CDT 2026","Fri May 08 23:34:38 CDT 2026","5046","ts-order-other-service","Flow_Scenario_475 | POST /api/v1/orderOtherService/orderOther/refresh","[Fault: POST__api_v1_orderOtherService_orderOther_refresh] OVERFLOW (v216)","trainticket_twostage_test.TrainTicketTwoStageTest_1778271990929.Flow_Scenario_475","test_negative_flow_S475_v216_fault_Root1_OVERFLOW","test_negative_flow_S475_v216_fault_Root1_OVERFLOW","Microservice test scenario with 1 steps."
"passed","Sat May 09 00:01:08 CDT 2026","Sat May 09 00:01:13 CDT 2026","5069","ts-travel-plan-service","Flow_Scenario_276 | POST /api/v1/travelplanservice/travelPlan/cheapest","[Fault: POST__api_v1_travelplanservice_travelPlan_cheapest] OVERFLOW (v112)","trainticket_twostage_test.TrainTicketTwoStageTest_1778271990929.Flow_Scenario_276","test_negative_flow_S276_v112_fault_Root1_OVERFLOW","test_negative_flow_S276_v112_fault_Root1_OVERFLOW","Microservice test scenario with 1 steps."
"failed","Sat May 09 02:31:40 CDT 2026","Sat May 09 02:31:54 CDT 2026","14147","ts-admin-basic-info-service","Flow_Scenario_178 | PUT /api/v1/adminbasicservice/adminbasic/trains","[Valid] v99","trainticket_twostage_test.TrainTicketTwoStageTest_1778271990929.Flow_Scenario_178","test_positive_flow_S178_v99","test_positive_flow_S178_v99","Microservice test scenario with 1 steps."
"passed","Sat May 09 00:04:40 CDT 2026","Sat May 09 00:04:54 CDT 2026","13507","ts-travel-plan-service","Flow_Scenario_276 | POST /api/v1/travelplanservice/travelPlan/cheapest","[Fault: POST__api_v1_travelplanservice_travelPlan_cheapest] TYPE_MISMATCH (v73)","trainticket_twostage_test.TrainTicketTwoStageTest_1778271990929.Flow_Scenario_276","test_negative_flow_S276_v73_fault_Root1_TYPE_MISMATCH","test_negative_flow_S276_v73_fault_Root1_TYPE_MISMATCH","Microservice test scenario with 1 steps."
"failed","Fri May 08 23:21:01 CDT 2026","Fri May 08 23:21:10 CDT 2026","9160","ts-order-other-service","Flow_Scenario_475 | POST /api/v1/orderOtherService/orderOther/refresh","[Fault: POST__api_v1_orderOtherService_orderOther_refresh] SPECIAL_CHARACTERS (v196)","trainticket_twostage_test.TrainTicketTwoStageTest_1778271990929.Flow_Scenario_475","test_negative_flow_S475_v196_fault_Root1_SPECIAL_CHARACTERS","test_negative_flow_S475_v196_fault_Root1_SPECIAL_CHARACTERS","Microservice test scenario with 1 steps."
"passed","Sat May 09 00:46:01 CDT 2026","Sat May 09 00:46:06 CDT 2026","5045","ts-travel2-service","Flow_Scenario_749 | POST /api/v1/travel2service/trips/left","[Fault: POST__api_v1_travel2service_trips_left] TYPE_MISMATCH (v125)","trainticket_twostage_test.TrainTicketTwoStageTest_1778271990929.Flow_Scenario_749","test_negative_flow_S749_v125_fault_Root1_TYPE_MISMATCH","test_negative_flow_S749_v125_fault_Root1_TYPE_MISMATCH","Microservice test scenario with 1 steps."
"failed","Sat May 09 02:09:42 CDT 2026","Sat May 09 02:09:55 CDT 2026","12737","ts-admin-basic-info-service","Flow_Scenario_3 | POST /api/v1/adminbasicservice/adminbasic/trains","[Valid] v17","trainticket_twostage_test.TrainTicketTwoStageTest_1778271990929.Flow_Scenario_3","test_positive_flow_S3_v17","test_positive_flow_S3_v17","Microservice test scenario with 1 steps."
"failed","Fri May 08 23:42:27 CDT 2026","Fri May 08 23:42:37 CDT 2026","10380","ts-order-other-service","Flow_Scenario_475 | POST /api/v1/orderOtherService/orderOther/refresh","[Fault: POST__api_v1_orderOtherService_orderOther_refresh] SEMANTIC_MISMATCH (v28)","trainticket_twostage_test.TrainTicketTwoStageTest_1778271990929.Flow_Scenario_475","test_negative_flow_S475_v28_fault_Root1_SEMANTIC_MISMATCH","test_negative_flow_S475_v28_fault_Root1_SEMANTIC_MISMATCH","Microservice test scenario with 1 steps."
"failed","Sat May 09 02:18:26 CDT 2026","Sat May 09 02:18:38 CDT 2026","12292","ts-admin-basic-info-service","Flow_Scenario_178 | PUT /api/v1/adminbasicservice/adminbasic/trains","[Valid] v36","trainticket_twostage_test.TrainTicketTwoStageTest_1778271990929.Flow_Scenario_178","test_positive_flow_S178_v36","test_positive_flow_S178_v36","Microservice test scenario with 1 steps."
"passed","Sat May 09 00:38:49 CDT 2026","Sat May 09 00:38:59 CDT 2026","9251","ts-travel2-service","Flow_Scenario_749 | POST /api/v1/travel2service/trips/left","[Fault: POST__api_v1_travel2service_trips_left] TYPE_MISMATCH (v73)","trainticket_twostage_test.TrainTicketTwoStageTest_1778271990929.Flow_Scenario_749","test_negative_flow_S749_v73_fault_Root1_TYPE_MISMATCH","test_negative_flow_S749_v73_fault_Root1_TYPE_MISMATCH","Microservice test scenario with 1 steps."
"failed","Fri May 08 23:51:36 CDT 2026","Fri May 08 23:51:45 CDT 2026","9264","ts-order-other-service","Flow_Scenario_475 | POST /api/v1/orderOtherService/orderOther/refresh","[Fault: POST__api_v1_orderOtherService_orderOther_refresh] OVERFLOW (v234)","trainticket_twostage_test.TrainTicketTwoStageTest_1778271990929.Flow_Scenario_475","test_negative_flow_S475_v234_fault_Root1_OVERFLOW","test_negative_flow_S475_v234_fault_Root1_OVERFLOW","Microservice test scenario with 1 steps."
"failed","Fri May 08 23:45:10 CDT 2026","Fri May 08 23:45:15 CDT 2026","5045","ts-order-other-service","Flow_Scenario_475 | POST /api/v1/orderOtherService/orderOther/refresh","[Fault: POST__api_v1_orderOtherService_orderOther_refresh] SPECIAL_CHARACTERS (v273)","trainticket_twostage_test.TrainTicketTwoStageTest_1778271990929.Flow_Scenario_475","test_negative_flow_S475_v273_fault_Root1_SPECIAL_CHARACTERS","test_negative_flow_S475_v273_fault_Root1_SPECIAL_CHARACTERS","Microservice test scenario with 1 steps."
"failed","Fri May 08 23:34:10 CDT 2026","Fri May 08 23:34:19 CDT 2026","9235","ts-order-other-service","Flow_Scenario_475 | POST /api/v1/orderOtherService/orderOther/refresh","[Fault: POST__api_v1_orderOtherService_orderOther_refresh] TYPE_MISMATCH (v27)","trainticket_twostage_test.TrainTicketTwoStageTest_1778271990929.Flow_Scenario_475","test_negative_flow_S475_v27_fault_Root1_TYPE_MISMATCH","test_negative_flow_S475_v27_fault_Root1_TYPE_MISMATCH","Microservice test scenario with 1 steps."
"failed","Fri May 08 23:27:58 CDT 2026","Fri May 08 23:28:07 CDT 2026","9246","ts-order-other-service","Flow_Scenario_475 | POST /api/v1/orderOtherService/orderOther/refresh","[Fault: POST__api_v1_orderOtherService_orderOther_refresh] OVERFLOW (v242)","trainticket_twostage_test.TrainTicketTwoStageTest_1778271990929.Flow_Scenario_475","test_negative_flow_S475_v242_fault_Root1_OVERFLOW","test_negative_flow_S475_v242_fault_Root1_OVERFLOW","Microservice test scenario with 1 steps."
"passed","Sat May 09 00:48:35 CDT 2026","Sat May 09 00:48:49 CDT 2026","13455","ts-execute-service","Flow_Scenario_420 | GET /api/v1/executeservice/execute/execute/{orderId}","[Fault: GET__api_v1_executeservice_execute_execute__orderId_] SEMANTIC_MISMATCH (v63)","trainticket_twostage_test.TrainTicketTwoStageTest_1778271990929.Flow_Scenario_420","test_negative_flow_S420_v63_fault_Root1_SEMANTIC_MISMATCH","test_negative_flow_S420_v63_fault_Root1_SEMANTIC_MISMATCH","Microservice test scenario with 1 steps."
"failed","Fri May 08 23:32:14 CDT 2026","Fri May 08 23:32:23 CDT 2026","9262","ts-order-other-service","Flow_Scenario_475 | POST /api/v1/orderOtherService/orderOther/refresh","[Fault: POST__api_v1_orderOtherService_orderOther_refresh] SEMANTIC_MISMATCH (v101)","trainticket_twostage_test.TrainTicketTwoStageTest_1778271990929.Flow_Scenario_475","test_negative_flow_S475_v101_fault_Root1_SEMANTIC_MISMATCH","test_negative_flow_S475_v101_fault_Root1_SEMANTIC_MISMATCH","Microservice test scenario with 1 steps."
"passed","Sat May 09 00:39:08 CDT 2026","Sat May 09 00:39:13 CDT 2026","5082","ts-travel2-service","Flow_Scenario_749 | POST /api/v1/travel2service/trips/left","[Fault: POST__api_v1_travel2service_trips_left] SPECIAL_CHARACTERS (v121)","trainticket_twostage_test.TrainTicketTwoStageTest_1778271990929.Flow_Scenario_749","test_negative_flow_S749_v121_fault_Root1_SPECIAL_CHARACTERS","test_negative_flow_S749_v121_fault_Root1_SPECIAL_CHARACTERS","Microservice test scenario with 1 steps."
"passed","Fri May 08 23:55:07 CDT 2026","Fri May 08 23:55:21 CDT 2026","13355","ts-travel-plan-service","Flow_Scenario_276 | POST /api/v1/travelplanservice/travelPlan/cheapest","[Fault: POST__api_v1_travelplanservice_travelPlan_cheapest] SPECIAL_CHARACTERS (v40)","trainticket_twostage_test.TrainTicketTwoStageTest_1778271990929.Flow_Scenario_276","test_negative_flow_S276_v40_fault_Root1_SPECIAL_CHARACTERS","test_negative_flow_S276_v40_fault_Root1_SPECIAL_CHARACTERS","Microservice test scenario with 1 steps."
"passed","Sat May 09 01:51:22 CDT 2026","Sat May 09 01:51:35 CDT 2026","13444","ts-admin-basic-info-service","Flow_Scenario_3 | POST /api/v1/adminbasicservice/adminbasic/trains","[Fault: POST__api_v1_adminbasicservice_adminbasic_trains] SEMANTIC_MISMATCH (v129)","trainticket_twostage_test.TrainTicketTwoStageTest_1778271990929.Flow_Scenario_3","test_negative_flow_S3_v129_fault_Root1_SEMANTIC_MISMATCH","test_negative_flow_S3_v129_fault_Root1_SEMANTIC_MISMATCH","Microservice test scenario with 1 steps."
"failed","Sat May 09 01:17:24 CDT 2026","Sat May 09 01:17:36 CDT 2026","12330","ts-consign-service","Flow_Scenario_894 | GET /api/v1/consignservice/consigns/order/{id}","[Valid] v96","trainticket_twostage_test.TrainTicketTwoStageTest_1778271990929.Flow_Scenario_894","test_positive_flow_S894_v96","test_positive_flow_S894_v96","Microservice test scenario with 1 steps."
"failed","Sat May 09 00:38:35 CDT 2026","Sat May 09 00:38:40 CDT 2026","5085","ts-travel2-service","Flow_Scenario_749 | POST /api/v1/travel2service/trips/left","[Fault: POST__api_v1_travel2service_trips_left] SEMANTIC_MISMATCH (v93)","trainticket_twostage_test.TrainTicketTwoStageTest_1778271990929.Flow_Scenario_749","test_negative_flow_S749_v93_fault_Root1_SEMANTIC_MISMATCH","test_negative_flow_S749_v93_fault_Root1_SEMANTIC_MISMATCH","Microservice test scenario with 1 steps."
"failed","Fri May 08 23:46:27 CDT 2026","Fri May 08 23:46:37 CDT 2026","9238","ts-order-other-service","Flow_Scenario_475 | POST /api/v1/orderOtherService/orderOther/refresh","[Fault: POST__api_v1_orderOtherService_orderOther_refresh] TYPE_MISMATCH (v236)","trainticket_twostage_test.TrainTicketTwoStageTest_1778271990929.Flow_Scenario_475","test_negative_flow_S475_v236_fault_Root1_TYPE_MISMATCH","test_negative_flow_S475_v236_fault_Root1_TYPE_MISMATCH","Microservice test scenario with 1 steps."
"passed","Sat May 09 00:08:35 CDT 2026","Sat May 09 00:08:48 CDT 2026","13776","ts-travel-plan-service","Flow_Scenario_276 | POST /api/v1/travelplanservice/travelPlan/cheapest","[Fault: POST__api_v1_travelplanservice_travelPlan_cheapest] SPECIAL_CHARACTERS (v90)","trainticket_twostage_test.TrainTicketTwoStageTest_1778271990929.Flow_Scenario_276","test_negative_flow_S276_v90_fault_Root1_SPECIAL_CHARACTERS","test_negative_flow_S276_v90_fault_Root1_SPECIAL_CHARACTERS","Microservice test scenario with 1 steps."
"passed","Sat May 09 02:11:37 CDT 2026","Sat May 09 02:11:51 CDT 2026","13886","ts-admin-basic-info-service","Flow_Scenario_3 | POST /api/v1/adminbasicservice/adminbasic/trains","[Fault: POST__api_v1_adminbasicservice_adminbasic_trains] OVERFLOW (v120)","trainticket_twostage_test.TrainTicketTwoStageTest_1778271990929.Flow_Scenario_3","test_negative_flow_S3_v120_fault_Root1_OVERFLOW","test_negative_flow_S3_v120_fault_Root1_OVERFLOW","Microservice test scenario with 1 steps."
"passed","Sat May 09 01:22:12 CDT 2026","Sat May 09 01:22:25 CDT 2026","12987","ts-consign-service","Flow_Scenario_894 | GET /api/v1/consignservice/consigns/order/{id}","[Fault: GET__api_v1_consignservice_consigns_order__id_] NULL_INPUT (v40)","trainticket_twostage_test.TrainTicketTwoStageTest_1778271990929.Flow_Scenario_894","test_negative_flow_S894_v40_fault_Root1_NULL_INPUT","test_negative_flow_S894_v40_fault_Root1_NULL_INPUT","Microservice test scenario with 1 steps."
"failed","Sat May 09 02:39:23 CDT 2026","Sat May 09 02:39:37 CDT 2026","13641","ts-admin-travel-service","Flow_Scenario_1088 | DELETE /api/v1/admintravelservice/admintravel/{tripId}","[Valid] v100","trainticket_twostage_test.TrainTicketTwoStageTest_1778271990929.Flow_Scenario_1088","test_positive_flow_S1088_v100","test_positive_flow_S1088_v100","Microservice test scenario with 1 steps."
"failed","Fri May 08 23:48:47 CDT 2026","Fri May 08 23:48:53 CDT 2026","5052","ts-order-other-service","Flow_Scenario_475 | POST /api/v1/orderOtherService/orderOther/refresh","[Fault: POST__api_v1_orderOtherService_orderOther_refresh] SEMANTIC_MISMATCH (v184)","trainticket_twostage_test.TrainTicketTwoStageTest_1778271990929.Flow_Scenario_475","test_negative_flow_S475_v184_fault_Root1_SEMANTIC_MISMATCH","test_negative_flow_S475_v184_fault_Root1_SEMANTIC_MISMATCH","Microservice test scenario with 1 steps."
"failed","Fri May 08 23:28:17 CDT 2026","Fri May 08 23:28:22 CDT 2026","5072","ts-order-other-service","Flow_Scenario_475 | POST /api/v1/orderOtherService/orderOther/refresh","[Fault: POST__api_v1_orderOtherService_orderOther_refresh] TYPE_MISMATCH (v165)","trainticket_twostage_test.TrainTicketTwoStageTest_1778271990929.Flow_Scenario_475","test_negative_flow_S475_v165_fault_Root1_TYPE_MISMATCH","test_negative_flow_S475_v165_fault_Root1_TYPE_MISMATCH","Microservice test scenario with 1 steps."
"failed","Sat May 09 00:45:42 CDT 2026","Sat May 09 00:45:52 CDT 2026","9273","ts-travel2-service","Flow_Scenario_749 | POST /api/v1/travel2service/trips/left","[Fault: POST__api_v1_travel2service_trips_left] TYPE_MISMATCH (v38)","trainticket_twostage_test.TrainTicketTwoStageTest_1778271990929.Flow_Scenario_749","test_negative_flow_S749_v38_fault_Root1_TYPE_MISMATCH","test_negative_flow_S749_v38_fault_Root1_TYPE_MISMATCH","Microservice test scenario with 1 steps."
"failed","Fri May 08 23:37:44 CDT 2026","Fri May 08 23:37:49 CDT 2026","5049","ts-order-other-service","Flow_Scenario_475 | POST /api/v1/orderOtherService/orderOther/refresh","[Fault: POST__api_v1_orderOtherService_orderOther_refresh] SPECIAL_CHARACTERS (v144)","trainticket_twostage_test.TrainTicketTwoStageTest_1778271990929.Flow_Scenario_475","test_negative_flow_S475_v144_fault_Root1_SPECIAL_CHARACTERS","test_negative_flow_S475_v144_fault_Root1_SPECIAL_CHARACTERS","Microservice test scenario with 1 steps."
"passed","Sat May 09 00:51:10 CDT 2026","Sat May 09 00:51:24 CDT 2026","13496","ts-execute-service","Flow_Scenario_420 | GET /api/v1/executeservice/execute/execute/{orderId}","[Fault: GET__api_v1_executeservice_execute_execute__orderId_] EMPTY_INPUT (v29)","trainticket_twostage_test.TrainTicketTwoStageTest_1778271990929.Flow_Scenario_420","test_negative_flow_S420_v29_fault_Root1_EMPTY_INPUT","test_negative_flow_S420_v29_fault_Root1_EMPTY_INPUT","Microservice test scenario with 1 steps."
"failed","Sat May 09 00:23:53 CDT 2026","Sat May 09 00:24:01 CDT 2026","8397","ts-admin-basic-info-service","Flow_Scenario_1040 | POST /api/v1/adminbasicservice/adminbasic/stations","[Valid] v48","trainticket_twostage_test.TrainTicketTwoStageTest_1778271990929.Flow_Scenario_1040","test_positive_flow_S1040_v48","test_positive_flow_S1040_v48","Microservice test scenario with 1 steps."
"passed","Sat May 09 02:07:44 CDT 2026","Sat May 09 02:07:58 CDT 2026","13721","ts-admin-basic-info-service","Flow_Scenario_3 | POST /api/v1/adminbasicservice/adminbasic/trains","[Fault: POST__api_v1_adminbasicservice_adminbasic_trains] TYPE_MISMATCH (v64)","trainticket_twostage_test.TrainTicketTwoStageTest_1778271990929.Flow_Scenario_3","test_negative_flow_S3_v64_fault_Root1_TYPE_MISMATCH","test_negative_flow_S3_v64_fault_Root1_TYPE_MISMATCH","Microservice test scenario with 1 steps."
"failed","Sat May 09 00:02:45 CDT 2026","Sat May 09 00:02:54 CDT 2026","9082","ts-travel-plan-service","Flow_Scenario_276 | POST /api/v1/travelplanservice/travelPlan/cheapest","[Valid] v19","trainticket_twostage_test.TrainTicketTwoStageTest_1778271990929.Flow_Scenario_276","test_positive_flow_S276_v19","test_positive_flow_S276_v19","Microservice test scenario with 1 steps."
"passed","Fri May 08 23:55:21 CDT 2026","Fri May 08 23:55:34 CDT 2026","13519","ts-travel-plan-service","Flow_Scenario_276 | POST /api/v1/travelplanservice/travelPlan/cheapest","[Fault: POST__api_v1_travelplanservice_travelPlan_cheapest] SEMANTIC_MISMATCH (v53)","trainticket_twostage_test.TrainTicketTwoStageTest_1778271990929.Flow_Scenario_276","test_negative_flow_S276_v53_fault_Root1_SEMANTIC_MISMATCH","test_negative_flow_S276_v53_fault_Root1_SEMANTIC_MISMATCH","Microservice test scenario with 1 steps."
"failed","Sat May 09 00:39:13 CDT 2026","Sat May 09 00:39:22 CDT 2026","9275","ts-travel2-service","Flow_Scenario_749 | POST /api/v1/travel2service/trips/left","[Fault: POST__api_v1_travel2service_trips_left] SEMANTIC_MISMATCH (v55)","trainticket_twostage_test.TrainTicketTwoStageTest_1778271990929.Flow_Scenario_749","test_negative_flow_S749_v55_fault_Root1_SEMANTIC_MISMATCH","test_negative_flow_S749_v55_fault_Root1_SEMANTIC_MISMATCH","Microservice test scenario with 1 steps."
"failed","Sat May 09 01:30:01 CDT 2026","Sat May 09 01:30:14 CDT 2026","12377","ts-admin-basic-info-service","Flow_Scenario_994 | PUT /api/v1/adminbasicservice/adminbasic/stations","[Valid] v51","trainticket_twostage_test.TrainTicketTwoStageTest_1778271990929.Flow_Scenario_994","test_positive_flow_S994_v51","test_positive_flow_S994_v51","Microservice test scenario with 1 steps."
"failed","Sat May 09 00:29:17 CDT 2026","Sat May 09 00:29:26 CDT 2026","9300","ts-travel2-service","Flow_Scenario_749 | POST /api/v1/travel2service/trips/left","[Fault: POST__api_v1_travel2service_trips_left] SPECIAL_CHARACTERS (v60)","trainticket_twostage_test.TrainTicketTwoStageTest_1778271990929.Flow_Scenario_749","test_negative_flow_S749_v60_fault_Root1_SPECIAL_CHARACTERS","test_negative_flow_S749_v60_fault_Root1_SPECIAL_CHARACTERS","Microservice test scenario with 1 steps."
"passed","Sat May 09 00:09:12 CDT 2026","Sat May 09 00:09:26 CDT 2026","13740","ts-travel-plan-service","Flow_Scenario_276 | POST /api/v1/travelplanservice/travelPlan/cheapest","[Fault: POST__api_v1_travelplanservice_travelPlan_cheapest] SEMANTIC_MISMATCH (v24)","trainticket_twostage_test.TrainTicketTwoStageTest_1778271990929.Flow_Scenario_276","test_negative_flow_S276_v24_fault_Root1_SEMANTIC_MISMATCH","test_negative_flow_S276_v24_fault_Root1_SEMANTIC_MISMATCH","Microservice test scenario with 1 steps."
"failed","Sat May 09 01:12:40 CDT 2026","Sat May 09 01:12:53 CDT 2026","12918","ts-consign-service","Flow_Scenario_894 | GET /api/v1/consignservice/consigns/order/{id}","[Valid] v74","trainticket_twostage_test.TrainTicketTwoStageTest_1778271990929.Flow_Scenario_894","test_positive_flow_S894_v74","test_positive_flow_S894_v74","Microservice test scenario with 1 steps."
"failed","Sat May 09 00:44:07 CDT 2026","Sat May 09 00:44:16 CDT 2026","8679","ts-travel2-service","Flow_Scenario_749 | POST /api/v1/travel2service/trips/left","[Fault: POST__api_v1_travel2service_trips_left] TYPE_MISMATCH (v80)","trainticket_twostage_test.TrainTicketTwoStageTest_1778271990929.Flow_Scenario_749","test_negative_flow_S749_v80_fault_Root1_TYPE_MISMATCH","test_negative_flow_S749_v80_fault_Root1_TYPE_MISMATCH","Microservice test scenario with 1 steps."
"passed","Sat May 09 02:12:18 CDT 2026","Sat May 09 02:12:32 CDT 2026","13746","ts-admin-basic-info-service","Flow_Scenario_3 | POST /api/v1/adminbasicservice/adminbasic/trains","[Fault: POST__api_v1_adminbasicservice_adminbasic_trains] SEMANTIC_MISMATCH (v44)","trainticket_twostage_test.TrainTicketTwoStageTest_1778271990929.Flow_Scenario_3","test_negative_flow_S3_v44_fault_Root1_SEMANTIC_MISMATCH","test_negative_flow_S3_v44_fault_Root1_SEMANTIC_MISMATCH","Microservice test scenario with 1 steps."
"failed","Sat May 09 02:15:36 CDT 2026","Sat May 09 02:15:50 CDT 2026","13206","ts-admin-basic-info-service","Flow_Scenario_178 | PUT /api/v1/adminbasicservice/adminbasic/trains","[Valid] v23","trainticket_twostage_test.TrainTicketTwoStageTest_1778271990929.Flow_Scenario_178","test_positive_flow_S178_v23","test_positive_flow_S178_v23","Microservice test scenario with 1 steps."
"passed","Sat May 09 00:06:01 CDT 2026","Sat May 09 00:06:09 CDT 2026","8144","ts-travel-plan-service","Flow_Scenario_276 | POST /api/v1/travelplanservice/travelPlan/cheapest","[Fault: POST__api_v1_travelplanservice_travelPlan_cheapest] SEMANTIC_MISMATCH (v57)","trainticket_twostage_test.TrainTicketTwoStageTest_1778271990929.Flow_Scenario_276","test_negative_flow_S276_v57_fault_Root1_SEMANTIC_MISMATCH","test_negative_flow_S276_v57_fault_Root1_SEMANTIC_MISMATCH","Microservice test scenario with 1 steps."
"failed","Sat May 09 02:40:44 CDT 2026","Sat May 09 02:40:56 CDT 2026","12411","ts-admin-travel-service","Flow_Scenario_1088 | DELETE /api/v1/admintravelservice/admintravel/{tripId}","[Valid] v9","trainticket_twostage_test.TrainTicketTwoStageTest_1778271990929.Flow_Scenario_1088","test_positive_flow_S1088_v9","test_positive_flow_S1088_v9","Microservice test scenario with 1 steps."
"passed","Sat May 09 00:00:58 CDT 2026","Sat May 09 00:01:08 CDT 2026","9583","ts-travel-plan-service","Flow_Scenario_276 | POST /api/v1/travelplanservice/travelPlan/cheapest","[Fault: POST__api_v1_travelplanservice_travelPlan_cheapest] SEMANTIC_MISMATCH (v55)","trainticket_twostage_test.TrainTicketTwoStageTest_1778271990929.Flow_Scenario_276","test_negative_flow_S276_v55_fault_Root1_SEMANTIC_MISMATCH","test_negative_flow_S276_v55_fault_Root1_SEMANTIC_MISMATCH","Microservice test scenario with 1 steps."
"failed","Sat May 09 00:44:54 CDT 2026","Sat May 09 00:45:04 CDT 2026","9288","ts-travel2-service","Flow_Scenario_749 | POST /api/v1/travel2service/trips/left","[Fault: POST__api_v1_travel2service_trips_left] SEMANTIC_MISMATCH (v97)","trainticket_twostage_test.TrainTicketTwoStageTest_1778271990929.Flow_Scenario_749","test_negative_flow_S749_v97_fault_Root1_SEMANTIC_MISMATCH","test_negative_flow_S749_v97_fault_Root1_SEMANTIC_MISMATCH","Microservice test scenario with 1 steps."
"failed","Fri May 08 23:42:18 CDT 2026","Fri May 08 23:42:27 CDT 2026","9254","ts-order-other-service","Flow_Scenario_475 | POST /api/v1/orderOtherService/orderOther/refresh","[Fault: POST__api_v1_orderOtherService_orderOther_refresh] SPECIAL_CHARACTERS (v48)","trainticket_twostage_test.TrainTicketTwoStageTest_1778271990929.Flow_Scenario_475","test_negative_flow_S475_v48_fault_Root1_SPECIAL_CHARACTERS","test_negative_flow_S475_v48_fault_Root1_SPECIAL_CHARACTERS","Microservice test scenario with 1 steps."
"failed","Sat May 09 00:37:51 CDT 2026","Sat May 09 00:38:00 CDT 2026","9255","ts-travel2-service","Flow_Scenario_749 | POST /api/v1/travel2service/trips/left","[Fault: POST__api_v1_travel2service_trips_left] SEMANTIC_MISMATCH (v89)","trainticket_twostage_test.TrainTicketTwoStageTest_1778271990929.Flow_Scenario_749","test_negative_flow_S749_v89_fault_Root1_SEMANTIC_MISMATCH","test_negative_flow_S749_v89_fault_Root1_SEMANTIC_MISMATCH","Microservice test scenario with 1 steps."
"passed","Sat May 09 00:42:26 CDT 2026","Sat May 09 00:42:35 CDT 2026","9255","ts-travel2-service","Flow_Scenario_749 | POST /api/v1/travel2service/trips/left","[Fault: POST__api_v1_travel2service_trips_left] SPECIAL_CHARACTERS (v127)","trainticket_twostage_test.TrainTicketTwoStageTest_1778271990929.Flow_Scenario_749","test_negative_flow_S749_v127_fault_Root1_SPECIAL_CHARACTERS","test_negative_flow_S749_v127_fault_Root1_SPECIAL_CHARACTERS","Microservice test scenario with 1 steps."
"passed","Fri May 08 23:59:18 CDT 2026","Fri May 08 23:59:28 CDT 2026","9435","ts-travel-plan-service","Flow_Scenario_276 | POST /api/v1/travelplanservice/travelPlan/cheapest","[Fault: POST__api_v1_travelplanservice_travelPlan_cheapest] SPECIAL_CHARACTERS (v64)","trainticket_twostage_test.TrainTicketTwoStageTest_1778271990929.Flow_Scenario_276","test_negative_flow_S276_v64_fault_Root1_SPECIAL_CHARACTERS","test_negative_flow_S276_v64_fault_Root1_SPECIAL_CHARACTERS","Microservice test scenario with 1 steps."
"passed","Sat May 09 01:20:07 CDT 2026","Sat May 09 01:20:22 CDT 2026","14646","ts-consign-service","Flow_Scenario_894 | GET /api/v1/consignservice/consigns/order/{id}","[Fault: GET__api_v1_consignservice_consigns_order__id_] SEMANTIC_MISMATCH (v54)","trainticket_twostage_test.TrainTicketTwoStageTest_1778271990929.Flow_Scenario_894","test_negative_flow_S894_v54_fault_Root1_SEMANTIC_MISMATCH","test_negative_flow_S894_v54_fault_Root1_SEMANTIC_MISMATCH","Microservice test scenario with 1 steps."
"passed","Sat May 09 01:50:56 CDT 2026","Sat May 09 01:51:09 CDT 2026","12687","ts-admin-basic-info-service","Flow_Scenario_3 | POST /api/v1/adminbasicservice/adminbasic/trains","[Fault: POST__api_v1_adminbasicservice_adminbasic_trains] SEMANTIC_MISMATCH (v35)","trainticket_twostage_test.TrainTicketTwoStageTest_1778271990929.Flow_Scenario_3","test_negative_flow_S3_v35_fault_Root1_SEMANTIC_MISMATCH","test_negative_flow_S3_v35_fault_Root1_SEMANTIC_MISMATCH","Microservice test scenario with 1 steps."
"failed","Fri May 08 23:48:08 CDT 2026","Fri May 08 23:48:19 CDT 2026","10571","ts-order-other-service","Flow_Scenario_475 | POST /api/v1/orderOtherService/orderOther/refresh","[Fault: POST__api_v1_orderOtherService_orderOther_refresh] SPECIAL_CHARACTERS (v206)","trainticket_twostage_test.TrainTicketTwoStageTest_1778271990929.Flow_Scenario_475","test_negative_flow_S475_v206_fault_Root1_SPECIAL_CHARACTERS","test_negative_flow_S475_v206_fault_Root1_SPECIAL_CHARACTERS","Microservice test scenario with 1 steps."
"failed","Sat May 09 00:25:24 CDT 2026","Sat May 09 00:25:34 CDT 2026","9531","ts-admin-basic-info-service","Flow_Scenario_1040 | POST /api/v1/adminbasicservice/adminbasic/stations","[Valid] v86","trainticket_twostage_test.TrainTicketTwoStageTest_1778271990929.Flow_Scenario_1040","test_positive_flow_S1040_v86","test_positive_flow_S1040_v86","Microservice test scenario with 1 steps."
"failed","Sat May 09 02:30:49 CDT 2026","Sat May 09 02:31:02 CDT 2026","12789","ts-admin-basic-info-service","Flow_Scenario_178 | PUT /api/v1/adminbasicservice/adminbasic/trains","[Valid] v94","trainticket_twostage_test.TrainTicketTwoStageTest_1778271990929.Flow_Scenario_178","test_positive_flow_S178_v94","test_positive_flow_S178_v94","Microservice test scenario with 1 steps."
"passed","Sat May 09 00:09:39 CDT 2026","Sat May 09 00:09:53 CDT 2026","13429","ts-travel-plan-service","Flow_Scenario_276 | POST /api/v1/travelplanservice/travelPlan/cheapest","[Fault: POST__api_v1_travelplanservice_travelPlan_cheapest] SEMANTIC_MISMATCH (v130)","trainticket_twostage_test.TrainTicketTwoStageTest_1778271990929.Flow_Scenario_276","test_negative_flow_S276_v130_fault_Root1_SEMANTIC_MISMATCH","test_negative_flow_S276_v130_fault_Root1_SEMANTIC_MISMATCH","Microservice test scenario with 1 steps."
"passed","Sat May 09 01:21:43 CDT 2026","Sat May 09 01:21:58 CDT 2026","14483","ts-consign-service","Flow_Scenario_894 | GET /api/v1/consignservice/consigns/order/{id}","[Fault: GET__api_v1_consignservice_consigns_order__id_] NULL_INPUT (v22)","trainticket_twostage_test.TrainTicketTwoStageTest_1778271990929.Flow_Scenario_894","test_negative_flow_S894_v22_fault_Root1_NULL_INPUT","test_negative_flow_S894_v22_fault_Root1_NULL_INPUT","Microservice test scenario with 1 steps."
"passed","Sat May 09 00:30:04 CDT 2026","Sat May 09 00:30:14 CDT 2026","9295","ts-travel2-service","Flow_Scenario_749 | POST /api/v1/travel2service/trips/left","[Valid] v2","trainticket_twostage_test.TrainTicketTwoStageTest_1778271990929.Flow_Scenario_749","test_positive_flow_S749_v2","test_positive_flow_S749_v2","Microservice test scenario with 1 steps."
"failed","Sat May 09 02:38:57 CDT 2026","Sat May 09 02:39:10 CDT 2026","13229","ts-admin-travel-service","Flow_Scenario_1088 | DELETE /api/v1/admintravelservice/admintravel/{tripId}","[Valid] v70","trainticket_twostage_test.TrainTicketTwoStageTest_1778271990929.Flow_Scenario_1088","test_positive_flow_S1088_v70","test_positive_flow_S1088_v70","Microservice test scenario with 1 steps."
"passed","Sat May 09 01:08:27 CDT 2026","Sat May 09 01:08:39 CDT 2026","12818","ts-consign-service","Flow_Scenario_894 | GET /api/v1/consignservice/consigns/order/{id}","[Fault: GET__api_v1_consignservice_consigns_order__id_] SEMANTIC_MISMATCH (v65)","trainticket_twostage_test.TrainTicketTwoStageTest_1778271990929.Flow_Scenario_894","test_negative_flow_S894_v65_fault_Root1_SEMANTIC_MISMATCH","test_negative_flow_S894_v65_fault_Root1_SEMANTIC_MISMATCH","Microservice test scenario with 1 steps."
"failed","Sat May 09 01:25:41 CDT 2026","Sat May 09 01:25:54 CDT 2026","12809","ts-admin-basic-info-service","Flow_Scenario_994 | PUT /api/v1/adminbasicservice/adminbasic/stations","[Valid] v12","trainticket_twostage_test.TrainTicketTwoStageTest_1778271990929.Flow_Scenario_994","test_positive_flow_S994_v12","test_positive_flow_S994_v12","Microservice test scenario with 1 steps."
"failed","Sat May 09 00:36:24 CDT 2026","Sat May 09 00:36:29 CDT 2026","5092","ts-travel2-service","Flow_Scenario_749 | POST /api/v1/travel2service/trips/left","[Fault: POST__api_v1_travel2service_trips_left] SPECIAL_CHARACTERS (v88)","trainticket_twostage_test.TrainTicketTwoStageTest_1778271990929.Flow_Scenario_749","test_negative_flow_S749_v88_fault_Root1_SPECIAL_CHARACTERS","test_negative_flow_S749_v88_fault_Root1_SPECIAL_CHARACTERS","Microservice test scenario with 1 steps."
"passed","Sat May 09 01:19:10 CDT 2026","Sat May 09 01:19:23 CDT 2026","13751","ts-consign-service","Flow_Scenario_894 | GET /api/v1/consignservice/consigns/order/{id}","[Fault: GET__api_v1_consignservice_consigns_order__id_] SPECIAL_CHARACTERS (v42)","trainticket_twostage_test.TrainTicketTwoStageTest_1778271990929.Flow_Scenario_894","test_negative_flow_S894_v42_fault_Root1_SPECIAL_CHARACTERS","test_negative_flow_S894_v42_fault_Root1_SPECIAL_CHARACTERS","Microservice test scenario with 1 steps."
"failed","Sat May 09 01:13:06 CDT 2026","Sat May 09 01:13:18 CDT 2026","12340","ts-consign-service","Flow_Scenario_894 | GET /api/v1/consignservice/consigns/order/{id}","[Valid] v76","trainticket_twostage_test.TrainTicketTwoStageTest_1778271990929.Flow_Scenario_894","test_positive_flow_S894_v76","test_positive_flow_S894_v76","Microservice test scenario with 1 steps."
"passed","Fri May 08 23:36:35 CDT 2026","Fri May 08 23:36:45 CDT 2026","9217","ts-order-other-service","Flow_Scenario_475 | POST /api/v1/orderOtherService/orderOther/refresh","[Fault: POST__api_v1_orderOtherService_orderOther_refresh] TYPE_MISMATCH (v220)","trainticket_twostage_test.TrainTicketTwoStageTest_1778271990929.Flow_Scenario_475","test_negative_flow_S475_v220_fault_Root1_TYPE_MISMATCH","test_negative_flow_S475_v220_fault_Root1_TYPE_MISMATCH","Microservice test scenario with 1 steps."
"failed","Sat May 09 00:48:58 CDT 2026","Sat May 09 00:49:10 CDT 2026","12222","ts-execute-service","Flow_Scenario_420 | GET /api/v1/executeservice/execute/execute/{orderId}","[Valid] v1","trainticket_twostage_test.TrainTicketTwoStageTest_1778271990929.Flow_Scenario_420","test_positive_flow_S420_v1","test_positive_flow_S420_v1","Microservice test scenario with 1 steps."
"failed","Sat May 09 01:31:33 CDT 2026","Sat May 09 01:31:47 CDT 2026","13226","ts-admin-basic-info-service","Flow_Scenario_994 | PUT /api/v1/adminbasicservice/adminbasic/stations","[Valid] v67","trainticket_twostage_test.TrainTicketTwoStageTest_1778271990929.Flow_Scenario_994","test_positive_flow_S994_v67","test_positive_flow_S994_v67","Microservice test scenario with 1 steps."
"failed","Fri May 08 23:30:57 CDT 2026","Fri May 08 23:31:06 CDT 2026","9245","ts-order-other-service","Flow_Scenario_475 | POST /api/v1/orderOtherService/orderOther/refresh","[Fault: POST__api_v1_orderOtherService_orderOther_refresh] SEMANTIC_MISMATCH (v193)","trainticket_twostage_test.TrainTicketTwoStageTest_1778271990929.Flow_Scenario_475","test_negative_flow_S475_v193_fault_Root1_SEMANTIC_MISMATCH","test_negative_flow_S475_v193_fault_Root1_SEMANTIC_MISMATCH","Microservice test scenario with 1 steps."
"passed","Sat May 09 00:49:10 CDT 2026","Sat May 09 00:49:23 CDT 2026","12445","ts-execute-service","Flow_Scenario_420 | GET /api/v1/executeservice/execute/execute/{orderId}","[Fault: GET__api_v1_executeservice_execute_execute__orderId_] OVERFLOW (v39)","trainticket_twostage_test.TrainTicketTwoStageTest_1778271990929.Flow_Scenario_420","test_negative_flow_S420_v39_fault_Root1_OVERFLOW","test_negative_flow_S420_v39_fault_Root1_OVERFLOW","Microservice test scenario with 1 steps."
"failed","Fri May 08 23:46:46 CDT 2026","Fri May 08 23:46:57 CDT 2026","10892","ts-order-other-service","Flow_Scenario_475 | POST /api/v1/orderOtherService/orderOther/refresh","[Fault: POST__api_v1_orderOtherService_orderOther_refresh] SPECIAL_CHARACTERS (v235)","trainticket_twostage_test.TrainTicketTwoStageTest_1778271990929.Flow_Scenario_475","test_negative_flow_S475_v235_fault_Root1_SPECIAL_CHARACTERS","test_negative_flow_S475_v235_fault_Root1_SPECIAL_CHARACTERS","Microservice test scenario with 1 steps."
"passed","Sat May 09 01:07:44 CDT 2026","Sat May 09 01:07:58 CDT 2026","14118","ts-consign-service","Flow_Scenario_894 | GET /api/v1/consignservice/consigns/order/{id}","[Fault: GET__api_v1_consignservice_consigns_order__id_] TYPE_MISMATCH (v37)","trainticket_twostage_test.TrainTicketTwoStageTest_1778271990929.Flow_Scenario_894","test_negative_flow_S894_v37_fault_Root1_TYPE_MISMATCH","test_negative_flow_S894_v37_fault_Root1_TYPE_MISMATCH","Microservice test scenario with 1 steps."
"passed","Fri May 08 23:53:35 CDT 2026","Fri May 08 23:53:40 CDT 2026","5055","ts-order-other-service","Flow_Scenario_475 | POST /api/v1/orderOtherService/orderOther/refresh","[Fault: POST__api_v1_orderOtherService_orderOther_refresh] OVERFLOW (v219)","trainticket_twostage_test.TrainTicketTwoStageTest_1778271990929.Flow_Scenario_475","test_negative_flow_S475_v219_fault_Root1_OVERFLOW","test_negative_flow_S475_v219_fault_Root1_OVERFLOW","Microservice test scenario with 1 steps."
"failed","Fri May 08 23:35:07 CDT 2026","Fri May 08 23:35:12 CDT 2026","5052","ts-order-other-service","Flow_Scenario_475 | POST /api/v1/orderOtherService/orderOther/refresh","[Fault: POST__api_v1_orderOtherService_orderOther_refresh] SPECIAL_CHARACTERS (v142)","trainticket_twostage_test.TrainTicketTwoStageTest_1778271990929.Flow_Scenario_475","test_negative_flow_S475_v142_fault_Root1_SPECIAL_CHARACTERS","test_negative_flow_S475_v142_fault_Root1_SPECIAL_CHARACTERS","Microservice test scenario with 1 steps."
"passed","Sat May 09 00:16:09 CDT 2026","Sat May 09 00:16:23 CDT 2026","14150","ts-travel-plan-service","Flow_Scenario_276 | POST /api/v1/travelplanservice/travelPlan/cheapest","[Fault: POST__api_v1_travelplanservice_travelPlan_cheapest] SEMANTIC_MISMATCH (v134)","trainticket_twostage_test.TrainTicketTwoStageTest_1778271990929.Flow_Scenario_276","test_negative_flow_S276_v134_fault_Root1_SEMANTIC_MISMATCH","test_negative_flow_S276_v134_fault_Root1_SEMANTIC_MISMATCH","Microservice test scenario with 1 steps."
"failed","Fri May 08 23:25:53 CDT 2026","Fri May 08 23:25:58 CDT 2026","5045","ts-order-other-service","Flow_Scenario_475 | POST /api/v1/orderOtherService/orderOther/refresh","[Fault: POST__api_v1_orderOtherService_orderOther_refresh] SPECIAL_CHARACTERS (v261)","trainticket_twostage_test.TrainTicketTwoStageTest_1778271990929.Flow_Scenario_475","test_negative_flow_S475_v261_fault_Root1_SPECIAL_CHARACTERS","test_negative_flow_S475_v261_fault_Root1_SPECIAL_CHARACTERS","Microservice test scenario with 1 steps."
"failed","Sat May 09 00:45:14 CDT 2026","Sat May 09 00:45:23 CDT 2026","9034","ts-travel2-service","Flow_Scenario_749 | POST /api/v1/travel2service/trips/left","[Fault: POST__api_v1_travel2service_trips_left] SPECIAL_CHARACTERS (v76)","trainticket_twostage_test.TrainTicketTwoStageTest_1778271990929.Flow_Scenario_749","test_negative_flow_S749_v76_fault_Root1_SPECIAL_CHARACTERS","test_negative_flow_S749_v76_fault_Root1_SPECIAL_CHARACTERS","Microservice test scenario with 1 steps."
"failed","Fri May 08 23:32:58 CDT 2026","Fri May 08 23:33:03 CDT 2026","5047","ts-order-other-service","Flow_Scenario_475 | POST /api/v1/orderOtherService/orderOther/refresh","[Fault: POST__api_v1_orderOtherService_orderOther_refresh] SPECIAL_CHARACTERS (v207)","trainticket_twostage_test.TrainTicketTwoStageTest_1778271990929.Flow_Scenario_475","test_negative_flow_S475_v207_fault_Root1_SPECIAL_CHARACTERS","test_negative_flow_S475_v207_fault_Root1_SPECIAL_CHARACTERS","Microservice test scenario with 1 steps."
"failed","Sat May 09 00:40:46 CDT 2026","Sat May 09 00:40:51 CDT 2026","5086","ts-travel2-service","Flow_Scenario_749 | POST /api/v1/travel2service/trips/left","[Fault: POST__api_v1_travel2service_trips_left] SEMANTIC_MISMATCH (v126)","trainticket_twostage_test.TrainTicketTwoStageTest_1778271990929.Flow_Scenario_749","test_negative_flow_S749_v126_fault_Root1_SEMANTIC_MISMATCH","test_negative_flow_S749_v126_fault_Root1_SEMANTIC_MISMATCH","Microservice test scenario with 1 steps."
"failed","Fri May 08 23:31:20 CDT 2026","Fri May 08 23:31:25 CDT 2026","5061","ts-order-other-service","Flow_Scenario_475 | POST /api/v1/orderOtherService/orderOther/refresh","[Fault: POST__api_v1_orderOtherService_orderOther_refresh] OVERFLOW (v75)","trainticket_twostage_test.TrainTicketTwoStageTest_1778271990929.Flow_Scenario_475","test_negative_flow_S475_v75_fault_Root1_OVERFLOW","test_negative_flow_S475_v75_fault_Root1_OVERFLOW","Microservice test scenario with 1 steps."
"failed","Sat May 09 01:24:50 CDT 2026","Sat May 09 01:25:02 CDT 2026","12842","ts-admin-basic-info-service","Flow_Scenario_994 | PUT /api/v1/adminbasicservice/adminbasic/stations","[Valid] v7","trainticket_twostage_test.TrainTicketTwoStageTest_1778271990929.Flow_Scenario_994","test_positive_flow_S994_v7","test_positive_flow_S994_v7","Microservice test scenario with 1 steps."
"failed","Sat May 09 01:58:25 CDT 2026","Sat May 09 01:58:38 CDT 2026","12498","ts-admin-basic-info-service","Flow_Scenario_3 | POST /api/v1/adminbasicservice/adminbasic/trains","[Explore 200]","trainticket_twostage_test.TrainTicketTwoStageTest_1778271990929.Flow_Scenario_3","test_positive_flow_S3_v1_explore_200","test_positive_flow_S3_v1_explore_200","Microservice test scenario with 1 steps."
"passed","Sat May 09 00:54:19 CDT 2026","Sat May 09 00:54:33 CDT 2026","14098","ts-execute-service","Flow_Scenario_420 | GET /api/v1/executeservice/execute/execute/{orderId}","[Fault: GET__api_v1_executeservice_execute_execute__orderId_] TYPE_MISMATCH (v48)","trainticket_twostage_test.TrainTicketTwoStageTest_1778271990929.Flow_Scenario_420","test_negative_flow_S420_v48_fault_Root1_TYPE_MISMATCH","test_negative_flow_S420_v48_fault_Root1_TYPE_MISMATCH","Microservice test scenario with 1 steps."
"failed","Fri May 08 23:28:46 CDT 2026","Fri May 08 23:28:55 CDT 2026","9217","ts-order-other-service","Flow_Scenario_475 | POST /api/v1/orderOtherService/orderOther/refresh","[Fault: POST__api_v1_orderOtherService_orderOther_refresh] SPECIAL_CHARACTERS (v274)","trainticket_twostage_test.TrainTicketTwoStageTest_1778271990929.Flow_Scenario_475","test_negative_flow_S475_v274_fault_Root1_SPECIAL_CHARACTERS","test_negative_flow_S475_v274_fault_Root1_SPECIAL_CHARACTERS","Microservice test scenario with 1 steps."
"failed","Sat May 09 00:44:45 CDT 2026","Sat May 09 00:44:54 CDT 2026","9267","ts-travel2-service","Flow_Scenario_749 | POST /api/v1/travel2service/trips/left","[Fault: POST__api_v1_travel2service_trips_left] SPECIAL_CHARACTERS (v34)","trainticket_twostage_test.TrainTicketTwoStageTest_1778271990929.Flow_Scenario_749","test_negative_flow_S749_v34_fault_Root1_SPECIAL_CHARACTERS","test_negative_flow_S749_v34_fault_Root1_SPECIAL_CHARACTERS","Microservice test scenario with 1 steps."
"passed","Sat May 09 01:07:16 CDT 2026","Sat May 09 01:07:29 CDT 2026","13875","ts-consign-service","Flow_Scenario_894 | GET /api/v1/consignservice/consigns/order/{id}","[Fault: GET__api_v1_consignservice_consigns_order__id_] OVERFLOW (v33)","trainticket_twostage_test.TrainTicketTwoStageTest_1778271990929.Flow_Scenario_894","test_negative_flow_S894_v33_fault_Root1_OVERFLOW","test_negative_flow_S894_v33_fault_Root1_OVERFLOW","Microservice test scenario with 1 steps."
"failed","Sat May 09 00:33:28 CDT 2026","Sat May 09 00:33:38 CDT 2026","9573","ts-travel2-service","Flow_Scenario_749 | POST /api/v1/travel2service/trips/left","[Valid] v11","trainticket_twostage_test.TrainTicketTwoStageTest_1778271990929.Flow_Scenario_749","test_positive_flow_S749_v11","test_positive_flow_S749_v11","Microservice test scenario with 1 steps."
"failed","Sat May 09 00:47:58 CDT 2026","Sat May 09 00:48:04 CDT 2026","5080","ts-travel2-service","Flow_Scenario_749 | POST /api/v1/travel2service/trips/left","[Fault: POST__api_v1_travel2service_trips_left] TYPE_MISMATCH (v111)","trainticket_twostage_test.TrainTicketTwoStageTest_1778271990929.Flow_Scenario_749","test_negative_flow_S749_v111_fault_Root1_TYPE_MISMATCH","test_negative_flow_S749_v111_fault_Root1_TYPE_MISMATCH","Microservice test scenario with 1 steps."
"passed","Sat May 09 00:07:55 CDT 2026","Sat May 09 00:08:08 CDT 2026","13174","ts-travel-plan-service","Flow_Scenario_276 | POST /api/v1/travelplanservice/travelPlan/cheapest","[Fault: POST__api_v1_travelplanservice_travelPlan_cheapest] SPECIAL_CHARACTERS (v103)","trainticket_twostage_test.TrainTicketTwoStageTest_1778271990929.Flow_Scenario_276","test_negative_flow_S276_v103_fault_Root1_SPECIAL_CHARACTERS","test_negative_flow_S276_v103_fault_Root1_SPECIAL_CHARACTERS","Microservice test scenario with 1 steps."
"failed","Sat May 09 02:35:20 CDT 2026","Sat May 09 02:35:30 CDT 2026","9755","ts-admin-basic-info-service","Flow_Scenario_178 | PUT /api/v1/adminbasicservice/adminbasic/trains","[Explore 409]","trainticket_twostage_test.TrainTicketTwoStageTest_1778271990929.Flow_Scenario_178","test_positive_flow_S178_v2_explore_409","test_positive_flow_S178_v2_explore_409","Microservice test scenario with 1 steps."
"failed","Sat May 09 00:29:40 CDT 2026","Sat May 09 00:29:55 CDT 2026","14738","ts-travel2-service","Flow_Scenario_749 | POST /api/v1/travel2service/trips/left","[Fault: POST__api_v1_travel2service_trips_left] SEMANTIC_MISMATCH (v28)","trainticket_twostage_test.TrainTicketTwoStageTest_1778271990929.Flow_Scenario_749","test_negative_flow_S749_v28_fault_Root1_SEMANTIC_MISMATCH","test_negative_flow_S749_v28_fault_Root1_SEMANTIC_MISMATCH","Microservice test scenario with 1 steps."
"failed","Sat May 09 01:28:19 CDT 2026","Sat May 09 01:28:32 CDT 2026","12937","ts-admin-basic-info-service","Flow_Scenario_994 | PUT /api/v1/adminbasicservice/adminbasic/stations","[Valid] v25","trainticket_twostage_test.TrainTicketTwoStageTest_1778271990929.Flow_Scenario_994","test_positive_flow_S994_v25","test_positive_flow_S994_v25","Microservice test scenario with 1 steps."
"failed","Sat May 09 02:26:31 CDT 2026","Sat May 09 02:26:41 CDT 2026","9007","ts-admin-basic-info-service","Flow_Scenario_178 | PUT /api/v1/adminbasicservice/adminbasic/trains","[Valid] v73","trainticket_twostage_test.TrainTicketTwoStageTest_1778271990929.Flow_Scenario_178","test_positive_flow_S178_v73","test_positive_flow_S178_v73","Microservice test scenario with 1 steps."
"failed","Sat May 09 00:41:38 CDT 2026","Sat May 09 00:41:47 CDT 2026","9351","ts-travel2-service","Flow_Scenario_749 | POST /api/v1/travel2service/trips/left","[Fault: POST__api_v1_travel2service_trips_left] SPECIAL_CHARACTERS (v136)","trainticket_twostage_test.TrainTicketTwoStageTest_1778271990929.Flow_Scenario_749","test_negative_flow_S749_v136_fault_Root1_SPECIAL_CHARACTERS","test_negative_flow_S749_v136_fault_Root1_SPECIAL_CHARACTERS","Microservice test scenario with 1 steps."
"passed","Sat May 09 00:33:23 CDT 2026","Sat May 09 00:33:28 CDT 2026","5132","ts-travel2-service","Flow_Scenario_749 | POST /api/v1/travel2service/trips/left","[Valid] v10","trainticket_twostage_test.TrainTicketTwoStageTest_1778271990929.Flow_Scenario_749","test_positive_flow_S749_v10","test_positive_flow_S749_v10","Microservice test scenario with 1 steps."
"failed","Sat May 09 01:12:53 CDT 2026","Sat May 09 01:13:06 CDT 2026","12243","ts-consign-service","Flow_Scenario_894 | GET /api/v1/consignservice/consigns/order/{id}","[Valid] v75","trainticket_twostage_test.TrainTicketTwoStageTest_1778271990929.Flow_Scenario_894","test_positive_flow_S894_v75","test_positive_flow_S894_v75","Microservice test scenario with 1 steps."
"failed","Sat May 09 02:26:53 CDT 2026","Sat May 09 02:27:06 CDT 2026","12970","ts-admin-basic-info-service","Flow_Scenario_178 | PUT /api/v1/adminbasicservice/adminbasic/trains","[Valid] v75","trainticket_twostage_test.TrainTicketTwoStageTest_1778271990929.Flow_Scenario_178","test_positive_flow_S178_v75","test_positive_flow_S178_v75","Microservice test scenario with 1 steps."
"failed","Fri May 08 23:46:37 CDT 2026","Fri May 08 23:46:46 CDT 2026","9260","ts-order-other-service","Flow_Scenario_475 | POST /api/v1/orderOtherService/orderOther/refresh","[Fault: POST__api_v1_orderOtherService_orderOther_refresh] SPECIAL_CHARACTERS (v204)","trainticket_twostage_test.TrainTicketTwoStageTest_1778271990929.Flow_Scenario_475","test_negative_flow_S475_v204_fault_Root1_SPECIAL_CHARACTERS","test_negative_flow_S475_v204_fault_Root1_SPECIAL_CHARACTERS","Microservice test scenario with 1 steps."
"passed","Sat May 09 02:07:22 CDT 2026","Sat May 09 02:07:31 CDT 2026","8971","ts-admin-basic-info-service","Flow_Scenario_3 | POST /api/v1/adminbasicservice/adminbasic/trains","[Fault: POST__api_v1_adminbasicservice_adminbasic_trains] TYPE_MISMATCH (v80)","trainticket_twostage_test.TrainTicketTwoStageTest_1778271990929.Flow_Scenario_3","test_negative_flow_S3_v80_fault_Root1_TYPE_MISMATCH","test_negative_flow_S3_v80_fault_Root1_TYPE_MISMATCH","Microservice test scenario with 1 steps."
"failed","Sat May 09 02:20:12 CDT 2026","Sat May 09 02:20:26 CDT 2026","13281","ts-admin-basic-info-service","Flow_Scenario_178 | PUT /api/v1/adminbasicservice/adminbasic/trains","[Valid] v44","trainticket_twostage_test.TrainTicketTwoStageTest_1778271990929.Flow_Scenario_178","test_positive_flow_S178_v44","test_positive_flow_S178_v44","Microservice test scenario with 1 steps."
"passed","Sat May 09 01:48:47 CDT 2026","Sat May 09 01:49:00 CDT 2026","13074","ts-admin-basic-info-service","Flow_Scenario_3 | POST /api/v1/adminbasicservice/adminbasic/trains","[Fault: POST__api_v1_adminbasicservice_adminbasic_trains] TYPE_MISMATCH (v31)","trainticket_twostage_test.TrainTicketTwoStageTest_1778271990929.Flow_Scenario_3","test_negative_flow_S3_v31_fault_Root1_TYPE_MISMATCH","test_negative_flow_S3_v31_fault_Root1_TYPE_MISMATCH","Microservice test scenario with 1 steps."
"passed","Fri May 08 23:47:26 CDT 2026","Fri May 08 23:47:35 CDT 2026","9206","ts-order-other-service","Flow_Scenario_475 | POST /api/v1/orderOtherService/orderOther/refresh","[Fault: POST__api_v1_orderOtherService_orderOther_refresh] TYPE_MISMATCH (v153)","trainticket_twostage_test.TrainTicketTwoStageTest_1778271990929.Flow_Scenario_475","test_negative_flow_S475_v153_fault_Root1_TYPE_MISMATCH","test_negative_flow_S475_v153_fault_Root1_TYPE_MISMATCH","Microservice test scenario with 1 steps."
"failed","Sat May 09 02:21:18 CDT 2026","Sat May 09 02:21:31 CDT 2026","12889","ts-admin-basic-info-service","Flow_Scenario_178 | PUT /api/v1/adminbasicservice/adminbasic/trains","[Valid] v49","trainticket_twostage_test.TrainTicketTwoStageTest_1778271990929.Flow_Scenario_178","test_positive_flow_S178_v49","test_positive_flow_S178_v49","Microservice test scenario with 1 steps."
"failed","Sat May 09 00:38:11 CDT 2026","Sat May 09 00:38:20 CDT 2026","9627","ts-travel2-service","Flow_Scenario_749 | POST /api/v1/travel2service/trips/left","[Fault: POST__api_v1_travel2service_trips_left] SPECIAL_CHARACTERS (v130)","trainticket_twostage_test.TrainTicketTwoStageTest_1778271990929.Flow_Scenario_749","test_negative_flow_S749_v130_fault_Root1_SPECIAL_CHARACTERS","test_negative_flow_S749_v130_fault_Root1_SPECIAL_CHARACTERS","Microservice test scenario with 1 steps."
"failed","Fri May 08 23:22:07 CDT 2026","Fri May 08 23:22:17 CDT 2026","9892","ts-order-other-service","Flow_Scenario_475 | POST /api/v1/orderOtherService/orderOther/refresh","[Fault: POST__api_v1_orderOtherService_orderOther_refresh] SPECIAL_CHARACTERS (v56)","trainticket_twostage_test.TrainTicketTwoStageTest_1778271990929.Flow_Scenario_475","test_negative_flow_S475_v56_fault_Root1_SPECIAL_CHARACTERS","test_negative_flow_S475_v56_fault_Root1_SPECIAL_CHARACTERS","Microservice test scenario with 1 steps."
"passed","Fri May 08 23:43:40 CDT 2026","Fri May 08 23:43:45 CDT 2026","5047","ts-order-other-service","Flow_Scenario_475 | POST /api/v1/orderOtherService/orderOther/refresh","[Valid] v15","trainticket_twostage_test.TrainTicketTwoStageTest_1778271990929.Flow_Scenario_475","test_positive_flow_S475_v15","test_positive_flow_S475_v15","Microservice test scenario with 1 steps."
"failed","Sat May 09 02:28:26 CDT 2026","Sat May 09 02:28:39 CDT 2026","13087","ts-admin-basic-info-service","Flow_Scenario_178 | PUT /api/v1/adminbasicservice/adminbasic/trains","[Valid] v83","trainticket_twostage_test.TrainTicketTwoStageTest_1778271990929.Flow_Scenario_178","test_positive_flow_S178_v83","test_positive_flow_S178_v83","Microservice test scenario with 1 steps."
"failed","Sat May 09 00:24:59 CDT 2026","Sat May 09 00:25:12 CDT 2026","12312","ts-admin-basic-info-service","Flow_Scenario_1040 | POST /api/v1/adminbasicservice/adminbasic/stations","[Valid] v83","trainticket_twostage_test.TrainTicketTwoStageTest_1778271990929.Flow_Scenario_1040","test_positive_flow_S1040_v83","test_positive_flow_S1040_v83","Microservice test scenario with 1 steps."
"passed","Sat May 09 01:55:59 CDT 2026","Sat May 09 01:56:13 CDT 2026","13663","ts-admin-basic-info-service","Flow_Scenario_3 | POST /api/v1/adminbasicservice/adminbasic/trains","[Fault: POST__api_v1_adminbasicservice_adminbasic_trains] SEMANTIC_MISMATCH (v37)","trainticket_twostage_test.TrainTicketTwoStageTest_1778271990929.Flow_Scenario_3","test_negative_flow_S3_v37_fault_Root1_SEMANTIC_MISMATCH","test_negative_flow_S3_v37_fault_Root1_SEMANTIC_MISMATCH","Microservice test scenario with 1 steps."
"failed","Sat May 09 00:19:21 CDT 2026","Sat May 09 00:19:30 CDT 2026","9274","ts-admin-basic-info-service","Flow_Scenario_1040 | POST /api/v1/adminbasicservice/adminbasic/stations","[Valid] v10","trainticket_twostage_test.TrainTicketTwoStageTest_1778271990929.Flow_Scenario_1040","test_positive_flow_S1040_v10","test_positive_flow_S1040_v10","Microservice test scenario with 1 steps."
"failed","Sat May 09 01:14:21 CDT 2026","Sat May 09 01:14:34 CDT 2026","12928","ts-consign-service","Flow_Scenario_894 | GET /api/v1/consignservice/consigns/order/{id}","[Valid] v82","trainticket_twostage_test.TrainTicketTwoStageTest_1778271990929.Flow_Scenario_894","test_positive_flow_S894_v82","test_positive_flow_S894_v82","Microservice test scenario with 1 steps."
"failed","Fri May 08 23:41:39 CDT 2026","Fri May 08 23:41:44 CDT 2026","5048","ts-order-other-service","Flow_Scenario_475 | POST /api/v1/orderOtherService/orderOther/refresh","[Fault: POST__api_v1_orderOtherService_orderOther_refresh] SEMANTIC_MISMATCH (v249)","trainticket_twostage_test.TrainTicketTwoStageTest_1778271990929.Flow_Scenario_475","test_negative_flow_S475_v249_fault_Root1_SEMANTIC_MISMATCH","test_negative_flow_S475_v249_fault_Root1_SEMANTIC_MISMATCH","Microservice test scenario with 1 steps."
"failed","Sat May 09 00:24:01 CDT 2026","Sat May 09 00:24:09 CDT 2026","8275","ts-admin-basic-info-service","Flow_Scenario_1040 | POST /api/v1/adminbasicservice/adminbasic/stations","[Valid] v59","trainticket_twostage_test.TrainTicketTwoStageTest_1778271990929.Flow_Scenario_1040","test_positive_flow_S1040_v59","test_positive_flow_S1040_v59","Microservice test scenario with 1 steps."
"passed","Sat May 09 01:19:38 CDT 2026","Sat May 09 01:19:52 CDT 2026","14612","ts-consign-service","Flow_Scenario_894 | GET /api/v1/consignservice/consigns/order/{id}","[Fault: GET__api_v1_consignservice_consigns_order__id_] SPECIAL_CHARACTERS (v64)","trainticket_twostage_test.TrainTicketTwoStageTest_1778271990929.Flow_Scenario_894","test_negative_flow_S894_v64_fault_Root1_SPECIAL_CHARACTERS","test_negative_flow_S894_v64_fault_Root1_SPECIAL_CHARACTERS","Microservice test scenario with 1 steps."
"failed","Sat May 09 01:59:55 CDT 2026","Sat May 09 02:00:08 CDT 2026","13173","ts-admin-basic-info-service","Flow_Scenario_3 | POST /api/v1/adminbasicservice/adminbasic/trains","[Valid] v5","trainticket_twostage_test.TrainTicketTwoStageTest_1778271990929.Flow_Scenario_3","test_positive_flow_S3_v5","test_positive_flow_S3_v5","Microservice test scenario with 1 steps."
"failed","Fri May 08 23:45:20 CDT 2026","Fri May 08 23:45:30 CDT 2026","9923","ts-order-other-service","Flow_Scenario_475 | POST /api/v1/orderOtherService/orderOther/refresh","[Fault: POST__api_v1_orderOtherService_orderOther_refresh] OVERFLOW (v177)","trainticket_twostage_test.TrainTicketTwoStageTest_1778271990929.Flow_Scenario_475","test_negative_flow_S475_v177_fault_Root1_OVERFLOW","test_negative_flow_S475_v177_fault_Root1_OVERFLOW","Microservice test scenario with 1 steps."
"failed","Sat May 09 00:23:43 CDT 2026","Sat May 09 00:23:53 CDT 2026","9271","ts-admin-basic-info-service","Flow_Scenario_1040 | POST /api/v1/adminbasicservice/adminbasic/stations","[Valid] v39","trainticket_twostage_test.TrainTicketTwoStageTest_1778271990929.Flow_Scenario_1040","test_positive_flow_S1040_v39","test_positive_flow_S1040_v39","Microservice test scenario with 1 steps."
"failed","Sat May 09 01:58:38 CDT 2026","Sat May 09 01:58:50 CDT 2026","12377","ts-admin-basic-info-service","Flow_Scenario_3 | POST /api/v1/adminbasicservice/adminbasic/trains","[Explore 400]","trainticket_twostage_test.TrainTicketTwoStageTest_1778271990929.Flow_Scenario_3","test_positive_flow_S3_v1_explore_400","test_positive_flow_S3_v1_explore_400","Microservice test scenario with 1 steps."
"passed","Sat May 09 01:44:52 CDT 2026","Sat May 09 01:45:05 CDT 2026","13112","ts-admin-basic-info-service","Flow_Scenario_3 | POST /api/v1/adminbasicservice/adminbasic/trains","[Fault: POST__api_v1_adminbasicservice_adminbasic_trains] TYPE_MISMATCH (v124)","trainticket_twostage_test.TrainTicketTwoStageTest_1778271990929.Flow_Scenario_3","test_negative_flow_S3_v124_fault_Root1_TYPE_MISMATCH","test_negative_flow_S3_v124_fault_Root1_TYPE_MISMATCH","Microservice test scenario with 1 steps."
"failed","Sat May 09 01:15:27 CDT 2026","Sat May 09 01:15:41 CDT 2026","14622","ts-consign-service","Flow_Scenario_894 | GET /api/v1/consignservice/consigns/order/{id}","[Valid] v87","trainticket_twostage_test.TrainTicketTwoStageTest_1778271990929.Flow_Scenario_894","test_positive_flow_S894_v87","test_positive_flow_S894_v87","Microservice test scenario with 1 steps."
"passed","Fri May 08 23:46:22 CDT 2026","Fri May 08 23:46:27 CDT 2026","5044","ts-order-other-service","Flow_Scenario_475 | POST /api/v1/orderOtherService/orderOther/refresh","[Fault: POST__api_v1_orderOtherService_orderOther_refresh] TYPE_MISMATCH (v211)","trainticket_twostage_test.TrainTicketTwoStageTest_1778271990929.Flow_Scenario_475","test_negative_flow_S475_v211_fault_Root1_TYPE_MISMATCH","test_negative_flow_S475_v211_fault_Root1_TYPE_MISMATCH","Microservice test scenario with 1 steps."
"failed","Sat May 09 02:17:08 CDT 2026","Sat May 09 02:17:20 CDT 2026","12628","ts-admin-basic-info-service","Flow_Scenario_178 | PUT /api/v1/adminbasicservice/adminbasic/trains","[Valid] v30","trainticket_twostage_test.TrainTicketTwoStageTest_1778271990929.Flow_Scenario_178","test_positive_flow_S178_v30","test_positive_flow_S178_v30","Microservice test scenario with 1 steps."
"failed","Sat May 09 00:21:49 CDT 2026","Sat May 09 00:21:58 CDT 2026","8894","ts-admin-basic-info-service","Flow_Scenario_1040 | POST /api/v1/adminbasicservice/adminbasic/stations","[Valid] v25","trainticket_twostage_test.TrainTicketTwoStageTest_1778271990929.Flow_Scenario_1040","test_positive_flow_S1040_v25","test_positive_flow_S1040_v25","Microservice test scenario with 1 steps."
"failed","Sat May 09 00:46:30 CDT 2026","Sat May 09 00:46:39 CDT 2026","9272","ts-travel2-service","Flow_Scenario_749 | POST /api/v1/travel2service/trips/left","[Fault: POST__api_v1_travel2service_trips_left] SPECIAL_CHARACTERS (v58)","trainticket_twostage_test.TrainTicketTwoStageTest_1778271990929.Flow_Scenario_749","test_negative_flow_S749_v58_fault_Root1_SPECIAL_CHARACTERS","test_negative_flow_S749_v58_fault_Root1_SPECIAL_CHARACTERS","Microservice test scenario with 1 steps."
"passed","Sat May 09 01:48:34 CDT 2026","Sat May 09 01:48:47 CDT 2026","13324","ts-admin-basic-info-service","Flow_Scenario_3 | POST /api/v1/adminbasicservice/adminbasic/trains","[Fault: POST__api_v1_adminbasicservice_adminbasic_trains] SEMANTIC_MISMATCH (v69)","trainticket_twostage_test.TrainTicketTwoStageTest_1778271990929.Flow_Scenario_3","test_negative_flow_S3_v69_fault_Root1_SEMANTIC_MISMATCH","test_negative_flow_S3_v69_fault_Root1_SEMANTIC_MISMATCH","Microservice test scenario with 1 steps."
"failed","Sat May 09 01:32:12 CDT 2026","Sat May 09 01:32:25 CDT 2026","12356","ts-admin-basic-info-service","Flow_Scenario_994 | PUT /api/v1/adminbasicservice/adminbasic/stations","[Valid] v79","trainticket_twostage_test.TrainTicketTwoStageTest_1778271990929.Flow_Scenario_994","test_positive_flow_S994_v79","test_positive_flow_S994_v79","Microservice test scenario with 1 steps."
"failed","Fri May 08 23:38:03 CDT 2026","Fri May 08 23:38:08 CDT 2026","5046","ts-order-other-service","Flow_Scenario_475 | POST /api/v1/orderOtherService/orderOther/refresh","[Fault: POST__api_v1_orderOtherService_orderOther_refresh] SEMANTIC_MISMATCH (v103)","trainticket_twostage_test.TrainTicketTwoStageTest_1778271990929.Flow_Scenario_475","test_negative_flow_S475_v103_fault_Root1_SEMANTIC_MISMATCH","test_negative_flow_S475_v103_fault_Root1_SEMANTIC_MISMATCH","Microservice test scenario with 1 steps."
"passed","Sat May 09 01:46:24 CDT 2026","Sat May 09 01:46:38 CDT 2026","13333","ts-admin-basic-info-service","Flow_Scenario_3 | POST /api/v1/adminbasicservice/adminbasic/trains","[Fault: POST__api_v1_adminbasicservice_adminbasic_trains] SEMANTIC_MISMATCH (v166)","trainticket_twostage_test.TrainTicketTwoStageTest_1778271990929.Flow_Scenario_3","test_negative_flow_S3_v166_fault_Root1_SEMANTIC_MISMATCH","test_negative_flow_S3_v166_fault_Root1_SEMANTIC_MISMATCH","Microservice test scenario with 1 steps."
"passed","Fri May 08 23:23:34 CDT 2026","Fri May 08 23:23:44 CDT 2026","9351","ts-order-other-service","Flow_Scenario_475 | POST /api/v1/orderOtherService/orderOther/refresh","[Valid] v1","trainticket_twostage_test.TrainTicketTwoStageTest_1778271990929.Flow_Scenario_475","test_positive_flow_S475_v1","test_positive_flow_S475_v1","Microservice test scenario with 1 steps."
"failed","Sat May 09 00:39:22 CDT 2026","Sat May 09 00:39:27 CDT 2026","5107","ts-travel2-service","Flow_Scenario_749 | POST /api/v1/travel2service/trips/left","[Fault: POST__api_v1_travel2service_trips_left] SPECIAL_CHARACTERS (v101)","trainticket_twostage_test.TrainTicketTwoStageTest_1778271990929.Flow_Scenario_749","test_negative_flow_S749_v101_fault_Root1_SPECIAL_CHARACTERS","test_negative_flow_S749_v101_fault_Root1_SPECIAL_CHARACTERS","Microservice test scenario with 1 steps."
"failed","Fri May 08 23:30:36 CDT 2026","Fri May 08 23:30:41 CDT 2026","5047","ts-order-other-service","Flow_Scenario_475 | POST /api/v1/orderOtherService/orderOther/refresh","[Fault: POST__api_v1_orderOtherService_orderOther_refresh] SEMANTIC_MISMATCH (v245)","trainticket_twostage_test.TrainTicketTwoStageTest_1778271990929.Flow_Scenario_475","test_negative_flow_S475_v245_fault_Root1_SEMANTIC_MISMATCH","test_negative_flow_S475_v245_fault_Root1_SEMANTIC_MISMATCH","Microservice test scenario with 1 steps."
"passed","Sat May 09 02:03:23 CDT 2026","Sat May 09 02:03:37 CDT 2026","13744","ts-admin-basic-info-service","Flow_Scenario_3 | POST /api/v1/adminbasicservice/adminbasic/trains","[Fault: POST__api_v1_adminbasicservice_adminbasic_trains] TYPE_MISMATCH (v126)","trainticket_twostage_test.TrainTicketTwoStageTest_1778271990929.Flow_Scenario_3","test_negative_flow_S3_v126_fault_Root1_TYPE_MISMATCH","test_negative_flow_S3_v126_fault_Root1_TYPE_MISMATCH","Microservice test scenario with 1 steps."
"passed","Sat May 09 00:32:26 CDT 2026","Sat May 09 00:32:31 CDT 2026","5085","ts-travel2-service","Flow_Scenario_749 | POST /api/v1/travel2service/trips/left","[Fault: POST__api_v1_travel2service_trips_left] SEMANTIC_MISMATCH (v137)","trainticket_twostage_test.TrainTicketTwoStageTest_1778271990929.Flow_Scenario_749","test_negative_flow_S749_v137_fault_Root1_SEMANTIC_MISMATCH","test_negative_flow_S749_v137_fault_Root1_SEMANTIC_MISMATCH","Microservice test scenario with 1 steps."
"failed","Sat May 09 02:38:31 CDT 2026","Sat May 09 02:38:45 CDT 2026","13283","ts-admin-travel-service","Flow_Scenario_1088 | DELETE /api/v1/admintravelservice/admintravel/{tripId}","[Valid] v52","trainticket_twostage_test.TrainTicketTwoStageTest_1778271990929.Flow_Scenario_1088","test_positive_flow_S1088_v52","test_positive_flow_S1088_v52","Microservice test scenario with 1 steps."
"failed","Sat May 09 02:24:46 CDT 2026","Sat May 09 02:24:59 CDT 2026","13538","ts-admin-basic-info-service","Flow_Scenario_178 | PUT /api/v1/adminbasicservice/adminbasic/trains","[Valid] v65","trainticket_twostage_test.TrainTicketTwoStageTest_1778271990929.Flow_Scenario_178","test_positive_flow_S178_v65","test_positive_flow_S178_v65","Microservice test scenario with 1 steps."
"passed","Sat May 09 02:03:10 CDT 2026","Sat May 09 02:03:23 CDT 2026","13462","ts-admin-basic-info-service","Flow_Scenario_3 | POST /api/v1/adminbasicservice/adminbasic/trains","[Fault: POST__api_v1_adminbasicservice_adminbasic_trains] SPECIAL_CHARACTERS (v141)","trainticket_twostage_test.TrainTicketTwoStageTest_1778271990929.Flow_Scenario_3","test_negative_flow_S3_v141_fault_Root1_SPECIAL_CHARACTERS","test_negative_flow_S3_v141_fault_Root1_SPECIAL_CHARACTERS","Microservice test scenario with 1 steps."
"passed","Sat May 09 00:13:05 CDT 2026","Sat May 09 00:13:14 CDT 2026","9378","ts-travel-plan-service","Flow_Scenario_276 | POST /api/v1/travelplanservice/travelPlan/cheapest","[Fault: POST__api_v1_travelplanservice_travelPlan_cheapest] SEMANTIC_MISMATCH (v45)","trainticket_twostage_test.TrainTicketTwoStageTest_1778271990929.Flow_Scenario_276","test_negative_flow_S276_v45_fault_Root1_SEMANTIC_MISMATCH","test_negative_flow_S276_v45_fault_Root1_SEMANTIC_MISMATCH","Microservice test scenario with 1 steps."
"failed","Sat May 09 00:21:15 CDT 2026","Sat May 09 00:21:24 CDT 2026","8881","ts-admin-basic-info-service","Flow_Scenario_1040 | POST /api/v1/adminbasicservice/adminbasic/stations","[Valid] v22","trainticket_twostage_test.TrainTicketTwoStageTest_1778271990929.Flow_Scenario_1040","test_positive_flow_S1040_v22","test_positive_flow_S1040_v22","Microservice test scenario with 1 steps."
"passed","Sat May 09 00:13:14 CDT 2026","Sat May 09 00:13:22 CDT 2026","8532","ts-travel-plan-service","Flow_Scenario_276 | POST /api/v1/travelplanservice/travelPlan/cheapest","[Fault: POST__api_v1_travelplanservice_travelPlan_cheapest] SPECIAL_CHARACTERS (v34)","trainticket_twostage_test.TrainTicketTwoStageTest_1778271990929.Flow_Scenario_276","test_negative_flow_S276_v34_fault_Root1_SPECIAL_CHARACTERS","test_negative_flow_S276_v34_fault_Root1_SPECIAL_CHARACTERS","Microservice test scenario with 1 steps."
"failed","Fri May 08 23:33:22 CDT 2026","Fri May 08 23:33:31 CDT 2026","9227","ts-order-other-service","Flow_Scenario_475 | POST /api/v1/orderOtherService/orderOther/refresh","[Fault: POST__api_v1_orderOtherService_orderOther_refresh] SPECIAL_CHARACTERS (v269)","trainticket_twostage_test.TrainTicketTwoStageTest_1778271990929.Flow_Scenario_475","test_negative_flow_S475_v269_fault_Root1_SPECIAL_CHARACTERS","test_negative_flow_S475_v269_fault_Root1_SPECIAL_CHARACTERS","Microservice test scenario with 1 steps."
"failed","Sat May 09 02:17:58 CDT 2026","Sat May 09 02:18:13 CDT 2026","14336","ts-admin-basic-info-service","Flow_Scenario_178 | PUT /api/v1/adminbasicservice/adminbasic/trains","[Valid] v34","trainticket_twostage_test.TrainTicketTwoStageTest_1778271990929.Flow_Scenario_178","test_positive_flow_S178_v34","test_positive_flow_S178_v34","Microservice test scenario with 1 steps."
"failed","Sat May 09 01:59:03 CDT 2026","Sat May 09 01:59:15 CDT 2026","12787","ts-admin-basic-info-service","Flow_Scenario_3 | POST /api/v1/adminbasicservice/adminbasic/trains","[Valid] v1","trainticket_twostage_test.TrainTicketTwoStageTest_1778271990929.Flow_Scenario_3","test_positive_flow_S3_v1","test_positive_flow_S3_v1","Microservice test scenario with 1 steps."
"failed","Sat May 09 02:22:51 CDT 2026","Sat May 09 02:23:04 CDT 2026","13437","ts-admin-basic-info-service","Flow_Scenario_178 | PUT /api/v1/adminbasicservice/adminbasic/trains","[Valid] v56","trainticket_twostage_test.TrainTicketTwoStageTest_1778271990929.Flow_Scenario_178","test_positive_flow_S178_v56","test_positive_flow_S178_v56","Microservice test scenario with 1 steps."
"failed","Sat May 09 02:27:46 CDT 2026","Sat May 09 02:27:59 CDT 2026","13280","ts-admin-basic-info-service","Flow_Scenario_178 | PUT /api/v1/adminbasicservice/adminbasic/trains","[Valid] v80","trainticket_twostage_test.TrainTicketTwoStageTest_1778271990929.Flow_Scenario_178","test_positive_flow_S178_v80","test_positive_flow_S178_v80","Microservice test scenario with 1 steps."
"failed","Fri May 08 23:45:30 CDT 2026","Fri May 08 23:45:40 CDT 2026","9238","ts-order-other-service","Flow_Scenario_475 | POST /api/v1/orderOtherService/orderOther/refresh","[Fault: POST__api_v1_orderOtherService_orderOther_refresh] SEMANTIC_MISMATCH (v215)","trainticket_twostage_test.TrainTicketTwoStageTest_1778271990929.Flow_Scenario_475","test_negative_flow_S475_v215_fault_Root1_SEMANTIC_MISMATCH","test_negative_flow_S475_v215_fault_Root1_SEMANTIC_MISMATCH","Microservice test scenario with 1 steps."
"failed","Sat May 09 02:28:52 CDT 2026","Sat May 09 02:29:08 CDT 2026","16140","ts-admin-basic-info-service","Flow_Scenario_178 | PUT /api/v1/adminbasicservice/adminbasic/trains","[Valid] v85","trainticket_twostage_test.TrainTicketTwoStageTest_1778271990929.Flow_Scenario_178","test_positive_flow_S178_v85","test_positive_flow_S178_v85","Microservice test scenario with 1 steps."
"passed","Sat May 09 02:01:38 CDT 2026","Sat May 09 02:01:51 CDT 2026","12923","ts-admin-basic-info-service","Flow_Scenario_3 | POST /api/v1/adminbasicservice/adminbasic/trains","[Fault: POST__api_v1_adminbasicservice_adminbasic_trains] SEMANTIC_MISMATCH (v96)","trainticket_twostage_test.TrainTicketTwoStageTest_1778271990929.Flow_Scenario_3","test_negative_flow_S3_v96_fault_Root1_SEMANTIC_MISMATCH","test_negative_flow_S3_v96_fault_Root1_SEMANTIC_MISMATCH","Microservice test scenario with 1 steps."
"passed","Sat May 09 00:29:02 CDT 2026","Sat May 09 00:29:17 CDT 2026","14356","ts-travel2-service","Flow_Scenario_749 | POST /api/v1/travel2service/trips/left","[Fault: POST__api_v1_travel2service_trips_left] SEMANTIC_MISMATCH (v66)","trainticket_twostage_test.TrainTicketTwoStageTest_1778271990929.Flow_Scenario_749","test_negative_flow_S749_v66_fault_Root1_SEMANTIC_MISMATCH","test_negative_flow_S749_v66_fault_Root1_SEMANTIC_MISMATCH","Microservice test scenario with 1 steps."
"passed","Sat May 09 01:52:15 CDT 2026","Sat May 09 01:52:28 CDT 2026","12824","ts-admin-basic-info-service","Flow_Scenario_3 | POST /api/v1/adminbasicservice/adminbasic/trains","[Fault: POST__api_v1_adminbasicservice_adminbasic_trains] OVERFLOW (v27)","trainticket_twostage_test.TrainTicketTwoStageTest_1778271990929.Flow_Scenario_3","test_negative_flow_S3_v27_fault_Root1_OVERFLOW","test_negative_flow_S3_v27_fault_Root1_OVERFLOW","Microservice test scenario with 1 steps."
"passed","Sat May 09 01:07:01 CDT 2026","Sat May 09 01:07:16 CDT 2026","14412","ts-consign-service","Flow_Scenario_894 | GET /api/v1/consignservice/consigns/order/{id}","[Fault: GET__api_v1_consignservice_consigns_order__id_] NULL_INPUT (v34)","trainticket_twostage_test.TrainTicketTwoStageTest_1778271990929.Flow_Scenario_894","test_negative_flow_S894_v34_fault_Root1_NULL_INPUT","test_negative_flow_S894_v34_fault_Root1_NULL_INPUT","Microservice test scenario with 1 steps."
"failed","Fri May 08 23:45:40 CDT 2026","Fri May 08 23:45:49 CDT 2026","9201","ts-order-other-service","Flow_Scenario_475 | POST /api/v1/orderOtherService/orderOther/refresh","[Fault: POST__api_v1_orderOtherService_orderOther_refresh] TYPE_MISMATCH (v157)","trainticket_twostage_test.TrainTicketTwoStageTest_1778271990929.Flow_Scenario_475","test_negative_flow_S475_v157_fault_Root1_TYPE_MISMATCH","test_negative_flow_S475_v157_fault_Root1_TYPE_MISMATCH","Microservice test scenario with 1 steps."
"passed","Sat May 09 00:54:47 CDT 2026","Sat May 09 00:55:01 CDT 2026","13751","ts-execute-service","Flow_Scenario_420 | GET /api/v1/executeservice/execute/execute/{orderId}","[Fault: GET__api_v1_executeservice_execute_execute__orderId_] NULL_INPUT (v50)","trainticket_twostage_test.TrainTicketTwoStageTest_1778271990929.Flow_Scenario_420","test_negative_flow_S420_v50_fault_Root1_NULL_INPUT","test_negative_flow_S420_v50_fault_Root1_NULL_INPUT","Microservice test scenario with 1 steps."
"passed","Sat May 09 02:01:29 CDT 2026","Sat May 09 02:01:38 CDT 2026","9061","ts-admin-basic-info-service","Flow_Scenario_3 | POST /api/v1/adminbasicservice/adminbasic/trains","[Fault: POST__api_v1_adminbasicservice_adminbasic_trains] SEMANTIC_MISMATCH (v61)","trainticket_twostage_test.TrainTicketTwoStageTest_1778271990929.Flow_Scenario_3","test_negative_flow_S3_v61_fault_Root1_SEMANTIC_MISMATCH","test_negative_flow_S3_v61_fault_Root1_SEMANTIC_MISMATCH","Microservice test scenario with 1 steps."
"failed","Sat May 09 00:34:14 CDT 2026","Sat May 09 00:34:23 CDT 2026","9608","ts-travel2-service","Flow_Scenario_749 | POST /api/v1/travel2service/trips/left","[Valid] v15","trainticket_twostage_test.TrainTicketTwoStageTest_1778271990929.Flow_Scenario_749","test_positive_flow_S749_v15","test_positive_flow_S749_v15","Microservice test scenario with 1 steps."
"passed","Sat May 09 00:12:59 CDT 2026","Sat May 09 00:13:05 CDT 2026","5133","ts-travel-plan-service","Flow_Scenario_276 | POST /api/v1/travelplanservice/travelPlan/cheapest","[Fault: POST__api_v1_travelplanservice_travelPlan_cheapest] SPECIAL_CHARACTERS (v109)","trainticket_twostage_test.TrainTicketTwoStageTest_1778271990929.Flow_Scenario_276","test_negative_flow_S276_v109_fault_Root1_SPECIAL_CHARACTERS","test_negative_flow_S276_v109_fault_Root1_SPECIAL_CHARACTERS","Microservice test scenario with 1 steps."
"failed","Sat May 09 01:33:04 CDT 2026","Sat May 09 01:33:17 CDT 2026","12982","ts-admin-basic-info-service","Flow_Scenario_994 | PUT /api/v1/adminbasicservice/adminbasic/stations","[Valid] v92","trainticket_twostage_test.TrainTicketTwoStageTest_1778271990929.Flow_Scenario_994","test_positive_flow_S994_v92","test_positive_flow_S994_v92","Microservice test scenario with 1 steps."
"passed","Sat May 09 02:02:18 CDT 2026","Sat May 09 02:02:31 CDT 2026","13037","ts-admin-basic-info-service","Flow_Scenario_3 | POST /api/v1/adminbasicservice/adminbasic/trains","[Fault: POST__api_v1_adminbasicservice_adminbasic_trains] TYPE_MISMATCH (v142)","trainticket_twostage_test.TrainTicketTwoStageTest_1778271990929.Flow_Scenario_3","test_negative_flow_S3_v142_fault_Root1_TYPE_MISMATCH","test_negative_flow_S3_v142_fault_Root1_TYPE_MISMATCH","Microservice test scenario with 1 steps."
"passed","Sat May 09 01:35:13 CDT 2026","Sat May 09 01:35:26 CDT 2026","13036","ts-admin-basic-info-service","Flow_Scenario_3 | POST /api/v1/adminbasicservice/adminbasic/trains","[Fault: POST__api_v1_adminbasicservice_adminbasic_trains] TYPE_MISMATCH (v60)","trainticket_twostage_test.TrainTicketTwoStageTest_1778271990929.Flow_Scenario_3","test_negative_flow_S3_v60_fault_Root1_TYPE_MISMATCH","test_negative_flow_S3_v60_fault_Root1_TYPE_MISMATCH","Microservice test scenario with 1 steps."
"passed","Fri May 08 23:58:19 CDT 2026","Fri May 08 23:58:28 CDT 2026","9148","ts-travel-plan-service","Flow_Scenario_276 | POST /api/v1/travelplanservice/travelPlan/cheapest","[Fault: POST__api_v1_travelplanservice_travelPlan_cheapest] TYPE_MISMATCH (v31)","trainticket_twostage_test.TrainTicketTwoStageTest_1778271990929.Flow_Scenario_276","test_negative_flow_S276_v31_fault_Root1_TYPE_MISMATCH","test_negative_flow_S276_v31_fault_Root1_TYPE_MISMATCH","Microservice test scenario with 1 steps."
"passed","Sat May 09 00:55:15 CDT 2026","Sat May 09 00:55:28 CDT 2026","13074","ts-execute-service","Flow_Scenario_420 | GET /api/v1/executeservice/execute/execute/{orderId}","[Fault: GET__api_v1_executeservice_execute_execute__orderId_] OVERFLOW (v21)","trainticket_twostage_test.TrainTicketTwoStageTest_1778271990929.Flow_Scenario_420","test_negative_flow_S420_v21_fault_Root1_OVERFLOW","test_negative_flow_S420_v21_fault_Root1_OVERFLOW","Microservice test scenario with 1 steps."
"failed","Sat May 09 01:16:20 CDT 2026","Sat May 09 01:16:33 CDT 2026","12584","ts-consign-service","Flow_Scenario_894 | GET /api/v1/consignservice/consigns/order/{id}","[Valid] v91","trainticket_twostage_test.TrainTicketTwoStageTest_1778271990929.Flow_Scenario_894","test_positive_flow_S894_v91","test_positive_flow_S894_v91","Microservice test scenario with 1 steps."
"failed","Sat May 09 01:32:25 CDT 2026","Sat May 09 01:32:38 CDT 2026","12947","ts-admin-basic-info-service","Flow_Scenario_994 | PUT /api/v1/adminbasicservice/adminbasic/stations","[Valid] v87","trainticket_twostage_test.TrainTicketTwoStageTest_1778271990929.Flow_Scenario_994","test_positive_flow_S994_v87","test_positive_flow_S994_v87","Microservice test scenario with 1 steps."
"failed","Sat May 09 00:24:43 CDT 2026","Sat May 09 00:24:51 CDT 2026","8079","ts-admin-basic-info-service","Flow_Scenario_1040 | POST /api/v1/adminbasicservice/adminbasic/stations","[Valid] v71","trainticket_twostage_test.TrainTicketTwoStageTest_1778271990929.Flow_Scenario_1040","test_positive_flow_S1040_v71","test_positive_flow_S1040_v71","Microservice test scenario with 1 steps."
"passed","Sat May 09 02:05:49 CDT 2026","Sat May 09 02:06:02 CDT 2026","13277","ts-admin-basic-info-service","Flow_Scenario_3 | POST /api/v1/adminbasicservice/adminbasic/trains","[Fault: POST__api_v1_adminbasicservice_adminbasic_trains] SEMANTIC_MISMATCH (v102)","trainticket_twostage_test.TrainTicketTwoStageTest_1778271990929.Flow_Scenario_3","test_negative_flow_S3_v102_fault_Root1_SEMANTIC_MISMATCH","test_negative_flow_S3_v102_fault_Root1_SEMANTIC_MISMATCH","Microservice test scenario with 1 steps."
"failed","Fri May 08 23:27:34 CDT 2026","Fri May 08 23:27:43 CDT 2026","9241","ts-order-other-service","Flow_Scenario_475 | POST /api/v1/orderOtherService/orderOther/refresh","[Fault: POST__api_v1_orderOtherService_orderOther_refresh] TYPE_MISMATCH (v67)","trainticket_twostage_test.TrainTicketTwoStageTest_1778271990929.Flow_Scenario_475","test_negative_flow_S475_v67_fault_Root1_TYPE_MISMATCH","test_negative_flow_S475_v67_fault_Root1_TYPE_MISMATCH","Microservice test scenario with 1 steps."
"passed","Sat May 09 01:04:37 CDT 2026","Sat May 09 01:04:49 CDT 2026","12752","ts-consign-service","Flow_Scenario_894 | GET /api/v1/consignservice/consigns/order/{id}","[Fault: GET__api_v1_consignservice_consigns_order__id_] SPECIAL_CHARACTERS (v72)","trainticket_twostage_test.TrainTicketTwoStageTest_1778271990929.Flow_Scenario_894","test_negative_flow_S894_v72_fault_Root1_SPECIAL_CHARACTERS","test_negative_flow_S894_v72_fault_Root1_SPECIAL_CHARACTERS","Microservice test scenario with 1 steps."
"failed","Fri May 08 23:32:44 CDT 2026","Fri May 08 23:32:49 CDT 2026","5046","ts-order-other-service","Flow_Scenario_475 | POST /api/v1/orderOtherService/orderOther/refresh","[Fault: POST__api_v1_orderOtherService_orderOther_refresh] SEMANTIC_MISMATCH (v230)","trainticket_twostage_test.TrainTicketTwoStageTest_1778271990929.Flow_Scenario_475","test_negative_flow_S475_v230_fault_Root1_SEMANTIC_MISMATCH","test_negative_flow_S475_v230_fault_Root1_SEMANTIC_MISMATCH","Microservice test scenario with 1 steps."
"passed","Fri May 08 23:30:41 CDT 2026","Fri May 08 23:30:52 CDT 2026","10764","ts-order-other-service","Flow_Scenario_475 | POST /api/v1/orderOtherService/orderOther/refresh","[Fault: POST__api_v1_orderOtherService_orderOther_refresh] TYPE_MISMATCH (v161)","trainticket_twostage_test.TrainTicketTwoStageTest_1778271990929.Flow_Scenario_475","test_negative_flow_S475_v161_fault_Root1_TYPE_MISMATCH","test_negative_flow_S475_v161_fault_Root1_TYPE_MISMATCH","Microservice test scenario with 1 steps."
"passed","Sat May 09 01:55:19 CDT 2026","Sat May 09 01:55:33 CDT 2026","13619","ts-admin-basic-info-service","Flow_Scenario_3 | POST /api/v1/adminbasicservice/adminbasic/trains","[Fault: POST__api_v1_adminbasicservice_adminbasic_trains] SEMANTIC_MISMATCH (v56)","trainticket_twostage_test.TrainTicketTwoStageTest_1778271990929.Flow_Scenario_3","test_negative_flow_S3_v56_fault_Root1_SEMANTIC_MISMATCH","test_negative_flow_S3_v56_fault_Root1_SEMANTIC_MISMATCH","Microservice test scenario with 1 steps."
"passed","Fri May 08 23:23:58 CDT 2026","Fri May 08 23:24:07 CDT 2026","9258","ts-order-other-service","Flow_Scenario_475 | POST /api/v1/orderOtherService/orderOther/refresh","[Valid] v4","trainticket_twostage_test.TrainTicketTwoStageTest_1778271990929.Flow_Scenario_475","test_positive_flow_S475_v4","test_positive_flow_S475_v4","Microservice test scenario with 1 steps."
"failed","Sat May 09 02:16:28 CDT 2026","Sat May 09 02:16:42 CDT 2026","13461","ts-admin-basic-info-service","Flow_Scenario_178 | PUT /api/v1/adminbasicservice/adminbasic/trains","[Valid] v27","trainticket_twostage_test.TrainTicketTwoStageTest_1778271990929.Flow_Scenario_178","test_positive_flow_S178_v27","test_positive_flow_S178_v27","Microservice test scenario with 1 steps."
"passed","Sat May 09 02:03:37 CDT 2026","Sat May 09 02:03:50 CDT 2026","12537","ts-admin-basic-info-service","Flow_Scenario_3 | POST /api/v1/adminbasicservice/adminbasic/trains","[Fault: POST__api_v1_adminbasicservice_adminbasic_trains] SEMANTIC_MISMATCH (v23)","trainticket_twostage_test.TrainTicketTwoStageTest_1778271990929.Flow_Scenario_3","test_negative_flow_S3_v23_fault_Root1_SEMANTIC_MISMATCH","test_negative_flow_S3_v23_fault_Root1_SEMANTIC_MISMATCH","Microservice test scenario with 1 steps."
"failed","Sat May 09 01:25:54 CDT 2026","Sat May 09 01:26:07 CDT 2026","13325","ts-admin-basic-info-service","Flow_Scenario_994 | PUT /api/v1/adminbasicservice/adminbasic/stations","[Valid] v13","trainticket_twostage_test.TrainTicketTwoStageTest_1778271990929.Flow_Scenario_994","test_positive_flow_S994_v13","test_positive_flow_S994_v13","Microservice test scenario with 1 steps."
"passed","Fri May 08 23:57:26 CDT 2026","Fri May 08 23:57:35 CDT 2026","9391","ts-travel-plan-service","Flow_Scenario_276 | POST /api/v1/travelplanservice/travelPlan/cheapest","[Fault: POST__api_v1_travelplanservice_travelPlan_cheapest] SPECIAL_CHARACTERS (v126)","trainticket_twostage_test.TrainTicketTwoStageTest_1778271990929.Flow_Scenario_276","test_negative_flow_S276_v126_fault_Root1_SPECIAL_CHARACTERS","test_negative_flow_S276_v126_fault_Root1_SPECIAL_CHARACTERS","Microservice test scenario with 1 steps."
"passed","Sat May 09 00:12:51 CDT 2026","Sat May 09 00:12:59 CDT 2026","8484","ts-travel-plan-service","Flow_Scenario_276 | POST /api/v1/travelplanservice/travelPlan/cheapest","[Fault: POST__api_v1_travelplanservice_travelPlan_cheapest] SPECIAL_CHARACTERS (v85)","trainticket_twostage_test.TrainTicketTwoStageTest_1778271990929.Flow_Scenario_276","test_negative_flow_S276_v85_fault_Root1_SPECIAL_CHARACTERS","test_negative_flow_S276_v85_fault_Root1_SPECIAL_CHARACTERS","Microservice test scenario with 1 steps."
"failed","Fri May 08 23:27:19 CDT 2026","Fri May 08 23:27:24 CDT 2026","5055","ts-order-other-service","Flow_Scenario_475 | POST /api/v1/orderOtherService/orderOther/refresh","[Fault: POST__api_v1_orderOtherService_orderOther_refresh] SEMANTIC_MISMATCH (v224)","trainticket_twostage_test.TrainTicketTwoStageTest_1778271990929.Flow_Scenario_475","test_negative_flow_S475_v224_fault_Root1_SEMANTIC_MISMATCH","test_negative_flow_S475_v224_fault_Root1_SEMANTIC_MISMATCH","Microservice test scenario with 1 steps."
"failed","Sat May 09 01:26:21 CDT 2026","Sat May 09 01:26:34 CDT 2026","12859","ts-admin-basic-info-service","Flow_Scenario_994 | PUT /api/v1/adminbasicservice/adminbasic/stations","[Valid] v15","trainticket_twostage_test.TrainTicketTwoStageTest_1778271990929.Flow_Scenario_994","test_positive_flow_S994_v15","test_positive_flow_S994_v15","Microservice test scenario with 1 steps."
"passed","Sat May 09 01:43:07 CDT 2026","Sat May 09 01:43:21 CDT 2026","13598","ts-admin-basic-info-service","Flow_Scenario_3 | POST /api/v1/adminbasicservice/adminbasic/trains","[Fault: POST__api_v1_adminbasicservice_adminbasic_trains] TYPE_MISMATCH (v159)","trainticket_twostage_test.TrainTicketTwoStageTest_1778271990929.Flow_Scenario_3","test_negative_flow_S3_v159_fault_Root1_TYPE_MISMATCH","test_negative_flow_S3_v159_fault_Root1_TYPE_MISMATCH","Microservice test scenario with 1 steps."
"failed","Sat May 09 02:12:45 CDT 2026","Sat May 09 02:12:58 CDT 2026","13258","ts-admin-basic-info-service","Flow_Scenario_178 | PUT /api/v1/adminbasicservice/adminbasic/trains","[Valid] v10","trainticket_twostage_test.TrainTicketTwoStageTest_1778271990929.Flow_Scenario_178","test_positive_flow_S178_v10","test_positive_flow_S178_v10","Microservice test scenario with 1 steps."
"passed","Sat May 09 01:47:17 CDT 2026","Sat May 09 01:47:29 CDT 2026","12447","ts-admin-basic-info-service","Flow_Scenario_3 | POST /api/v1/adminbasicservice/adminbasic/trains","[Fault: POST__api_v1_adminbasicservice_adminbasic_trains] SEMANTIC_MISMATCH (v53)","trainticket_twostage_test.TrainTicketTwoStageTest_1778271990929.Flow_Scenario_3","test_negative_flow_S3_v53_fault_Root1_SEMANTIC_MISMATCH","test_negative_flow_S3_v53_fault_Root1_SEMANTIC_MISMATCH","Microservice test scenario with 1 steps."
"failed","Fri May 08 23:39:06 CDT 2026","Fri May 08 23:39:16 CDT 2026","10020","ts-order-other-service","Flow_Scenario_475 | POST /api/v1/orderOtherService/orderOther/refresh","[Fault: POST__api_v1_orderOtherService_orderOther_refresh] TYPE_MISMATCH (v121)","trainticket_twostage_test.TrainTicketTwoStageTest_1778271990929.Flow_Scenario_475","test_negative_flow_S475_v121_fault_Root1_TYPE_MISMATCH","test_negative_flow_S475_v121_fault_Root1_TYPE_MISMATCH","Microservice test scenario with 1 steps."
"failed","Fri May 08 23:39:21 CDT 2026","Fri May 08 23:39:30 CDT 2026","9215","ts-order-other-service","Flow_Scenario_475 | POST /api/v1/orderOtherService/orderOther/refresh","[Fault: POST__api_v1_orderOtherService_orderOther_refresh] TYPE_MISMATCH (v70)","trainticket_twostage_test.TrainTicketTwoStageTest_1778271990929.Flow_Scenario_475","test_negative_flow_S475_v70_fault_Root1_TYPE_MISMATCH","test_negative_flow_S475_v70_fault_Root1_TYPE_MISMATCH","Microservice test scenario with 1 steps."
"passed","Sat May 09 00:18:39 CDT 2026","Sat May 09 00:18:48 CDT 2026","9036","ts-travel-plan-service","Flow_Scenario_276 | POST /api/v1/travelplanservice/travelPlan/cheapest","[Fault: POST__api_v1_travelplanservice_travelPlan_cheapest] OVERFLOW (v25)","trainticket_twostage_test.TrainTicketTwoStageTest_1778271990929.Flow_Scenario_276","test_negative_flow_S276_v25_fault_Root1_OVERFLOW","test_negative_flow_S276_v25_fault_Root1_OVERFLOW","Microservice test scenario with 1 steps."
"failed","Sat May 09 02:27:59 CDT 2026","Sat May 09 02:28:12 CDT 2026","13032","ts-admin-basic-info-service","Flow_Scenario_178 | PUT /api/v1/adminbasicservice/adminbasic/trains","[Valid] v81","trainticket_twostage_test.TrainTicketTwoStageTest_1778271990929.Flow_Scenario_178","test_positive_flow_S178_v81","test_positive_flow_S178_v81","Microservice test scenario with 1 steps."
"failed","Sat May 09 01:25:16 CDT 2026","Sat May 09 01:25:29 CDT 2026","12893","ts-admin-basic-info-service","Flow_Scenario_994 | PUT /api/v1/adminbasicservice/adminbasic/stations","[Valid] v10","trainticket_twostage_test.TrainTicketTwoStageTest_1778271990929.Flow_Scenario_994","test_positive_flow_S994_v10","test_positive_flow_S994_v10","Microservice test scenario with 1 steps."
"passed","Sat May 09 01:35:00 CDT 2026","Sat May 09 01:35:13 CDT 2026","13375","ts-admin-basic-info-service","Flow_Scenario_3 | POST /api/v1/adminbasicservice/adminbasic/trains","[Fault: POST__api_v1_adminbasicservice_adminbasic_trains] SPECIAL_CHARACTERS (v158)","trainticket_twostage_test.TrainTicketTwoStageTest_1778271990929.Flow_Scenario_3","test_negative_flow_S3_v158_fault_Root1_SPECIAL_CHARACTERS","test_negative_flow_S3_v158_fault_Root1_SPECIAL_CHARACTERS","Microservice test scenario with 1 steps."
"passed","Sat May 09 00:58:22 CDT 2026","Sat May 09 00:58:36 CDT 2026","14157","ts-execute-service","Flow_Scenario_420 | GET /api/v1/executeservice/execute/execute/{orderId}","[Fault: GET__api_v1_executeservice_execute_execute__orderId_] SPECIAL_CHARACTERS (v66)","trainticket_twostage_test.TrainTicketTwoStageTest_1778271990929.Flow_Scenario_420","test_negative_flow_S420_v66_fault_Root1_SPECIAL_CHARACTERS","test_negative_flow_S420_v66_fault_Root1_SPECIAL_CHARACTERS","Microservice test scenario with 1 steps."
"failed","Sat May 09 02:39:10 CDT 2026","Sat May 09 02:39:23 CDT 2026","12754","ts-admin-travel-service","Flow_Scenario_1088 | DELETE /api/v1/admintravelservice/admintravel/{tripId}","[Valid] v86","trainticket_twostage_test.TrainTicketTwoStageTest_1778271990929.Flow_Scenario_1088","test_positive_flow_S1088_v86","test_positive_flow_S1088_v86","Microservice test scenario with 1 steps."
"passed","Sat May 09 00:31:38 CDT 2026","Sat May 09 00:31:43 CDT 2026","5087","ts-travel2-service","Flow_Scenario_749 | POST /api/v1/travel2service/trips/left","[Fault: POST__api_v1_travel2service_trips_left] SPECIAL_CHARACTERS (v82)","trainticket_twostage_test.TrainTicketTwoStageTest_1778271990929.Flow_Scenario_749","test_negative_flow_S749_v82_fault_Root1_SPECIAL_CHARACTERS","test_negative_flow_S749_v82_fault_Root1_SPECIAL_CHARACTERS","Microservice test scenario with 1 steps."
"failed","Sat May 09 02:29:44 CDT 2026","Sat May 09 02:29:58 CDT 2026","14073","ts-admin-basic-info-service","Flow_Scenario_178 | PUT /api/v1/adminbasicservice/adminbasic/trains","[Valid] v89","trainticket_twostage_test.TrainTicketTwoStageTest_1778271990929.Flow_Scenario_178","test_positive_flow_S178_v89","test_positive_flow_S178_v89","Microservice test scenario with 1 steps."
"failed","Fri May 08 23:40:41 CDT 2026","Fri May 08 23:40:50 CDT 2026","9256","ts-order-other-service","Flow_Scenario_475 | POST /api/v1/orderOtherService/orderOther/refresh","[Fault: POST__api_v1_orderOtherService_orderOther_refresh] SEMANTIC_MISMATCH (v139)","trainticket_twostage_test.TrainTicketTwoStageTest_1778271990929.Flow_Scenario_475","test_negative_flow_S475_v139_fault_Root1_SEMANTIC_MISMATCH","test_negative_flow_S475_v139_fault_Root1_SEMANTIC_MISMATCH","Microservice test scenario with 1 steps."
"passed","Fri May 08 23:20:22 CDT 2026","Fri May 08 23:20:33 CDT 2026","11215","ts-user-service","Flow_Scenario_2 | GET /api/v1/userservice/users","[Valid] v1","trainticket_twostage_test.TrainTicketTwoStageTest_1778271990929.Flow_Scenario_2","test_positive_flow_S2_v1","test_positive_flow_S2_v1","Microservice test scenario with 1 steps."
"failed","Sat May 09 02:09:15 CDT 2026","Sat May 09 02:09:29 CDT 2026","13132","ts-admin-basic-info-service","Flow_Scenario_3 | POST /api/v1/adminbasicservice/adminbasic/trains","[Valid] v15","trainticket_twostage_test.TrainTicketTwoStageTest_1778271990929.Flow_Scenario_3","test_positive_flow_S3_v15","test_positive_flow_S3_v15","Microservice test scenario with 1 steps."
"failed","Sat May 09 02:10:20 CDT 2026","Sat May 09 02:10:33 CDT 2026","12791","ts-admin-basic-info-service","Flow_Scenario_3 | POST /api/v1/adminbasicservice/adminbasic/trains","[Valid] v20","trainticket_twostage_test.TrainTicketTwoStageTest_1778271990929.Flow_Scenario_3","test_positive_flow_S3_v20","test_positive_flow_S3_v20","Microservice test scenario with 1 steps."
"failed","Sat May 09 01:23:44 CDT 2026","Sat May 09 01:23:57 CDT 2026","12741","ts-admin-basic-info-service","Flow_Scenario_994 | PUT /api/v1/adminbasicservice/adminbasic/stations","[Valid] v2","trainticket_twostage_test.TrainTicketTwoStageTest_1778271990929.Flow_Scenario_994","test_positive_flow_S994_v2","test_positive_flow_S994_v2","Microservice test scenario with 1 steps."
"failed","Sat May 09 01:26:07 CDT 2026","Sat May 09 01:26:21 CDT 2026","13317","ts-admin-basic-info-service","Flow_Scenario_994 | PUT /api/v1/adminbasicservice/adminbasic/stations","[Valid] v14","trainticket_twostage_test.TrainTicketTwoStageTest_1778271990929.Flow_Scenario_994","test_positive_flow_S994_v14","test_positive_flow_S994_v14","Microservice test scenario with 1 steps."
"passed","Sat May 09 01:50:07 CDT 2026","Sat May 09 01:50:21 CDT 2026","13952","ts-admin-basic-info-service","Flow_Scenario_3 | POST /api/v1/adminbasicservice/adminbasic/trains","[Fault: POST__api_v1_adminbasicservice_adminbasic_trains] SEMANTIC_MISMATCH (v113)","trainticket_twostage_test.TrainTicketTwoStageTest_1778271990929.Flow_Scenario_3","test_negative_flow_S3_v113_fault_Root1_SEMANTIC_MISMATCH","test_negative_flow_S3_v113_fault_Root1_SEMANTIC_MISMATCH","Microservice test scenario with 1 steps."
"failed","Fri May 08 23:29:00 CDT 2026","Fri May 08 23:29:05 CDT 2026","5052","ts-order-other-service","Flow_Scenario_475 | POST /api/v1/orderOtherService/orderOther/refresh","[Fault: POST__api_v1_orderOtherService_orderOther_refresh] TYPE_MISMATCH (v171)","trainticket_twostage_test.TrainTicketTwoStageTest_1778271990929.Flow_Scenario_475","test_negative_flow_S475_v171_fault_Root1_TYPE_MISMATCH","test_negative_flow_S475_v171_fault_Root1_TYPE_MISMATCH","Microservice test scenario with 1 steps."
"failed","Fri May 08 23:30:31 CDT 2026","Fri May 08 23:30:36 CDT 2026","5045","ts-order-other-service","Flow_Scenario_475 | POST /api/v1/orderOtherService/orderOther/refresh","[Fault: POST__api_v1_orderOtherService_orderOther_refresh] SPECIAL_CHARACTERS (v256)","trainticket_twostage_test.TrainTicketTwoStageTest_1778271990929.Flow_Scenario_475","test_negative_flow_S475_v256_fault_Root1_SPECIAL_CHARACTERS","test_negative_flow_S475_v256_fault_Root1_SPECIAL_CHARACTERS","Microservice test scenario with 1 steps."
"passed","Sat May 09 00:27:44 CDT 2026","Sat May 09 00:27:57 CDT 2026","12528","ts-travel2-service","Flow_Scenario_749 | POST /api/v1/travel2service/trips/left","[Fault: POST__api_v1_travel2service_trips_left] SPECIAL_CHARACTERS (v144)","trainticket_twostage_test.TrainTicketTwoStageTest_1778271990929.Flow_Scenario_749","test_negative_flow_S749_v144_fault_Root1_SPECIAL_CHARACTERS","test_negative_flow_S749_v144_fault_Root1_SPECIAL_CHARACTERS","Microservice test scenario with 1 steps."
"failed","Sat May 09 02:34:47 CDT 2026","Sat May 09 02:34:57 CDT 2026","9766","ts-admin-basic-info-service","Flow_Scenario_178 | PUT /api/v1/adminbasicservice/adminbasic/trains","[Explore 500]","trainticket_twostage_test.TrainTicketTwoStageTest_1778271990929.Flow_Scenario_178","test_positive_flow_S178_v3_explore_500","test_positive_flow_S178_v3_explore_500","Microservice test scenario with 1 steps."
"failed","Sat May 09 00:35:02 CDT 2026","Sat May 09 00:35:16 CDT 2026","13925","ts-travel2-service","Flow_Scenario_749 | POST /api/v1/travel2service/trips/left","[Fault: POST__api_v1_travel2service_trips_left] SEMANTIC_MISMATCH (v49)","trainticket_twostage_test.TrainTicketTwoStageTest_1778271990929.Flow_Scenario_749","test_negative_flow_S749_v49_fault_Root1_SEMANTIC_MISMATCH","test_negative_flow_S749_v49_fault_Root1_SEMANTIC_MISMATCH","Microservice test scenario with 1 steps."
"failed","Fri May 08 23:45:58 CDT 2026","Fri May 08 23:46:03 CDT 2026","5048","ts-order-other-service","Flow_Scenario_475 | POST /api/v1/orderOtherService/orderOther/refresh","[Fault: POST__api_v1_orderOtherService_orderOther_refresh] TYPE_MISMATCH (v81)","trainticket_twostage_test.TrainTicketTwoStageTest_1778271990929.Flow_Scenario_475","test_negative_flow_S475_v81_fault_Root1_TYPE_MISMATCH","test_negative_flow_S475_v81_fault_Root1_TYPE_MISMATCH","Microservice test scenario with 1 steps."
"failed","Sat May 09 02:35:07 CDT 2026","Sat May 09 02:35:20 CDT 2026","13267","ts-admin-basic-info-service","Flow_Scenario_178 | PUT /api/v1/adminbasicservice/adminbasic/trains","[Explore 404]","trainticket_twostage_test.TrainTicketTwoStageTest_1778271990929.Flow_Scenario_178","test_positive_flow_S178_v2_explore_404","test_positive_flow_S178_v2_explore_404","Microservice test scenario with 1 steps."
"passed","Fri May 08 23:23:44 CDT 2026","Fri May 08 23:23:53 CDT 2026","9203","ts-order-other-service","Flow_Scenario_475 | POST /api/v1/orderOtherService/orderOther/refresh","[Valid] v2","trainticket_twostage_test.TrainTicketTwoStageTest_1778271990929.Flow_Scenario_475","test_positive_flow_S475_v2","test_positive_flow_S475_v2","Microservice test scenario with 1 steps."
"failed","Sat May 09 02:34:28 CDT 2026","Sat May 09 02:34:38 CDT 2026","10286","ts-admin-basic-info-service","Flow_Scenario_178 | PUT /api/v1/adminbasicservice/adminbasic/trains","[Explore 204]","trainticket_twostage_test.TrainTicketTwoStageTest_1778271990929.Flow_Scenario_178","test_positive_flow_S178_v3_explore_204","test_positive_flow_S178_v3_explore_204","Microservice test scenario with 1 steps."
"failed","Fri May 08 23:56:27 CDT 2026","Fri May 08 23:56:38 CDT 2026","10220","ts-travel-plan-service","Flow_Scenario_276 | POST /api/v1/travelplanservice/travelPlan/cheapest","[Valid] v6","trainticket_twostage_test.TrainTicketTwoStageTest_1778271990929.Flow_Scenario_276","test_positive_flow_S276_v6","test_positive_flow_S276_v6","Microservice test scenario with 1 steps."
"passed","Sat May 09 01:35:40 CDT 2026","Sat May 09 01:35:53 CDT 2026","13496","ts-admin-basic-info-service","Flow_Scenario_3 | POST /api/v1/adminbasicservice/adminbasic/trains","[Fault: POST__api_v1_adminbasicservice_adminbasic_trains] SEMANTIC_MISMATCH (v104)","trainticket_twostage_test.TrainTicketTwoStageTest_1778271990929.Flow_Scenario_3","test_negative_flow_S3_v104_fault_Root1_SEMANTIC_MISMATCH","test_negative_flow_S3_v104_fault_Root1_SEMANTIC_MISMATCH","Microservice test scenario with 1 steps."
"passed","Sat May 09 01:52:02 CDT 2026","Sat May 09 01:52:15 CDT 2026","12872","ts-admin-basic-info-service","Flow_Scenario_3 | POST /api/v1/adminbasicservice/adminbasic/trains","[Fault: POST__api_v1_adminbasicservice_adminbasic_trains] OVERFLOW (v140)","trainticket_twostage_test.TrainTicketTwoStageTest_1778271990929.Flow_Scenario_3","test_negative_flow_S3_v140_fault_Root1_OVERFLOW","test_negative_flow_S3_v140_fault_Root1_OVERFLOW","Microservice test scenario with 1 steps."
"passed","Sat May 09 01:36:47 CDT 2026","Sat May 09 01:37:01 CDT 2026","14294","ts-admin-basic-info-service","Flow_Scenario_3 | POST /api/v1/adminbasicservice/adminbasic/trains","[Fault: POST__api_v1_adminbasicservice_adminbasic_trains] TYPE_MISMATCH (v28)","trainticket_twostage_test.TrainTicketTwoStageTest_1778271990929.Flow_Scenario_3","test_negative_flow_S3_v28_fault_Root1_TYPE_MISMATCH","test_negative_flow_S3_v28_fault_Root1_TYPE_MISMATCH","Microservice test scenario with 1 steps."
"failed","Sat May 09 02:23:28 CDT 2026","Sat May 09 02:23:41 CDT 2026","13279","ts-admin-basic-info-service","Flow_Scenario_178 | PUT /api/v1/adminbasicservice/adminbasic/trains","[Valid] v59","trainticket_twostage_test.TrainTicketTwoStageTest_1778271990929.Flow_Scenario_178","test_positive_flow_S178_v59","test_positive_flow_S178_v59","Microservice test scenario with 1 steps."
"failed","Sat May 09 00:22:07 CDT 2026","Sat May 09 00:22:15 CDT 2026","8305","ts-admin-basic-info-service","Flow_Scenario_1040 | POST /api/v1/adminbasicservice/adminbasic/stations","[Valid] v27","trainticket_twostage_test.TrainTicketTwoStageTest_1778271990929.Flow_Scenario_1040","test_positive_flow_S1040_v27","test_positive_flow_S1040_v27","Microservice test scenario with 1 steps."
"passed","Fri May 08 23:24:12 CDT 2026","Fri May 08 23:24:17 CDT 2026","5051","ts-order-other-service","Flow_Scenario_475 | POST /api/v1/orderOtherService/orderOther/refresh","[Valid] v6","trainticket_twostage_test.TrainTicketTwoStageTest_1778271990929.Flow_Scenario_475","test_positive_flow_S475_v6","test_positive_flow_S475_v6","Microservice test scenario with 1 steps."
"failed","Sat May 09 02:30:36 CDT 2026","Sat May 09 02:30:49 CDT 2026","13291","ts-admin-basic-info-service","Flow_Scenario_178 | PUT /api/v1/adminbasicservice/adminbasic/trains","[Valid] v93","trainticket_twostage_test.TrainTicketTwoStageTest_1778271990929.Flow_Scenario_178","test_positive_flow_S178_v93","test_positive_flow_S178_v93","Microservice test scenario with 1 steps."
"passed","Sat May 09 01:37:01 CDT 2026","Sat May 09 01:37:10 CDT 2026","9286","ts-admin-basic-info-service","Flow_Scenario_3 | POST /api/v1/adminbasicservice/adminbasic/trains","[Fault: POST__api_v1_adminbasicservice_adminbasic_trains] SPECIAL_CHARACTERS (v99)","trainticket_twostage_test.TrainTicketTwoStageTest_1778271990929.Flow_Scenario_3","test_negative_flow_S3_v99_fault_Root1_SPECIAL_CHARACTERS","test_negative_flow_S3_v99_fault_Root1_SPECIAL_CHARACTERS","Microservice test scenario with 1 steps."
"failed","Sat May 09 00:19:52 CDT 2026","Sat May 09 00:20:04 CDT 2026","12549","ts-admin-basic-info-service","Flow_Scenario_1040 | POST /api/v1/adminbasicservice/adminbasic/stations","[Valid] v13","trainticket_twostage_test.TrainTicketTwoStageTest_1778271990929.Flow_Scenario_1040","test_positive_flow_S1040_v13","test_positive_flow_S1040_v13","Microservice test scenario with 1 steps."
"passed","Fri May 08 23:43:35 CDT 2026","Fri May 08 23:43:40 CDT 2026","5042","ts-order-other-service","Flow_Scenario_475 | POST /api/v1/orderOtherService/orderOther/refresh","[Valid] v14","trainticket_twostage_test.TrainTicketTwoStageTest_1778271990929.Flow_Scenario_475","test_positive_flow_S475_v14","test_positive_flow_S475_v14","Microservice test scenario with 1 steps."
"passed","Sat May 09 00:12:16 CDT 2026","Sat May 09 00:12:28 CDT 2026","12708","ts-travel-plan-service","Flow_Scenario_276 | POST /api/v1/travelplanservice/travelPlan/cheapest","[Fault: POST__api_v1_travelplanservice_travelPlan_cheapest] SEMANTIC_MISMATCH (v128)","trainticket_twostage_test.TrainTicketTwoStageTest_1778271990929.Flow_Scenario_276","test_negative_flow_S276_v128_fault_Root1_SEMANTIC_MISMATCH","test_negative_flow_S276_v128_fault_Root1_SEMANTIC_MISMATCH","Microservice test scenario with 1 steps."
"passed","Sat May 09 01:05:02 CDT 2026","Sat May 09 01:05:16 CDT 2026","14142","ts-consign-service","Flow_Scenario_894 | GET /api/v1/consignservice/consigns/order/{id}","[Fault: GET__api_v1_consignservice_consigns_order__id_] EMPTY_INPUT (v23)","trainticket_twostage_test.TrainTicketTwoStageTest_1778271990929.Flow_Scenario_894","test_negative_flow_S894_v23_fault_Root1_EMPTY_INPUT","test_negative_flow_S894_v23_fault_Root1_EMPTY_INPUT","Microservice test scenario with 1 steps."
"failed","Sat May 09 01:59:28 CDT 2026","Sat May 09 01:59:42 CDT 2026","13904","ts-admin-basic-info-service","Flow_Scenario_3 | POST /api/v1/adminbasicservice/adminbasic/trains","[Valid] v3","trainticket_twostage_test.TrainTicketTwoStageTest_1778271990929.Flow_Scenario_3","test_positive_flow_S3_v3","test_positive_flow_S3_v3","Microservice test scenario with 1 steps."
"passed","Sat May 09 02:01:51 CDT 2026","Sat May 09 02:02:04 CDT 2026","13231","ts-admin-basic-info-service","Flow_Scenario_3 | POST /api/v1/adminbasicservice/adminbasic/trains","[Fault: POST__api_v1_adminbasicservice_adminbasic_trains] SPECIAL_CHARACTERS (v161)","trainticket_twostage_test.TrainTicketTwoStageTest_1778271990929.Flow_Scenario_3","test_negative_flow_S3_v161_fault_Root1_SPECIAL_CHARACTERS","test_negative_flow_S3_v161_fault_Root1_SPECIAL_CHARACTERS","Microservice test scenario with 1 steps."
"passed","Sat May 09 00:49:35 CDT 2026","Sat May 09 00:49:48 CDT 2026","13302","ts-execute-service","Flow_Scenario_420 | GET /api/v1/executeservice/execute/execute/{orderId}","[Fault: GET__api_v1_executeservice_execute_execute__orderId_] EMPTY_INPUT (v51)","trainticket_twostage_test.TrainTicketTwoStageTest_1778271990929.Flow_Scenario_420","test_negative_flow_S420_v51_fault_Root1_EMPTY_INPUT","test_negative_flow_S420_v51_fault_Root1_EMPTY_INPUT","Microservice test scenario with 1 steps."
"failed","Fri May 08 23:41:00 CDT 2026","Fri May 08 23:41:10 CDT 2026","9934","ts-order-other-service","Flow_Scenario_475 | POST /api/v1/orderOtherService/orderOther/refresh","[Fault: POST__api_v1_orderOtherService_orderOther_refresh] SEMANTIC_MISMATCH (v268)","trainticket_twostage_test.TrainTicketTwoStageTest_1778271990929.Flow_Scenario_475","test_negative_flow_S475_v268_fault_Root1_SEMANTIC_MISMATCH","test_negative_flow_S475_v268_fault_Root1_SEMANTIC_MISMATCH","Microservice test scenario with 1 steps."
"passed","Sat May 09 00:56:05 CDT 2026","Sat May 09 00:56:19 CDT 2026","13244","ts-execute-service","Flow_Scenario_420 | GET /api/v1/executeservice/execute/execute/{orderId}","[Fault: GET__api_v1_executeservice_execute_execute__orderId_] EMPTY_INPUT (v56)","trainticket_twostage_test.TrainTicketTwoStageTest_1778271990929.Flow_Scenario_420","test_negative_flow_S420_v56_fault_Root1_EMPTY_INPUT","test_negative_flow_S420_v56_fault_Root1_EMPTY_INPUT","Microservice test scenario with 1 steps."
"failed","Fri May 08 23:33:13 CDT 2026","Fri May 08 23:33:22 CDT 2026","9218","ts-order-other-service","Flow_Scenario_475 | POST /api/v1/orderOtherService/orderOther/refresh","[Fault: POST__api_v1_orderOtherService_orderOther_refresh] SPECIAL_CHARACTERS (v40)","trainticket_twostage_test.TrainTicketTwoStageTest_1778271990929.Flow_Scenario_475","test_negative_flow_S475_v40_fault_Root1_SPECIAL_CHARACTERS","test_negative_flow_S475_v40_fault_Root1_SPECIAL_CHARACTERS","Microservice test scenario with 1 steps."
"failed","Sat May 09 01:02:42 CDT 2026","Sat May 09 01:02:54 CDT 2026","12718","ts-consign-service","Flow_Scenario_894 | GET /api/v1/consignservice/consigns/order/{id}","[Valid] v3","trainticket_twostage_test.TrainTicketTwoStageTest_1778271990929.Flow_Scenario_894","test_positive_flow_S894_v3","test_positive_flow_S894_v3","Microservice test scenario with 1 steps."
"passed","Sat May 09 00:51:51 CDT 2026","Sat May 09 00:52:04 CDT 2026","13024","ts-execute-service","Flow_Scenario_420 | GET /api/v1/executeservice/execute/execute/{orderId}","[Fault: GET__api_v1_executeservice_execute_execute__orderId_] SPECIAL_CHARACTERS (v52)","trainticket_twostage_test.TrainTicketTwoStageTest_1778271990929.Flow_Scenario_420","test_negative_flow_S420_v52_fault_Root1_SPECIAL_CHARACTERS","test_negative_flow_S420_v52_fault_Root1_SPECIAL_CHARACTERS","Microservice test scenario with 1 steps."
"passed","Sat May 09 00:07:01 CDT 2026","Sat May 09 00:07:06 CDT 2026","5063","ts-travel-plan-service","Flow_Scenario_276 | POST /api/v1/travelplanservice/travelPlan/cheapest","[Fault: POST__api_v1_travelplanservice_travelPlan_cheapest] SEMANTIC_MISMATCH (v42)","trainticket_twostage_test.TrainTicketTwoStageTest_1778271990929.Flow_Scenario_276","test_negative_flow_S276_v42_fault_Root1_SEMANTIC_MISMATCH","test_negative_flow_S276_v42_fault_Root1_SEMANTIC_MISMATCH","Microservice test scenario with 1 steps."
"failed","Sat May 09 01:15:54 CDT 2026","Sat May 09 01:16:07 CDT 2026","12335","ts-consign-service","Flow_Scenario_894 | GET /api/v1/consignservice/consigns/order/{id}","[Valid] v89","trainticket_twostage_test.TrainTicketTwoStageTest_1778271990929.Flow_Scenario_894","test_positive_flow_S894_v89","test_positive_flow_S894_v89","Microservice test scenario with 1 steps."
"failed","Sat May 09 01:29:10 CDT 2026","Sat May 09 01:29:24 CDT 2026","13301","ts-admin-basic-info-service","Flow_Scenario_994 | PUT /api/v1/adminbasicservice/adminbasic/stations","[Valid] v42","trainticket_twostage_test.TrainTicketTwoStageTest_1778271990929.Flow_Scenario_994","test_positive_flow_S994_v42","test_positive_flow_S994_v42","Microservice test scenario with 1 steps."
"passed","Sat May 09 00:58:08 CDT 2026","Sat May 09 00:58:22 CDT 2026","13788","ts-execute-service","Flow_Scenario_420 | GET /api/v1/executeservice/execute/execute/{orderId}","[Fault: GET__api_v1_executeservice_execute_execute__orderId_] SEMANTIC_MISMATCH (v38)","trainticket_twostage_test.TrainTicketTwoStageTest_1778271990929.Flow_Scenario_420","test_negative_flow_S420_v38_fault_Root1_SEMANTIC_MISMATCH","test_negative_flow_S420_v38_fault_Root1_SEMANTIC_MISMATCH","Microservice test scenario with 1 steps."
"passed","Sat May 09 00:48:49 CDT 2026","Sat May 09 00:48:58 CDT 2026","9163","ts-execute-service","Flow_Scenario_420 | GET /api/v1/executeservice/execute/execute/{orderId}","[Fault: GET__api_v1_executeservice_execute_execute__orderId_] SEMANTIC_MISMATCH (v44)","trainticket_twostage_test.TrainTicketTwoStageTest_1778271990929.Flow_Scenario_420","test_negative_flow_S420_v44_fault_Root1_SEMANTIC_MISMATCH","test_negative_flow_S420_v44_fault_Root1_SEMANTIC_MISMATCH","Microservice test scenario with 1 steps."
"failed","Fri May 08 23:50:57 CDT 2026","Fri May 08 23:51:06 CDT 2026","9222","ts-order-other-service","Flow_Scenario_475 | POST /api/v1/orderOtherService/orderOther/refresh","[Fault: POST__api_v1_orderOtherService_orderOther_refresh] TYPE_MISMATCH (v158)","trainticket_twostage_test.TrainTicketTwoStageTest_1778271990929.Flow_Scenario_475","test_negative_flow_S475_v158_fault_Root1_TYPE_MISMATCH","test_negative_flow_S475_v158_fault_Root1_TYPE_MISMATCH","Microservice test scenario with 1 steps."
"failed","Fri May 08 23:40:27 CDT 2026","Fri May 08 23:40:32 CDT 2026","5044","ts-order-other-service","Flow_Scenario_475 | POST /api/v1/orderOtherService/orderOther/refresh","[Fault: POST__api_v1_orderOtherService_orderOther_refresh] SPECIAL_CHARACTERS (v106)","trainticket_twostage_test.TrainTicketTwoStageTest_1778271990929.Flow_Scenario_475","test_negative_flow_S475_v106_fault_Root1_SPECIAL_CHARACTERS","test_negative_flow_S475_v106_fault_Root1_SPECIAL_CHARACTERS","Microservice test scenario with 1 steps."
"passed","Sat May 09 01:44:25 CDT 2026","Sat May 09 01:44:38 CDT 2026","13579","ts-admin-basic-info-service","Flow_Scenario_3 | POST /api/v1/adminbasicservice/adminbasic/trains","[Fault: POST__api_v1_adminbasicservice_adminbasic_trains] SPECIAL_CHARACTERS (v173)","trainticket_twostage_test.TrainTicketTwoStageTest_1778271990929.Flow_Scenario_3","test_negative_flow_S3_v173_fault_Root1_SPECIAL_CHARACTERS","test_negative_flow_S3_v173_fault_Root1_SPECIAL_CHARACTERS","Microservice test scenario with 1 steps."
"failed","Sat May 09 00:20:56 CDT 2026","Sat May 09 00:21:06 CDT 2026","10577","ts-admin-basic-info-service","Flow_Scenario_1040 | POST /api/v1/adminbasicservice/adminbasic/stations","[Valid] v20","trainticket_twostage_test.TrainTicketTwoStageTest_1778271990929.Flow_Scenario_1040","test_positive_flow_S1040_v20","test_positive_flow_S1040_v20","Microservice test scenario with 1 steps."
"failed","Sat May 09 02:32:33 CDT 2026","Sat May 09 02:32:45 CDT 2026","12906","ts-admin-basic-info-service","Flow_Scenario_178 | PUT /api/v1/adminbasicservice/adminbasic/trains","[Valid] v4","trainticket_twostage_test.TrainTicketTwoStageTest_1778271990929.Flow_Scenario_178","test_positive_flow_S178_v4","test_positive_flow_S178_v4","Microservice test scenario with 1 steps."
"failed","Sat May 09 00:01:33 CDT 2026","Sat May 09 00:01:42 CDT 2026","9406","ts-travel-plan-service","Flow_Scenario_276 | POST /api/v1/travelplanservice/travelPlan/cheapest","[Valid] v12","trainticket_twostage_test.TrainTicketTwoStageTest_1778271990929.Flow_Scenario_276","test_positive_flow_S276_v12","test_positive_flow_S276_v12","Microservice test scenario with 1 steps."
"failed","Fri May 08 23:56:49 CDT 2026","Fri May 08 23:57:02 CDT 2026","12879","ts-travel-plan-service","Flow_Scenario_276 | POST /api/v1/travelplanservice/travelPlan/cheapest","[Valid] v8","trainticket_twostage_test.TrainTicketTwoStageTest_1778271990929.Flow_Scenario_276","test_positive_flow_S276_v8","test_positive_flow_S276_v8","Microservice test scenario with 1 steps."
"failed","Sat May 09 01:14:09 CDT 2026","Sat May 09 01:14:21 CDT 2026","12263","ts-consign-service","Flow_Scenario_894 | GET /api/v1/consignservice/consigns/order/{id}","[Valid] v81","trainticket_twostage_test.TrainTicketTwoStageTest_1778271990929.Flow_Scenario_894","test_positive_flow_S894_v81","test_positive_flow_S894_v81","Microservice test scenario with 1 steps."
"passed","Sat May 09 00:54:07 CDT 2026","Sat May 09 00:54:19 CDT 2026","12141","ts-execute-service","Flow_Scenario_420 | GET /api/v1/executeservice/execute/execute/{orderId}","[Fault: GET__api_v1_executeservice_execute_execute__orderId_] SPECIAL_CHARACTERS (v47)","trainticket_twostage_test.TrainTicketTwoStageTest_1778271990929.Flow_Scenario_420","test_negative_flow_S420_v47_fault_Root1_SPECIAL_CHARACTERS","test_negative_flow_S420_v47_fault_Root1_SPECIAL_CHARACTERS","Microservice test scenario with 1 steps."
"failed","Fri May 08 23:44:32 CDT 2026","Fri May 08 23:44:38 CDT 2026","5045","ts-order-other-service","Flow_Scenario_475 | POST /api/v1/orderOtherService/orderOther/refresh","[Fault: POST__api_v1_orderOtherService_orderOther_refresh] SEMANTIC_MISMATCH (v51)","trainticket_twostage_test.TrainTicketTwoStageTest_1778271990929.Flow_Scenario_475","test_negative_flow_S475_v51_fault_Root1_SEMANTIC_MISMATCH","test_negative_flow_S475_v51_fault_Root1_SEMANTIC_MISMATCH","Microservice test scenario with 1 steps."
"passed","Sat May 09 00:14:16 CDT 2026","Sat May 09 00:14:24 CDT 2026","8617","ts-travel-plan-service","Flow_Scenario_276 | POST /api/v1/travelplanservice/travelPlan/cheapest","[Fault: POST__api_v1_travelplanservice_travelPlan_cheapest] SEMANTIC_MISMATCH (v84)","trainticket_twostage_test.TrainTicketTwoStageTest_1778271990929.Flow_Scenario_276","test_negative_flow_S276_v84_fault_Root1_SEMANTIC_MISMATCH","test_negative_flow_S276_v84_fault_Root1_SEMANTIC_MISMATCH","Microservice test scenario with 1 steps."
"passed","Sat May 09 01:18:29 CDT 2026","Sat May 09 01:18:42 CDT 2026","13003","ts-consign-service","Flow_Scenario_894 | GET /api/v1/consignservice/consigns/order/{id}","[Fault: GET__api_v1_consignservice_consigns_order__id_] SEMANTIC_MISMATCH (v49)","trainticket_twostage_test.TrainTicketTwoStageTest_1778271990929.Flow_Scenario_894","test_negative_flow_S894_v49_fault_Root1_SEMANTIC_MISMATCH","test_negative_flow_S894_v49_fault_Root1_SEMANTIC_MISMATCH","Microservice test scenario with 1 steps."
"failed","Sat May 09 02:08:11 CDT 2026","Sat May 09 02:08:24 CDT 2026","12927","ts-admin-basic-info-service","Flow_Scenario_3 | POST /api/v1/adminbasicservice/adminbasic/trains","[Valid] v10","trainticket_twostage_test.TrainTicketTwoStageTest_1778271990929.Flow_Scenario_3","test_positive_flow_S3_v10","test_positive_flow_S3_v10","Microservice test scenario with 1 steps."
"failed","Fri May 08 23:47:35 CDT 2026","Fri May 08 23:47:44 CDT 2026","9200","ts-order-other-service","Flow_Scenario_475 | POST /api/v1/orderOtherService/orderOther/refresh","[Fault: POST__api_v1_orderOtherService_orderOther_refresh] OVERFLOW (v111)","trainticket_twostage_test.TrainTicketTwoStageTest_1778271990929.Flow_Scenario_475","test_negative_flow_S475_v111_fault_Root1_OVERFLOW","test_negative_flow_S475_v111_fault_Root1_OVERFLOW","Microservice test scenario with 1 steps."
"passed","Sat May 09 01:04:49 CDT 2026","Sat May 09 01:05:02 CDT 2026","12446","ts-consign-service","Flow_Scenario_894 | GET /api/v1/consignservice/consigns/order/{id}","[Fault: GET__api_v1_consignservice_consigns_order__id_] EMPTY_INPUT (v51)","trainticket_twostage_test.TrainTicketTwoStageTest_1778271990929.Flow_Scenario_894","test_negative_flow_S894_v51_fault_Root1_EMPTY_INPUT","test_negative_flow_S894_v51_fault_Root1_EMPTY_INPUT","Microservice test scenario with 1 steps."
"passed","Sat May 09 00:41:01 CDT 2026","Sat May 09 00:41:15 CDT 2026","14341","ts-travel2-service","Flow_Scenario_749 | POST /api/v1/travel2service/trips/left","[Fault: POST__api_v1_travel2service_trips_left] SPECIAL_CHARACTERS (v90)","trainticket_twostage_test.TrainTicketTwoStageTest_1778271990929.Flow_Scenario_749","test_negative_flow_S749_v90_fault_Root1_SPECIAL_CHARACTERS","test_negative_flow_S749_v90_fault_Root1_SPECIAL_CHARACTERS","Microservice test scenario with 1 steps."
"failed","Sat May 09 01:11:08 CDT 2026","Sat May 09 01:11:21 CDT 2026","12794","ts-consign-service","Flow_Scenario_894 | GET /api/v1/consignservice/consigns/order/{id}","[Valid] v14","trainticket_twostage_test.TrainTicketTwoStageTest_1778271990929.Flow_Scenario_894","test_positive_flow_S894_v14","test_positive_flow_S894_v14","Microservice test scenario with 1 steps."
"failed","Fri May 08 23:47:53 CDT 2026","Fri May 08 23:47:58 CDT 2026","5048","ts-order-other-service","Flow_Scenario_475 | POST /api/v1/orderOtherService/orderOther/refresh","[Fault: POST__api_v1_orderOtherService_orderOther_refresh] SEMANTIC_MISMATCH (v126)","trainticket_twostage_test.TrainTicketTwoStageTest_1778271990929.Flow_Scenario_475","test_negative_flow_S475_v126_fault_Root1_SEMANTIC_MISMATCH","test_negative_flow_S475_v126_fault_Root1_SEMANTIC_MISMATCH","Microservice test scenario with 1 steps."
"failed","Fri May 08 23:44:52 CDT 2026","Fri May 08 23:45:01 CDT 2026","9235","ts-order-other-service","Flow_Scenario_475 | POST /api/v1/orderOtherService/orderOther/refresh","[Fault: POST__api_v1_orderOtherService_orderOther_refresh] SEMANTIC_MISMATCH (v86)","trainticket_twostage_test.TrainTicketTwoStageTest_1778271990929.Flow_Scenario_475","test_negative_flow_S475_v86_fault_Root1_SEMANTIC_MISMATCH","test_negative_flow_S475_v86_fault_Root1_SEMANTIC_MISMATCH","Microservice test scenario with 1 steps."
"passed","Sat May 09 00:08:48 CDT 2026","Sat May 09 00:09:03 CDT 2026","14174","ts-travel-plan-service","Flow_Scenario_276 | POST /api/v1/travelplanservice/travelPlan/cheapest","[Fault: POST__api_v1_travelplanservice_travelPlan_cheapest] SEMANTIC_MISMATCH (v107)","trainticket_twostage_test.TrainTicketTwoStageTest_1778271990929.Flow_Scenario_276","test_negative_flow_S276_v107_fault_Root1_SEMANTIC_MISMATCH","test_negative_flow_S276_v107_fault_Root1_SEMANTIC_MISMATCH","Microservice test scenario with 1 steps."
"failed","Sat May 09 02:28:12 CDT 2026","Sat May 09 02:28:26 CDT 2026","13320","ts-admin-basic-info-service","Flow_Scenario_178 | PUT /api/v1/adminbasicservice/adminbasic/trains","[Valid] v82","trainticket_twostage_test.TrainTicketTwoStageTest_1778271990929.Flow_Scenario_178","test_positive_flow_S178_v82","test_positive_flow_S178_v82","Microservice test scenario with 1 steps."
"failed","Fri May 08 23:47:16 CDT 2026","Fri May 08 23:47:26 CDT 2026","9215","ts-order-other-service","Flow_Scenario_475 | POST /api/v1/orderOtherService/orderOther/refresh","[Fault: POST__api_v1_orderOtherService_orderOther_refresh] SEMANTIC_MISMATCH (v145)","trainticket_twostage_test.TrainTicketTwoStageTest_1778271990929.Flow_Scenario_475","test_negative_flow_S475_v145_fault_Root1_SEMANTIC_MISMATCH","test_negative_flow_S475_v145_fault_Root1_SEMANTIC_MISMATCH","Microservice test scenario with 1 steps."
"passed","Sat May 09 00:00:49 CDT 2026","Sat May 09 00:00:58 CDT 2026","9007","ts-travel-plan-service","Flow_Scenario_276 | POST /api/v1/travelplanservice/travelPlan/cheapest","[Fault: POST__api_v1_travelplanservice_travelPlan_cheapest] SEMANTIC_MISMATCH (v119)","trainticket_twostage_test.TrainTicketTwoStageTest_1778271990929.Flow_Scenario_276","test_negative_flow_S276_v119_fault_Root1_SEMANTIC_MISMATCH","test_negative_flow_S276_v119_fault_Root1_SEMANTIC_MISMATCH","Microservice test scenario with 1 steps."
"failed","Fri May 08 23:25:48 CDT 2026","Fri May 08 23:25:53 CDT 2026","5064","ts-order-other-service","Flow_Scenario_475 | POST /api/v1/orderOtherService/orderOther/refresh","[Fault: POST__api_v1_orderOtherService_orderOther_refresh] SPECIAL_CHARACTERS (v58)","trainticket_twostage_test.TrainTicketTwoStageTest_1778271990929.Flow_Scenario_475","test_negative_flow_S475_v58_fault_Root1_SPECIAL_CHARACTERS","test_negative_flow_S475_v58_fault_Root1_SPECIAL_CHARACTERS","Microservice test scenario with 1 steps."
"failed","Sat May 09 01:15:14 CDT 2026","Sat May 09 01:15:27 CDT 2026","13178","ts-consign-service","Flow_Scenario_894 | GET /api/v1/consignservice/consigns/order/{id}","[Valid] v86","trainticket_twostage_test.TrainTicketTwoStageTest_1778271990929.Flow_Scenario_894","test_positive_flow_S894_v86","test_positive_flow_S894_v86","Microservice test scenario with 1 steps."
"passed","Sat May 09 02:06:54 CDT 2026","Sat May 09 02:07:08 CDT 2026","14028","ts-admin-basic-info-service","Flow_Scenario_3 | POST /api/v1/adminbasicservice/adminbasic/trains","[Fault: POST__api_v1_adminbasicservice_adminbasic_trains] SEMANTIC_MISMATCH (v160)","trainticket_twostage_test.TrainTicketTwoStageTest_1778271990929.Flow_Scenario_3","test_negative_flow_S3_v160_fault_Root1_SEMANTIC_MISMATCH","test_negative_flow_S3_v160_fault_Root1_SEMANTIC_MISMATCH","Microservice test scenario with 1 steps."
"passed","Sat May 09 00:15:32 CDT 2026","Sat May 09 00:15:41 CDT 2026","9340","ts-travel-plan-service","Flow_Scenario_276 | POST /api/v1/travelplanservice/travelPlan/cheapest","[Fault: POST__api_v1_travelplanservice_travelPlan_cheapest] SEMANTIC_MISMATCH (v47)","trainticket_twostage_test.TrainTicketTwoStageTest_1778271990929.Flow_Scenario_276","test_negative_flow_S276_v47_fault_Root1_SEMANTIC_MISMATCH","test_negative_flow_S276_v47_fault_Root1_SEMANTIC_MISMATCH","Microservice test scenario with 1 steps."
"failed","Sat May 09 00:36:15 CDT 2026","Sat May 09 00:36:24 CDT 2026","9241","ts-travel2-service","Flow_Scenario_749 | POST /api/v1/travel2service/trips/left","[Fault: POST__api_v1_travel2service_trips_left] SPECIAL_CHARACTERS (v26)","trainticket_twostage_test.TrainTicketTwoStageTest_1778271990929.Flow_Scenario_749","test_negative_flow_S749_v26_fault_Root1_SPECIAL_CHARACTERS","test_negative_flow_S749_v26_fault_Root1_SPECIAL_CHARACTERS","Microservice test scenario with 1 steps."
"passed","Sat May 09 02:05:09 CDT 2026","Sat May 09 02:05:22 CDT 2026","13271","ts-admin-basic-info-service","Flow_Scenario_3 | POST /api/v1/adminbasicservice/adminbasic/trains","[Fault: POST__api_v1_adminbasicservice_adminbasic_trains] SPECIAL_CHARACTERS (v101)","trainticket_twostage_test.TrainTicketTwoStageTest_1778271990929.Flow_Scenario_3","test_negative_flow_S3_v101_fault_Root1_SPECIAL_CHARACTERS","test_negative_flow_S3_v101_fault_Root1_SPECIAL_CHARACTERS","Microservice test scenario with 1 steps."
"failed","Fri May 08 23:22:17 CDT 2026","Fri May 08 23:22:22 CDT 2026","5045","ts-order-other-service","Flow_Scenario_475 | POST /api/v1/orderOtherService/orderOther/refresh","[Fault: POST__api_v1_orderOtherService_orderOther_refresh] SEMANTIC_MISMATCH (v190)","trainticket_twostage_test.TrainTicketTwoStageTest_1778271990929.Flow_Scenario_475","test_negative_flow_S475_v190_fault_Root1_SEMANTIC_MISMATCH","test_negative_flow_S475_v190_fault_Root1_SEMANTIC_MISMATCH","Microservice test scenario with 1 steps."
"failed","Sat May 09 01:58:50 CDT 2026","Sat May 09 01:59:03 CDT 2026","12558","ts-admin-basic-info-service","Flow_Scenario_3 | POST /api/v1/adminbasicservice/adminbasic/trains","[Explore 404]","trainticket_twostage_test.TrainTicketTwoStageTest_1778271990929.Flow_Scenario_3","test_positive_flow_S3_v1_explore_404","test_positive_flow_S3_v1_explore_404","Microservice test scenario with 1 steps."
"passed","Sat May 09 00:17:30 CDT 2026","Sat May 09 00:17:39 CDT 2026","8928","ts-travel-plan-service","Flow_Scenario_276 | POST /api/v1/travelplanservice/travelPlan/cheapest","[Fault: POST__api_v1_travelplanservice_travelPlan_cheapest] SEMANTIC_MISMATCH (v32)","trainticket_twostage_test.TrainTicketTwoStageTest_1778271990929.Flow_Scenario_276","test_negative_flow_S276_v32_fault_Root1_SEMANTIC_MISMATCH","test_negative_flow_S276_v32_fault_Root1_SEMANTIC_MISMATCH","Microservice test scenario with 1 steps."
"passed","Sat May 09 00:05:17 CDT 2026","Sat May 09 00:05:26 CDT 2026","8913","ts-travel-plan-service","Flow_Scenario_276 | POST /api/v1/travelplanservice/travelPlan/cheapest","[Fault: POST__api_v1_travelplanservice_travelPlan_cheapest] SPECIAL_CHARACTERS (v79)","trainticket_twostage_test.TrainTicketTwoStageTest_1778271990929.Flow_Scenario_276","test_negative_flow_S276_v79_fault_Root1_SPECIAL_CHARACTERS","test_negative_flow_S276_v79_fault_Root1_SPECIAL_CHARACTERS","Microservice test scenario with 1 steps."
"failed","Sat May 09 02:36:48 CDT 2026","Sat May 09 02:37:01 CDT 2026","12950","ts-admin-travel-service","Flow_Scenario_1088 | DELETE /api/v1/admintravelservice/admintravel/{tripId}","[Valid] v17","trainticket_twostage_test.TrainTicketTwoStageTest_1778271990929.Flow_Scenario_1088","test_positive_flow_S1088_v17","test_positive_flow_S1088_v17","Microservice test scenario with 1 steps."
"failed","Sat May 09 02:29:58 CDT 2026","Sat May 09 02:30:13 CDT 2026","15366","ts-admin-basic-info-service","Flow_Scenario_178 | PUT /api/v1/adminbasicservice/adminbasic/trains","[Valid] v90","trainticket_twostage_test.TrainTicketTwoStageTest_1778271990929.Flow_Scenario_178","test_positive_flow_S178_v90","test_positive_flow_S178_v90","Microservice test scenario with 1 steps."
"failed","Sat May 09 02:24:32 CDT 2026","Sat May 09 02:24:46 CDT 2026","13470","ts-admin-basic-info-service","Flow_Scenario_178 | PUT /api/v1/adminbasicservice/adminbasic/trains","[Valid] v64","trainticket_twostage_test.TrainTicketTwoStageTest_1778271990929.Flow_Scenario_178","test_positive_flow_S178_v64","test_positive_flow_S178_v64","Microservice test scenario with 1 steps."
"failed","Sat May 09 00:44:21 CDT 2026","Sat May 09 00:44:26 CDT 2026","5108","ts-travel2-service","Flow_Scenario_749 | POST /api/v1/travel2service/trips/left","[Fault: POST__api_v1_travel2service_trips_left] SEMANTIC_MISMATCH (v39)","trainticket_twostage_test.TrainTicketTwoStageTest_1778271990929.Flow_Scenario_749","test_negative_flow_S749_v39_fault_Root1_SEMANTIC_MISMATCH","test_negative_flow_S749_v39_fault_Root1_SEMANTIC_MISMATCH","Microservice test scenario with 1 steps."
"failed","Sat May 09 01:15:01 CDT 2026","Sat May 09 01:15:14 CDT 2026","12578","ts-consign-service","Flow_Scenario_894 | GET /api/v1/consignservice/consigns/order/{id}","[Valid] v85","trainticket_twostage_test.TrainTicketTwoStageTest_1778271990929.Flow_Scenario_894","test_positive_flow_S894_v85","test_positive_flow_S894_v85","Microservice test scenario with 1 steps."
"passed","Sat May 09 00:04:26 CDT 2026","Sat May 09 00:04:35 CDT 2026","8819","ts-travel-plan-service","Flow_Scenario_276 | POST /api/v1/travelplanservice/travelPlan/cheapest","[Fault: POST__api_v1_travelplanservice_travelPlan_cheapest] SPECIAL_CHARACTERS (v99)","trainticket_twostage_test.TrainTicketTwoStageTest_1778271990929.Flow_Scenario_276","test_negative_flow_S276_v99_fault_Root1_SPECIAL_CHARACTERS","test_negative_flow_S276_v99_fault_Root1_SPECIAL_CHARACTERS","Microservice test scenario with 1 steps."
"failed","Fri May 08 23:50:00 CDT 2026","Fri May 08 23:50:09 CDT 2026","9256","ts-order-other-service","Flow_Scenario_475 | POST /api/v1/orderOtherService/orderOther/refresh","[Fault: POST__api_v1_orderOtherService_orderOther_refresh] SPECIAL_CHARACTERS (v110)","trainticket_twostage_test.TrainTicketTwoStageTest_1778271990929.Flow_Scenario_475","test_negative_flow_S475_v110_fault_Root1_SPECIAL_CHARACTERS","test_negative_flow_S475_v110_fault_Root1_SPECIAL_CHARACTERS","Microservice test scenario with 1 steps."
"failed","Fri May 08 23:42:03 CDT 2026","Fri May 08 23:42:08 CDT 2026","5047","ts-order-other-service","Flow_Scenario_475 | POST /api/v1/orderOtherService/orderOther/refresh","[Fault: POST__api_v1_orderOtherService_orderOther_refresh] TYPE_MISMATCH (v183)","trainticket_twostage_test.TrainTicketTwoStageTest_1778271990929.Flow_Scenario_475","test_negative_flow_S475_v183_fault_Root1_TYPE_MISMATCH","test_negative_flow_S475_v183_fault_Root1_TYPE_MISMATCH","Microservice test scenario with 1 steps."
"failed","Fri May 08 23:30:07 CDT 2026","Fri May 08 23:30:16 CDT 2026","9238","ts-order-other-service","Flow_Scenario_475 | POST /api/v1/orderOtherService/orderOther/refresh","[Fault: POST__api_v1_orderOtherService_orderOther_refresh] TYPE_MISMATCH (v88)","trainticket_twostage_test.TrainTicketTwoStageTest_1778271990929.Flow_Scenario_475","test_negative_flow_S475_v88_fault_Root1_TYPE_MISMATCH","test_negative_flow_S475_v88_fault_Root1_TYPE_MISMATCH","Microservice test scenario with 1 steps."
"passed","Sat May 09 00:58:51 CDT 2026","Sat May 09 00:59:04 CDT 2026","13244","ts-execute-service","Flow_Scenario_420 | GET /api/v1/executeservice/execute/execute/{orderId}","[Fault: GET__api_v1_executeservice_execute_execute__orderId_] TYPE_MISMATCH (v25)","trainticket_twostage_test.TrainTicketTwoStageTest_1778271990929.Flow_Scenario_420","test_negative_flow_S420_v25_fault_Root1_TYPE_MISMATCH","test_negative_flow_S420_v25_fault_Root1_TYPE_MISMATCH","Microservice test scenario with 1 steps."
"failed","Sat May 09 02:12:58 CDT 2026","Sat May 09 02:13:11 CDT 2026","13191","ts-admin-basic-info-service","Flow_Scenario_178 | PUT /api/v1/adminbasicservice/adminbasic/trains","[Valid] v11","trainticket_twostage_test.TrainTicketTwoStageTest_1778271990929.Flow_Scenario_178","test_positive_flow_S178_v11","test_positive_flow_S178_v11","Microservice test scenario with 1 steps."
"failed","Sat May 09 00:36:47 CDT 2026","Sat May 09 00:36:57 CDT 2026","9277","ts-travel2-service","Flow_Scenario_749 | POST /api/v1/travel2service/trips/left","[Fault: POST__api_v1_travel2service_trips_left] SPECIAL_CHARACTERS (v37)","trainticket_twostage_test.TrainTicketTwoStageTest_1778271990929.Flow_Scenario_749","test_negative_flow_S749_v37_fault_Root1_SPECIAL_CHARACTERS","test_negative_flow_S749_v37_fault_Root1_SPECIAL_CHARACTERS","Microservice test scenario with 1 steps."
"passed","Sat May 09 00:06:53 CDT 2026","Sat May 09 00:07:01 CDT 2026","8552","ts-travel-plan-service","Flow_Scenario_276 | POST /api/v1/travelplanservice/travelPlan/cheapest","[Fault: POST__api_v1_travelplanservice_travelPlan_cheapest] SPECIAL_CHARACTERS (v101)","trainticket_twostage_test.TrainTicketTwoStageTest_1778271990929.Flow_Scenario_276","test_negative_flow_S276_v101_fault_Root1_SPECIAL_CHARACTERS","test_negative_flow_S276_v101_fault_Root1_SPECIAL_CHARACTERS","Microservice test scenario with 1 steps."
"failed","Fri May 08 23:48:42 CDT 2026","Fri May 08 23:48:47 CDT 2026","5060","ts-order-other-service","Flow_Scenario_475 | POST /api/v1/orderOtherService/orderOther/refresh","[Fault: POST__api_v1_orderOtherService_orderOther_refresh] SPECIAL_CHARACTERS (v170)","trainticket_twostage_test.TrainTicketTwoStageTest_1778271990929.Flow_Scenario_475","test_negative_flow_S475_v170_fault_Root1_SPECIAL_CHARACTERS","test_negative_flow_S475_v170_fault_Root1_SPECIAL_CHARACTERS","Microservice test scenario with 1 steps."
"passed","Fri May 08 23:58:10 CDT 2026","Fri May 08 23:58:19 CDT 2026","9305","ts-travel-plan-service","Flow_Scenario_276 | POST /api/v1/travelplanservice/travelPlan/cheapest","[Fault: POST__api_v1_travelplanservice_travelPlan_cheapest] SPECIAL_CHARACTERS (v137)","trainticket_twostage_test.TrainTicketTwoStageTest_1778271990929.Flow_Scenario_276","test_negative_flow_S276_v137_fault_Root1_SPECIAL_CHARACTERS","test_negative_flow_S276_v137_fault_Root1_SPECIAL_CHARACTERS","Microservice test scenario with 1 steps."
"failed","Fri May 08 23:52:24 CDT 2026","Fri May 08 23:52:33 CDT 2026","9263","ts-order-other-service","Flow_Scenario_475 | POST /api/v1/orderOtherService/orderOther/refresh","[Fault: POST__api_v1_orderOtherService_orderOther_refresh] SEMANTIC_MISMATCH (v74)","trainticket_twostage_test.TrainTicketTwoStageTest_1778271990929.Flow_Scenario_475","test_negative_flow_S475_v74_fault_Root1_SEMANTIC_MISMATCH","test_negative_flow_S475_v74_fault_Root1_SEMANTIC_MISMATCH","Microservice test scenario with 1 steps."
"failed","Sat May 09 02:15:50 CDT 2026","Sat May 09 02:16:03 CDT 2026","13173","ts-admin-basic-info-service","Flow_Scenario_178 | PUT /api/v1/adminbasicservice/adminbasic/trains","[Valid] v24","trainticket_twostage_test.TrainTicketTwoStageTest_1778271990929.Flow_Scenario_178","test_positive_flow_S178_v24","test_positive_flow_S178_v24","Microservice test scenario with 1 steps."
"failed","Fri May 08 23:50:43 CDT 2026","Fri May 08 23:50:48 CDT 2026","5053","ts-order-other-service","Flow_Scenario_475 | POST /api/v1/orderOtherService/orderOther/refresh","[Fault: POST__api_v1_orderOtherService_orderOther_refresh] OVERFLOW (v115)","trainticket_twostage_test.TrainTicketTwoStageTest_1778271990929.Flow_Scenario_475","test_negative_flow_S475_v115_fault_Root1_OVERFLOW","test_negative_flow_S475_v115_fault_Root1_OVERFLOW","Microservice test scenario with 1 steps."
"passed","Sat May 09 00:48:26 CDT 2026","Sat May 09 00:48:35 CDT 2026","9178","ts-execute-service","Flow_Scenario_420 | GET /api/v1/executeservice/execute/execute/{orderId}","[Fault: GET__api_v1_executeservice_execute_execute__orderId_] SEMANTIC_MISMATCH (v59)","trainticket_twostage_test.TrainTicketTwoStageTest_1778271990929.Flow_Scenario_420","test_negative_flow_S420_v59_fault_Root1_SEMANTIC_MISMATCH","test_negative_flow_S420_v59_fault_Root1_SEMANTIC_MISMATCH","Microservice test scenario with 1 steps."
"passed","Sat May 09 02:01:01 CDT 2026","Sat May 09 02:01:15 CDT 2026","14390","ts-admin-basic-info-service","Flow_Scenario_3 | POST /api/v1/adminbasicservice/adminbasic/trains","[Fault: POST__api_v1_adminbasicservice_adminbasic_trains] SPECIAL_CHARACTERS (v170)","trainticket_twostage_test.TrainTicketTwoStageTest_1778271990929.Flow_Scenario_3","test_negative_flow_S3_v170_fault_Root1_SPECIAL_CHARACTERS","test_negative_flow_S3_v170_fault_Root1_SPECIAL_CHARACTERS","Microservice test scenario with 1 steps."
"failed","Fri May 08 23:34:53 CDT 2026","Fri May 08 23:34:58 CDT 2026","5049","ts-order-other-service","Flow_Scenario_475 | POST /api/v1/orderOtherService/orderOther/refresh","[Fault: POST__api_v1_orderOtherService_orderOther_refresh] SPECIAL_CHARACTERS (v209)","trainticket_twostage_test.TrainTicketTwoStageTest_1778271990929.Flow_Scenario_475","test_negative_flow_S475_v209_fault_Root1_SPECIAL_CHARACTERS","test_negative_flow_S475_v209_fault_Root1_SPECIAL_CHARACTERS","Microservice test scenario with 1 steps."
"failed","Fri May 08 23:52:42 CDT 2026","Fri May 08 23:52:47 CDT 2026","5048","ts-order-other-service","Flow_Scenario_475 | POST /api/v1/orderOtherService/orderOther/refresh","[Fault: POST__api_v1_orderOtherService_orderOther_refresh] SPECIAL_CHARACTERS (v43)","trainticket_twostage_test.TrainTicketTwoStageTest_1778271990929.Flow_Scenario_475","test_negative_flow_S475_v43_fault_Root1_SPECIAL_CHARACTERS","test_negative_flow_S475_v43_fault_Root1_SPECIAL_CHARACTERS","Microservice test scenario with 1 steps."
"passed","Fri May 08 23:54:40 CDT 2026","Fri May 08 23:54:49 CDT 2026","8914","ts-travel-plan-service","Flow_Scenario_276 | POST /api/v1/travelplanservice/travelPlan/cheapest","[Fault: POST__api_v1_travelplanservice_travelPlan_cheapest] SEMANTIC_MISMATCH (v136)","trainticket_twostage_test.TrainTicketTwoStageTest_1778271990929.Flow_Scenario_276","test_negative_flow_S276_v136_fault_Root1_SEMANTIC_MISMATCH","test_negative_flow_S276_v136_fault_Root1_SEMANTIC_MISMATCH","Microservice test scenario with 1 steps."
"failed","Sat May 09 01:13:43 CDT 2026","Sat May 09 01:13:56 CDT 2026","12734","ts-consign-service","Flow_Scenario_894 | GET /api/v1/consignservice/consigns/order/{id}","[Valid] v79","trainticket_twostage_test.TrainTicketTwoStageTest_1778271990929.Flow_Scenario_894","test_positive_flow_S894_v79","test_positive_flow_S894_v79","Microservice test scenario with 1 steps."
"passed","Sat May 09 00:03:49 CDT 2026","Sat May 09 00:04:02 CDT 2026","12598","ts-travel-plan-service","Flow_Scenario_276 | POST /api/v1/travelplanservice/travelPlan/cheapest","[Fault: POST__api_v1_travelplanservice_travelPlan_cheapest] SPECIAL_CHARACTERS (v88)","trainticket_twostage_test.TrainTicketTwoStageTest_1778271990929.Flow_Scenario_276","test_negative_flow_S276_v88_fault_Root1_SPECIAL_CHARACTERS","test_negative_flow_S276_v88_fault_Root1_SPECIAL_CHARACTERS","Microservice test scenario with 1 steps."
"failed","Fri May 08 23:47:44 CDT 2026","Fri May 08 23:47:53 CDT 2026","9211","ts-order-other-service","Flow_Scenario_475 | POST /api/v1/orderOtherService/orderOther/refresh","[Fault: POST__api_v1_orderOtherService_orderOther_refresh] SEMANTIC_MISMATCH (v53)","trainticket_twostage_test.TrainTicketTwoStageTest_1778271990929.Flow_Scenario_475","test_negative_flow_S475_v53_fault_Root1_SEMANTIC_MISMATCH","test_negative_flow_S475_v53_fault_Root1_SEMANTIC_MISMATCH","Microservice test scenario with 1 steps."
"passed","Sat May 09 00:10:07 CDT 2026","Sat May 09 00:10:20 CDT 2026","13176","ts-travel-plan-service","Flow_Scenario_276 | POST /api/v1/travelplanservice/travelPlan/cheapest","[Fault: POST__api_v1_travelplanservice_travelPlan_cheapest] SPECIAL_CHARACTERS (v30)","trainticket_twostage_test.TrainTicketTwoStageTest_1778271990929.Flow_Scenario_276","test_negative_flow_S276_v30_fault_Root1_SPECIAL_CHARACTERS","test_negative_flow_S276_v30_fault_Root1_SPECIAL_CHARACTERS","Microservice test scenario with 1 steps."
"passed","Fri May 08 23:43:45 CDT 2026","Fri May 08 23:43:55 CDT 2026","9217","ts-order-other-service","Flow_Scenario_475 | POST /api/v1/orderOtherService/orderOther/refresh","[Valid] v16","trainticket_twostage_test.TrainTicketTwoStageTest_1778271990929.Flow_Scenario_475","test_positive_flow_S475_v16","test_positive_flow_S475_v16","Microservice test scenario with 1 steps."
"passed","Sat May 09 00:30:37 CDT 2026","Sat May 09 00:30:46 CDT 2026","8730","ts-travel2-service","Flow_Scenario_749 | POST /api/v1/travel2service/trips/left","[Valid] v6","trainticket_twostage_test.TrainTicketTwoStageTest_1778271990929.Flow_Scenario_749","test_positive_flow_S749_v6","test_positive_flow_S749_v6","Microservice test scenario with 1 steps."
"failed","Fri May 08 23:29:19 CDT 2026","Fri May 08 23:29:29 CDT 2026","9223","ts-order-other-service","Flow_Scenario_475 | POST /api/v1/orderOtherService/orderOther/refresh","[Fault: POST__api_v1_orderOtherService_orderOther_refresh] SPECIAL_CHARACTERS (v265)","trainticket_twostage_test.TrainTicketTwoStageTest_1778271990929.Flow_Scenario_475","test_negative_flow_S475_v265_fault_Root1_SPECIAL_CHARACTERS","test_negative_flow_S475_v265_fault_Root1_SPECIAL_CHARACTERS","Microservice test scenario with 1 steps."
"failed","Fri May 08 23:38:32 CDT 2026","Fri May 08 23:38:42 CDT 2026","10053","ts-order-other-service","Flow_Scenario_475 | POST /api/v1/orderOtherService/orderOther/refresh","[Fault: POST__api_v1_orderOtherService_orderOther_refresh] TYPE_MISMATCH (v23)","trainticket_twostage_test.TrainTicketTwoStageTest_1778271990929.Flow_Scenario_475","test_negative_flow_S475_v23_fault_Root1_TYPE_MISMATCH","test_negative_flow_S475_v23_fault_Root1_TYPE_MISMATCH","Microservice test scenario with 1 steps."
"failed","Sat May 09 02:26:41 CDT 2026","Sat May 09 02:26:53 CDT 2026","12629","ts-admin-basic-info-service","Flow_Scenario_178 | PUT /api/v1/adminbasicservice/adminbasic/trains","[Valid] v74","trainticket_twostage_test.TrainTicketTwoStageTest_1778271990929.Flow_Scenario_178","test_positive_flow_S178_v74","test_positive_flow_S178_v74","Microservice test scenario with 1 steps."
"failed","Sat May 09 01:29:24 CDT 2026","Sat May 09 01:29:36 CDT 2026","12555","ts-admin-basic-info-service","Flow_Scenario_994 | PUT /api/v1/adminbasicservice/adminbasic/stations","[Valid] v44","trainticket_twostage_test.TrainTicketTwoStageTest_1778271990929.Flow_Scenario_994","test_positive_flow_S994_v44","test_positive_flow_S994_v44","Microservice test scenario with 1 steps."
"passed","Sat May 09 01:06:10 CDT 2026","Sat May 09 01:06:22 CDT 2026","12549","ts-consign-service","Flow_Scenario_894 | GET /api/v1/consignservice/consigns/order/{id}","[Fault: GET__api_v1_consignservice_consigns_order__id_] EMPTY_INPUT (v29)","trainticket_twostage_test.TrainTicketTwoStageTest_1778271990929.Flow_Scenario_894","test_negative_flow_S894_v29_fault_Root1_EMPTY_INPUT","test_negative_flow_S894_v29_fault_Root1_EMPTY_INPUT","Microservice test scenario with 1 steps."
"failed","Sat May 09 02:36:36 CDT 2026","Sat May 09 02:36:48 CDT 2026","12583","ts-admin-travel-service","Flow_Scenario_1088 | DELETE /api/v1/admintravelservice/admintravel/{tripId}","[Valid] v15","trainticket_twostage_test.TrainTicketTwoStageTest_1778271990929.Flow_Scenario_1088","test_positive_flow_S1088_v15","test_positive_flow_S1088_v15","Microservice test scenario with 1 steps."
"passed","Sat May 09 00:50:56 CDT 2026","Sat May 09 00:51:10 CDT 2026","13940","ts-execute-service","Flow_Scenario_420 | GET /api/v1/executeservice/execute/execute/{orderId}","[Fault: GET__api_v1_executeservice_execute_execute__orderId_] SEMANTIC_MISMATCH (v65)","trainticket_twostage_test.TrainTicketTwoStageTest_1778271990929.Flow_Scenario_420","test_negative_flow_S420_v65_fault_Root1_SEMANTIC_MISMATCH","test_negative_flow_S420_v65_fault_Root1_SEMANTIC_MISMATCH","Microservice test scenario with 1 steps."
"passed","Sat May 09 00:46:54 CDT 2026","Sat May 09 00:47:05 CDT 2026","11032","ts-travel2-service","Flow_Scenario_749 | POST /api/v1/travel2service/trips/left","[Fault: POST__api_v1_travel2service_trips_left] SPECIAL_CHARACTERS (v140)","trainticket_twostage_test.TrainTicketTwoStageTest_1778271990929.Flow_Scenario_749","test_negative_flow_S749_v140_fault_Root1_SPECIAL_CHARACTERS","test_negative_flow_S749_v140_fault_Root1_SPECIAL_CHARACTERS","Microservice test scenario with 1 steps."
"failed","Sat May 09 01:55:46 CDT 2026","Sat May 09 01:55:59 CDT 2026","13098","ts-admin-basic-info-service","Flow_Scenario_3 | POST /api/v1/adminbasicservice/adminbasic/trains","[Explore 500]","trainticket_twostage_test.TrainTicketTwoStageTest_1778271990929.Flow_Scenario_3","test_positive_flow_S3_v2_explore_500","test_positive_flow_S3_v2_explore_500","Microservice test scenario with 1 steps."
"passed","Sat May 09 00:28:23 CDT 2026","Sat May 09 00:28:36 CDT 2026","13347","ts-travel2-service","Flow_Scenario_749 | POST /api/v1/travel2service/trips/left","[Fault: POST__api_v1_travel2service_trips_left] TYPE_MISMATCH (v86)","trainticket_twostage_test.TrainTicketTwoStageTest_1778271990929.Flow_Scenario_749","test_negative_flow_S749_v86_fault_Root1_TYPE_MISMATCH","test_negative_flow_S749_v86_fault_Root1_TYPE_MISMATCH","Microservice test scenario with 1 steps."
"passed","Sat May 09 01:52:54 CDT 2026","Sat May 09 01:53:08 CDT 2026","14030","ts-admin-basic-info-service","Flow_Scenario_3 | POST /api/v1/adminbasicservice/adminbasic/trains","[Fault: POST__api_v1_adminbasicservice_adminbasic_trains] SEMANTIC_MISMATCH (v133)","trainticket_twostage_test.TrainTicketTwoStageTest_1778271990929.Flow_Scenario_3","test_negative_flow_S3_v133_fault_Root1_SEMANTIC_MISMATCH","test_negative_flow_S3_v133_fault_Root1_SEMANTIC_MISMATCH","Microservice test scenario with 1 steps."
"passed","Fri May 08 23:59:04 CDT 2026","Fri May 08 23:59:13 CDT 2026","8663","ts-travel-plan-service","Flow_Scenario_276 | POST /api/v1/travelplanservice/travelPlan/cheapest","[Fault: POST__api_v1_travelplanservice_travelPlan_cheapest] SEMANTIC_MISMATCH (v89)","trainticket_twostage_test.TrainTicketTwoStageTest_1778271990929.Flow_Scenario_276","test_negative_flow_S276_v89_fault_Root1_SEMANTIC_MISMATCH","test_negative_flow_S276_v89_fault_Root1_SEMANTIC_MISMATCH","Microservice test scenario with 1 steps."
"passed","Sat May 09 01:40:40 CDT 2026","Sat May 09 01:40:53 CDT 2026","13052","ts-admin-basic-info-service","Flow_Scenario_3 | POST /api/v1/adminbasicservice/adminbasic/trains","[Fault: POST__api_v1_adminbasicservice_adminbasic_trains] SEMANTIC_MISMATCH (v47)","trainticket_twostage_test.TrainTicketTwoStageTest_1778271990929.Flow_Scenario_3","test_negative_flow_S3_v47_fault_Root1_SEMANTIC_MISMATCH","test_negative_flow_S3_v47_fault_Root1_SEMANTIC_MISMATCH","Microservice test scenario with 1 steps."
"passed","Sat May 09 00:34:43 CDT 2026","Sat May 09 00:34:53 CDT 2026","9264","ts-travel2-service","Flow_Scenario_749 | POST /api/v1/travel2service/trips/left","[Valid] v19","trainticket_twostage_test.TrainTicketTwoStageTest_1778271990929.Flow_Scenario_749","test_positive_flow_S749_v19","test_positive_flow_S749_v19","Microservice test scenario with 1 steps."
"passed","Sat May 09 01:53:21 CDT 2026","Sat May 09 01:53:34 CDT 2026","13313","ts-admin-basic-info-service","Flow_Scenario_3 | POST /api/v1/adminbasicservice/adminbasic/trains","[Fault: POST__api_v1_adminbasicservice_adminbasic_trains] SPECIAL_CHARACTERS (v108)","trainticket_twostage_test.TrainTicketTwoStageTest_1778271990929.Flow_Scenario_3","test_negative_flow_S3_v108_fault_Root1_SPECIAL_CHARACTERS","test_negative_flow_S3_v108_fault_Root1_SPECIAL_CHARACTERS","Microservice test scenario with 1 steps."
"failed","Fri May 08 23:35:41 CDT 2026","Fri May 08 23:35:46 CDT 2026","5048","ts-order-other-service","Flow_Scenario_475 | POST /api/v1/orderOtherService/orderOther/refresh","[Fault: POST__api_v1_orderOtherService_orderOther_refresh] SEMANTIC_MISMATCH (v45)","trainticket_twostage_test.TrainTicketTwoStageTest_1778271990929.Flow_Scenario_475","test_negative_flow_S475_v45_fault_Root1_SEMANTIC_MISMATCH","test_negative_flow_S475_v45_fault_Root1_SEMANTIC_MISMATCH","Microservice test scenario with 1 steps."
"failed","Sat May 09 02:24:19 CDT 2026","Sat May 09 02:24:32 CDT 2026","13112","ts-admin-basic-info-service","Flow_Scenario_178 | PUT /api/v1/adminbasicservice/adminbasic/trains","[Valid] v63","trainticket_twostage_test.TrainTicketTwoStageTest_1778271990929.Flow_Scenario_178","test_positive_flow_S178_v63","test_positive_flow_S178_v63","Microservice test scenario with 1 steps."
"passed","Sat May 09 01:36:33 CDT 2026","Sat May 09 01:36:47 CDT 2026","14206","ts-admin-basic-info-service","Flow_Scenario_3 | POST /api/v1/adminbasicservice/adminbasic/trains","[Fault: POST__api_v1_adminbasicservice_adminbasic_trains] SEMANTIC_MISMATCH (v26)","trainticket_twostage_test.TrainTicketTwoStageTest_1778271990929.Flow_Scenario_3","test_negative_flow_S3_v26_fault_Root1_SEMANTIC_MISMATCH","test_negative_flow_S3_v26_fault_Root1_SEMANTIC_MISMATCH","Microservice test scenario with 1 steps."
"passed","Sat May 09 00:14:07 CDT 2026","Sat May 09 00:14:16 CDT 2026","8724","ts-travel-plan-service","Flow_Scenario_276 | POST /api/v1/travelplanservice/travelPlan/cheapest","[Fault: POST__api_v1_travelplanservice_travelPlan_cheapest] SPECIAL_CHARACTERS (v76)","trainticket_twostage_test.TrainTicketTwoStageTest_1778271990929.Flow_Scenario_276","test_negative_flow_S276_v76_fault_Root1_SPECIAL_CHARACTERS","test_negative_flow_S276_v76_fault_Root1_SPECIAL_CHARACTERS","Microservice test scenario with 1 steps."
"passed","Sat May 09 01:38:59 CDT 2026","Sat May 09 01:39:13 CDT 2026","13918","ts-admin-basic-info-service","Flow_Scenario_3 | POST /api/v1/adminbasicservice/adminbasic/trains","[Fault: POST__api_v1_adminbasicservice_adminbasic_trains] TYPE_MISMATCH (v40)","trainticket_twostage_test.TrainTicketTwoStageTest_1778271990929.Flow_Scenario_3","test_negative_flow_S3_v40_fault_Root1_TYPE_MISMATCH","test_negative_flow_S3_v40_fault_Root1_TYPE_MISMATCH","Microservice test scenario with 1 steps."
"failed","Sat May 09 01:15:41 CDT 2026","Sat May 09 01:15:54 CDT 2026","12878","ts-consign-service","Flow_Scenario_894 | GET /api/v1/consignservice/consigns/order/{id}","[Valid] v88","trainticket_twostage_test.TrainTicketTwoStageTest_1778271990929.Flow_Scenario_894","test_positive_flow_S894_v88","test_positive_flow_S894_v88","Microservice test scenario with 1 steps."
"failed","Sat May 09 00:24:34 CDT 2026","Sat May 09 00:24:43 CDT 2026","8678","ts-admin-basic-info-service","Flow_Scenario_1040 | POST /api/v1/adminbasicservice/adminbasic/stations","[Valid] v67","trainticket_twostage_test.TrainTicketTwoStageTest_1778271990929.Flow_Scenario_1040","test_positive_flow_S1040_v67","test_positive_flow_S1040_v67","Microservice test scenario with 1 steps."
"failed","Fri May 08 23:47:58 CDT 2026","Fri May 08 23:48:03 CDT 2026","5050","ts-order-other-service","Flow_Scenario_475 | POST /api/v1/orderOtherService/orderOther/refresh","[Fault: POST__api_v1_orderOtherService_orderOther_refresh] SEMANTIC_MISMATCH (v255)","trainticket_twostage_test.TrainTicketTwoStageTest_1778271990929.Flow_Scenario_475","test_negative_flow_S475_v255_fault_Root1_SEMANTIC_MISMATCH","test_negative_flow_S475_v255_fault_Root1_SEMANTIC_MISMATCH","Microservice test scenario with 1 steps."
"passed","Fri May 08 23:46:08 CDT 2026","Fri May 08 23:46:17 CDT 2026","9223","ts-order-other-service","Flow_Scenario_475 | POST /api/v1/orderOtherService/orderOther/refresh","[Fault: POST__api_v1_orderOtherService_orderOther_refresh] TYPE_MISMATCH (v163)","trainticket_twostage_test.TrainTicketTwoStageTest_1778271990929.Flow_Scenario_475","test_negative_flow_S475_v163_fault_Root1_TYPE_MISMATCH","test_negative_flow_S475_v163_fault_Root1_TYPE_MISMATCH","Microservice test scenario with 1 steps."
"failed","Sat May 09 02:13:37 CDT 2026","Sat May 09 02:13:51 CDT 2026","13629","ts-admin-basic-info-service","Flow_Scenario_178 | PUT /api/v1/adminbasicservice/adminbasic/trains","[Valid] v14","trainticket_twostage_test.TrainTicketTwoStageTest_1778271990929.Flow_Scenario_178","test_positive_flow_S178_v14","test_positive_flow_S178_v14","Microservice test scenario with 1 steps."
"failed","Fri May 08 23:26:07 CDT 2026","Fri May 08 23:26:17 CDT 2026","9229","ts-order-other-service","Flow_Scenario_475 | POST /api/v1/orderOtherService/orderOther/refresh","[Fault: POST__api_v1_orderOtherService_orderOther_refresh] SEMANTIC_MISMATCH (v114)","trainticket_twostage_test.TrainTicketTwoStageTest_1778271990929.Flow_Scenario_475","test_negative_flow_S475_v114_fault_Root1_SEMANTIC_MISMATCH","test_negative_flow_S475_v114_fault_Root1_SEMANTIC_MISMATCH","Microservice test scenario with 1 steps."
"passed","Sat May 09 00:59:04 CDT 2026","Sat May 09 00:59:16 CDT 2026","12658","ts-execute-service","Flow_Scenario_420 | GET /api/v1/executeservice/execute/execute/{orderId}","[Fault: GET__api_v1_executeservice_execute_execute__orderId_] SEMANTIC_MISMATCH (v61)","trainticket_twostage_test.TrainTicketTwoStageTest_1778271990929.Flow_Scenario_420","test_negative_flow_S420_v61_fault_Root1_SEMANTIC_MISMATCH","test_negative_flow_S420_v61_fault_Root1_SEMANTIC_MISMATCH","Microservice test scenario with 1 steps."
"failed","Sat May 09 01:14:48 CDT 2026","Sat May 09 01:15:01 CDT 2026","13235","ts-consign-service","Flow_Scenario_894 | GET /api/v1/consignservice/consigns/order/{id}","[Valid] v84","trainticket_twostage_test.TrainTicketTwoStageTest_1778271990929.Flow_Scenario_894","test_positive_flow_S894_v84","test_positive_flow_S894_v84","Microservice test scenario with 1 steps."
"passed","Sat May 09 00:09:26 CDT 2026","Sat May 09 00:09:39 CDT 2026","13256","ts-travel-plan-service","Flow_Scenario_276 | POST /api/v1/travelplanservice/travelPlan/cheapest","[Fault: POST__api_v1_travelplanservice_travelPlan_cheapest] SPECIAL_CHARACTERS (v50)","trainticket_twostage_test.TrainTicketTwoStageTest_1778271990929.Flow_Scenario_276","test_negative_flow_S276_v50_fault_Root1_SPECIAL_CHARACTERS","test_negative_flow_S276_v50_fault_Root1_SPECIAL_CHARACTERS","Microservice test scenario with 1 steps."
"failed","Sat May 09 02:26:03 CDT 2026","Sat May 09 02:26:16 CDT 2026","13667","ts-admin-basic-info-service","Flow_Scenario_178 | PUT /api/v1/adminbasicservice/adminbasic/trains","[Valid] v71","trainticket_twostage_test.TrainTicketTwoStageTest_1778271990929.Flow_Scenario_178","test_positive_flow_S178_v71","test_positive_flow_S178_v71","Microservice test scenario with 1 steps."
"failed","Fri May 08 23:23:29 CDT 2026","Fri May 08 23:23:34 CDT 2026","5045","ts-order-other-service","Flow_Scenario_475 | POST /api/v1/orderOtherService/orderOther/refresh","[Fault: POST__api_v1_orderOtherService_orderOther_refresh] SPECIAL_CHARACTERS (v116)","trainticket_twostage_test.TrainTicketTwoStageTest_1778271990929.Flow_Scenario_475","test_negative_flow_S475_v116_fault_Root1_SPECIAL_CHARACTERS","test_negative_flow_S475_v116_fault_Root1_SPECIAL_CHARACTERS","Microservice test scenario with 1 steps."
"failed","Sat May 09 00:31:06 CDT 2026","Sat May 09 00:31:15 CDT 2026","9123","ts-travel2-service","Flow_Scenario_749 | POST /api/v1/travel2service/trips/left","[Fault: POST__api_v1_travel2service_trips_left] SEMANTIC_MISMATCH (v70)","trainticket_twostage_test.TrainTicketTwoStageTest_1778271990929.Flow_Scenario_749","test_negative_flow_S749_v70_fault_Root1_SEMANTIC_MISMATCH","test_negative_flow_S749_v70_fault_Root1_SEMANTIC_MISMATCH","Microservice test scenario with 1 steps."
"failed","Fri May 08 23:38:18 CDT 2026","Fri May 08 23:38:23 CDT 2026","5072","ts-order-other-service","Flow_Scenario_475 | POST /api/v1/orderOtherService/orderOther/refresh","[Fault: POST__api_v1_orderOtherService_orderOther_refresh] TYPE_MISMATCH (v251)","trainticket_twostage_test.TrainTicketTwoStageTest_1778271990929.Flow_Scenario_475","test_negative_flow_S475_v251_fault_Root1_TYPE_MISMATCH","test_negative_flow_S475_v251_fault_Root1_TYPE_MISMATCH","Microservice test scenario with 1 steps."
"failed","Fri May 08 23:42:47 CDT 2026","Fri May 08 23:42:52 CDT 2026","5055","ts-order-other-service","Flow_Scenario_475 | POST /api/v1/orderOtherService/orderOther/refresh","[Fault: POST__api_v1_orderOtherService_orderOther_refresh] SEMANTIC_MISMATCH (v143)","trainticket_twostage_test.TrainTicketTwoStageTest_1778271990929.Flow_Scenario_475","test_negative_flow_S475_v143_fault_Root1_SEMANTIC_MISMATCH","test_negative_flow_S475_v143_fault_Root1_SEMANTIC_MISMATCH","Microservice test scenario with 1 steps."
"passed","Sat May 09 00:18:54 CDT 2026","Sat May 09 00:18:59 CDT 2026","5067","ts-travel-plan-service","Flow_Scenario_276 | POST /api/v1/travelplanservice/travelPlan/cheapest","[Fault: POST__api_v1_travelplanservice_travelPlan_cheapest] OVERFLOW (v104)","trainticket_twostage_test.TrainTicketTwoStageTest_1778271990929.Flow_Scenario_276","test_negative_flow_S276_v104_fault_Root1_OVERFLOW","test_negative_flow_S276_v104_fault_Root1_OVERFLOW","Microservice test scenario with 1 steps."
"failed","Sat May 09 02:25:25 CDT 2026","Sat May 09 02:25:37 CDT 2026","12377","ts-admin-basic-info-service","Flow_Scenario_178 | PUT /api/v1/adminbasicservice/adminbasic/trains","[Valid] v68","trainticket_twostage_test.TrainTicketTwoStageTest_1778271990929.Flow_Scenario_178","test_positive_flow_S178_v68","test_positive_flow_S178_v68","Microservice test scenario with 1 steps."
"failed","Fri May 08 23:49:40 CDT 2026","Fri May 08 23:49:45 CDT 2026","5047","ts-order-other-service","Flow_Scenario_475 | POST /api/v1/orderOtherService/orderOther/refresh","[Fault: POST__api_v1_orderOtherService_orderOther_refresh] SPECIAL_CHARACTERS (v30)","trainticket_twostage_test.TrainTicketTwoStageTest_1778271990929.Flow_Scenario_475","test_negative_flow_S475_v30_fault_Root1_SPECIAL_CHARACTERS","test_negative_flow_S475_v30_fault_Root1_SPECIAL_CHARACTERS","Microservice test scenario with 1 steps."
"failed","Sat May 09 02:40:31 CDT 2026","Sat May 09 02:40:44 CDT 2026","12723","ts-admin-travel-service","Flow_Scenario_1088 | DELETE /api/v1/admintravelservice/admintravel/{tripId}","[Valid] v5","trainticket_twostage_test.TrainTicketTwoStageTest_1778271990929.Flow_Scenario_1088","test_positive_flow_S1088_v5","test_positive_flow_S1088_v5","Microservice test scenario with 1 steps."
"passed","Sat May 09 01:09:34 CDT 2026","Sat May 09 01:09:48 CDT 2026","13571","ts-consign-service","Flow_Scenario_894 | GET /api/v1/consignservice/consigns/order/{id}","[Fault: GET__api_v1_consignservice_consigns_order__id_] OVERFLOW (v39)","trainticket_twostage_test.TrainTicketTwoStageTest_1778271990929.Flow_Scenario_894","test_negative_flow_S894_v39_fault_Root1_OVERFLOW","test_negative_flow_S894_v39_fault_Root1_OVERFLOW","Microservice test scenario with 1 steps."
"passed","Sat May 09 02:07:58 CDT 2026","Sat May 09 02:08:11 CDT 2026","13007","ts-admin-basic-info-service","Flow_Scenario_3 | POST /api/v1/adminbasicservice/adminbasic/trains","[Fault: POST__api_v1_adminbasicservice_adminbasic_trains] SPECIAL_CHARACTERS (v95)","trainticket_twostage_test.TrainTicketTwoStageTest_1778271990929.Flow_Scenario_3","test_negative_flow_S3_v95_fault_Root1_SPECIAL_CHARACTERS","test_negative_flow_S3_v95_fault_Root1_SPECIAL_CHARACTERS","Microservice test scenario with 1 steps."
"failed","Sat May 09 02:33:52 CDT 2026","Sat May 09 02:34:05 CDT 2026","13262","ts-admin-basic-info-service","Flow_Scenario_178 | PUT /api/v1/adminbasicservice/adminbasic/trains","[Explore 429]","trainticket_twostage_test.TrainTicketTwoStageTest_1778271990929.Flow_Scenario_178","test_positive_flow_S178_v6_explore_429","test_positive_flow_S178_v6_explore_429","Microservice test scenario with 1 steps."
"passed","Sat May 09 01:38:04 CDT 2026","Sat May 09 01:38:17 CDT 2026","13406","ts-admin-basic-info-service","Flow_Scenario_3 | POST /api/v1/adminbasicservice/adminbasic/trains","[Fault: POST__api_v1_adminbasicservice_adminbasic_trains] SPECIAL_CHARACTERS (v109)","trainticket_twostage_test.TrainTicketTwoStageTest_1778271990929.Flow_Scenario_3","test_negative_flow_S3_v109_fault_Root1_SPECIAL_CHARACTERS","test_negative_flow_S3_v109_fault_Root1_SPECIAL_CHARACTERS","Microservice test scenario with 1 steps."
"failed","Fri May 08 23:27:29 CDT 2026","Fri May 08 23:27:34 CDT 2026","5048","ts-order-other-service","Flow_Scenario_475 | POST /api/v1/orderOtherService/orderOther/refresh","[Fault: POST__api_v1_orderOtherService_orderOther_refresh] SPECIAL_CHARACTERS (v149)","trainticket_twostage_test.TrainTicketTwoStageTest_1778271990929.Flow_Scenario_475","test_negative_flow_S475_v149_fault_Root1_SPECIAL_CHARACTERS","test_negative_flow_S475_v149_fault_Root1_SPECIAL_CHARACTERS","Microservice test scenario with 1 steps."
"passed","Sat May 09 00:00:14 CDT 2026","Sat May 09 00:00:23 CDT 2026","9668","ts-travel-plan-service","Flow_Scenario_276 | POST /api/v1/travelplanservice/travelPlan/cheapest","[Fault: POST__api_v1_travelplanservice_travelPlan_cheapest] TYPE_MISMATCH (v118)","trainticket_twostage_test.TrainTicketTwoStageTest_1778271990929.Flow_Scenario_276","test_negative_flow_S276_v118_fault_Root1_TYPE_MISMATCH","test_negative_flow_S276_v118_fault_Root1_TYPE_MISMATCH","Microservice test scenario with 1 steps."
"failed","Sat May 09 00:43:39 CDT 2026","Sat May 09 00:43:48 CDT 2026","9232","ts-travel2-service","Flow_Scenario_749 | POST /api/v1/travel2service/trips/left","[Fault: POST__api_v1_travel2service_trips_left] SPECIAL_CHARACTERS (v94)","trainticket_twostage_test.TrainTicketTwoStageTest_1778271990929.Flow_Scenario_749","test_negative_flow_S749_v94_fault_Root1_SPECIAL_CHARACTERS","test_negative_flow_S749_v94_fault_Root1_SPECIAL_CHARACTERS","Microservice test scenario with 1 steps."
"failed","Sat May 09 00:22:52 CDT 2026","Sat May 09 00:23:00 CDT 2026","8587","ts-admin-basic-info-service","Flow_Scenario_1040 | POST /api/v1/adminbasicservice/adminbasic/stations","[Valid] v31","trainticket_twostage_test.TrainTicketTwoStageTest_1778271990929.Flow_Scenario_1040","test_positive_flow_S1040_v31","test_positive_flow_S1040_v31","Microservice test scenario with 1 steps."
"passed","Sat May 09 00:09:53 CDT 2026","Sat May 09 00:10:07 CDT 2026","14123","ts-travel-plan-service","Flow_Scenario_276 | POST /api/v1/travelplanservice/travelPlan/cheapest","[Fault: POST__api_v1_travelplanservice_travelPlan_cheapest] SPECIAL_CHARACTERS (v105)","trainticket_twostage_test.TrainTicketTwoStageTest_1778271990929.Flow_Scenario_276","test_negative_flow_S276_v105_fault_Root1_SPECIAL_CHARACTERS","test_negative_flow_S276_v105_fault_Root1_SPECIAL_CHARACTERS","Microservice test scenario with 1 steps."
"passed","Sat May 09 01:49:13 CDT 2026","Sat May 09 01:49:26 CDT 2026","12804","ts-admin-basic-info-service","Flow_Scenario_3 | POST /api/v1/adminbasicservice/adminbasic/trains","[Fault: POST__api_v1_adminbasicservice_adminbasic_trains] SEMANTIC_MISMATCH (v132)","trainticket_twostage_test.TrainTicketTwoStageTest_1778271990929.Flow_Scenario_3","test_negative_flow_S3_v132_fault_Root1_SEMANTIC_MISMATCH","test_negative_flow_S3_v132_fault_Root1_SEMANTIC_MISMATCH","Microservice test scenario with 1 steps."
"failed","Sat May 09 00:21:24 CDT 2026","Sat May 09 00:21:36 CDT 2026","12687","ts-admin-basic-info-service","Flow_Scenario_1040 | POST /api/v1/adminbasicservice/adminbasic/stations","[Valid] v23","trainticket_twostage_test.TrainTicketTwoStageTest_1778271990929.Flow_Scenario_1040","test_positive_flow_S1040_v23","test_positive_flow_S1040_v23","Microservice test scenario with 1 steps."
"failed","Sat May 09 00:06:19 CDT 2026","Sat May 09 00:06:31 CDT 2026","12533","ts-travel-plan-service","Flow_Scenario_276 | POST /api/v1/travelplanservice/travelPlan/cheapest","[Fault: POST__api_v1_travelplanservice_travelPlan_cheapest] TYPE_MISMATCH (v110)","trainticket_twostage_test.TrainTicketTwoStageTest_1778271990929.Flow_Scenario_276","test_negative_flow_S276_v110_fault_Root1_TYPE_MISMATCH","test_negative_flow_S276_v110_fault_Root1_TYPE_MISMATCH","Microservice test scenario with 1 steps."
"failed","Sat May 09 02:14:29 CDT 2026","Sat May 09 02:14:43 CDT 2026","13517","ts-admin-basic-info-service","Flow_Scenario_178 | PUT /api/v1/adminbasicservice/adminbasic/trains","[Valid] v18","trainticket_twostage_test.TrainTicketTwoStageTest_1778271990929.Flow_Scenario_178","test_positive_flow_S178_v18","test_positive_flow_S178_v18","Microservice test scenario with 1 steps."
"failed","Sat May 09 00:45:28 CDT 2026","Sat May 09 00:45:33 CDT 2026","5083","ts-travel2-service","Flow_Scenario_749 | POST /api/v1/travel2service/trips/left","[Fault: POST__api_v1_travel2service_trips_left] SEMANTIC_MISMATCH (v24)","trainticket_twostage_test.TrainTicketTwoStageTest_1778271990929.Flow_Scenario_749","test_negative_flow_S749_v24_fault_Root1_SEMANTIC_MISMATCH","test_negative_flow_S749_v24_fault_Root1_SEMANTIC_MISMATCH","Microservice test scenario with 1 steps."
"failed","Fri May 08 23:27:10 CDT 2026","Fri May 08 23:27:19 CDT 2026","9233","ts-order-other-service","Flow_Scenario_475 | POST /api/v1/orderOtherService/orderOther/refresh","[Fault: POST__api_v1_orderOtherService_orderOther_refresh] OVERFLOW (v123)","trainticket_twostage_test.TrainTicketTwoStageTest_1778271990929.Flow_Scenario_475","test_negative_flow_S475_v123_fault_Root1_OVERFLOW","test_negative_flow_S475_v123_fault_Root1_OVERFLOW","Microservice test scenario with 1 steps."
"failed","Sat May 09 02:33:15 CDT 2026","Sat May 09 02:33:23 CDT 2026","8541","ts-admin-basic-info-service","Flow_Scenario_178 | PUT /api/v1/adminbasicservice/adminbasic/trains","[Valid] v7","trainticket_twostage_test.TrainTicketTwoStageTest_1778271990929.Flow_Scenario_178","test_positive_flow_S178_v7","test_positive_flow_S178_v7","Microservice test scenario with 1 steps."
"failed","Fri May 08 23:29:53 CDT 2026","Fri May 08 23:29:58 CDT 2026","5047","ts-order-other-service","Flow_Scenario_475 | POST /api/v1/orderOtherService/orderOther/refresh","[Fault: POST__api_v1_orderOtherService_orderOther_refresh] SEMANTIC_MISMATCH (v264)","trainticket_twostage_test.TrainTicketTwoStageTest_1778271990929.Flow_Scenario_475","test_negative_flow_S475_v264_fault_Root1_SEMANTIC_MISMATCH","test_negative_flow_S475_v264_fault_Root1_SEMANTIC_MISMATCH","Microservice test scenario with 1 steps."
"passed","Sat May 09 01:40:27 CDT 2026","Sat May 09 01:40:40 CDT 2026","12723","ts-admin-basic-info-service","Flow_Scenario_3 | POST /api/v1/adminbasicservice/adminbasic/trains","[Fault: POST__api_v1_adminbasicservice_adminbasic_trains] TYPE_MISMATCH (v138)","trainticket_twostage_test.TrainTicketTwoStageTest_1778271990929.Flow_Scenario_3","test_negative_flow_S3_v138_fault_Root1_TYPE_MISMATCH","test_negative_flow_S3_v138_fault_Root1_TYPE_MISMATCH","Microservice test scenario with 1 steps."
"failed","Sat May 09 00:22:39 CDT 2026","Sat May 09 00:22:52 CDT 2026","12606","ts-admin-basic-info-service","Flow_Scenario_1040 | POST /api/v1/adminbasicservice/adminbasic/stations","[Valid] v30","trainticket_twostage_test.TrainTicketTwoStageTest_1778271990929.Flow_Scenario_1040","test_positive_flow_S1040_v30","test_positive_flow_S1040_v30","Microservice test scenario with 1 steps."
"passed","Sat May 09 01:05:57 CDT 2026","Sat May 09 01:06:10 CDT 2026","12711","ts-consign-service","Flow_Scenario_894 | GET /api/v1/consignservice/consigns/order/{id}","[Fault: GET__api_v1_consignservice_consigns_order__id_] EMPTY_INPUT (v35)","trainticket_twostage_test.TrainTicketTwoStageTest_1778271990929.Flow_Scenario_894","test_negative_flow_S894_v35_fault_Root1_EMPTY_INPUT","test_negative_flow_S894_v35_fault_Root1_EMPTY_INPUT","Microservice test scenario with 1 steps."
"failed","Sat May 09 02:24:06 CDT 2026","Sat May 09 02:24:19 CDT 2026","12923","ts-admin-basic-info-service","Flow_Scenario_178 | PUT /api/v1/adminbasicservice/adminbasic/trains","[Valid] v62","trainticket_twostage_test.TrainTicketTwoStageTest_1778271990929.Flow_Scenario_178","test_positive_flow_S178_v62","test_positive_flow_S178_v62","Microservice test scenario with 1 steps."
"passed","Sat May 09 01:40:01 CDT 2026","Sat May 09 01:40:14 CDT 2026","13130","ts-admin-basic-info-service","Flow_Scenario_3 | POST /api/v1/adminbasicservice/adminbasic/trains","[Fault: POST__api_v1_adminbasicservice_adminbasic_trains] SEMANTIC_MISMATCH (v125)","trainticket_twostage_test.TrainTicketTwoStageTest_1778271990929.Flow_Scenario_3","test_negative_flow_S3_v125_fault_Root1_SEMANTIC_MISMATCH","test_negative_flow_S3_v125_fault_Root1_SEMANTIC_MISMATCH","Microservice test scenario with 1 steps."
"passed","Sat May 09 00:14:49 CDT 2026","Sat May 09 00:14:59 CDT 2026","10119","ts-travel-plan-service","Flow_Scenario_276 | POST /api/v1/travelplanservice/travelPlan/cheapest","[Fault: POST__api_v1_travelplanservice_travelPlan_cheapest] SPECIAL_CHARACTERS (v58)","trainticket_twostage_test.TrainTicketTwoStageTest_1778271990929.Flow_Scenario_276","test_negative_flow_S276_v58_fault_Root1_SPECIAL_CHARACTERS","test_negative_flow_S276_v58_fault_Root1_SPECIAL_CHARACTERS","Microservice test scenario with 1 steps."
"passed","Sat May 09 01:37:51 CDT 2026","Sat May 09 01:38:04 CDT 2026","13464","ts-admin-basic-info-service","Flow_Scenario_3 | POST /api/v1/adminbasicservice/adminbasic/trains","[Fault: POST__api_v1_adminbasicservice_adminbasic_trains] SEMANTIC_MISMATCH (v143)","trainticket_twostage_test.TrainTicketTwoStageTest_1778271990929.Flow_Scenario_3","test_negative_flow_S3_v143_fault_Root1_SEMANTIC_MISMATCH","test_negative_flow_S3_v143_fault_Root1_SEMANTIC_MISMATCH","Microservice test scenario with 1 steps."
"passed","Sat May 09 01:49:53 CDT 2026","Sat May 09 01:50:07 CDT 2026","13459","ts-admin-basic-info-service","Flow_Scenario_3 | POST /api/v1/adminbasicservice/adminbasic/trains","[Fault: POST__api_v1_adminbasicservice_adminbasic_trains] TYPE_MISMATCH (v87)","trainticket_twostage_test.TrainTicketTwoStageTest_1778271990929.Flow_Scenario_3","test_negative_flow_S3_v87_fault_Root1_TYPE_MISMATCH","test_negative_flow_S3_v87_fault_Root1_TYPE_MISMATCH","Microservice test scenario with 1 steps."
